web_scraper_order,brand_raw,model_raw,reference_number_raw,movement_type,condition_category,seller_type,case_material_clean,bracelet_material_clean,material_category,country,city,price,year,age,has_box,has_papers,has_complete_set,is_professional
1766787541-2,Rolex,Datejust 31,278274,Automatic,New,Professional dealer,Steel,Steel,Steel,Netherlands,Franeker,11415.0,2023.0,1.0,1,1,1,1
1766787544-3,Rolex,Cellini Danaos,4233,Manual,Fair,Professional dealer,Rose gold,Unknown,Rose Gold,United States of America,New York City,5248.0,2010.0,14.0,1,1,1,1
1766787546-4,Rolex,GMT-Master II,126720VTNR,Automatic,Very Good,Partner Certified Included,Steel,Steel,Steel,Netherlands,Franeker,14745.0,2024.0,0.0,1,1,1,0
1766787548-5,Rolex,Sea-Dweller,"1665
                     
                        (Sea-Dweller (up to 1989))",Automatic,Very Good,Professional dealer,Steel,Steel,Steel,United States of America,Colorado,23009.0,1979.0,45.0,1,1,1,1
1766787550-6,Rolex,Explorer,"124270
                     
                        (Arabic Dial)",Automatic,Very Good,Partner Certified Included,Steel,Steel,Steel,Netherlands,Franeker,7132.0,2022.0,2.0,1,1,1,0
1766787552-7,Rolex,Cellini Danaos,"4233
                     
                        (Arabic Dial)",Manual,Fair,Professional dealer,White gold,Unknown,White Gold,United States of America,New York City,5248.0,2010.0,14.0,1,1,1,1
1766787554-8,Rolex,Oyster Perpetual 41,124300,Automatic,Very Good,Partner Certified Included,Steel,Steel,Steel,United States of America,Massachusetts,8800.0,,,1,1,1,0
1766787556-9,Rolex,Daytona,116503,Automatic,Very Good,Partner Certified Included,Yellow gold and steel,Unknown,Gold/Steel,United States of America,Massachusetts,19295.0,,,1,1,1,0
1766787558-10,Rolex,Submariner Date,"1680
                     
                        (Submariner Vintage)",Automatic,Very Good,Partner Certified Included,Steel,Unknown,Steel,United States of America,Massachusetts,10899.0,,,1,1,1,0
1766787560-11,Rolex,Day-Date 36,18239,Automatic,Very Good,Partner Certified Included,White gold,Unknown,White Gold,United States of America,Massachusetts,16066.0,,,1,1,1,0
1766787563-12,Rolex,Datejust 31,"178274
                     
                        (Datejust Diamonds)",Automatic,Very Good,Partner Certified Included,Steel,Unknown,Steel,United States of America,Massachusetts,9284.0,,,1,1,1,0
1766787565-13,Rolex,Submariner Date,"16800
                     
                        (Submariner Vintage)",Automatic,Very Good,Partner Certified Included,Steel,Unknown,Steel,United States of America,Massachusetts,11222.0,,,1,1,1,0
1766787567-14,Rolex,Sky-Dweller,326934,Automatic,Very Good,Partner Certified Included,Steel,Steel,Steel,United States of America,Massachusetts,14451.0,,,1,1,1,0
1766787569-15,Rolex,Explorer,"214270
                     
                        (Arabic Dial)",Automatic,Very Good,Partner Certified Included,Steel,Steel,Steel,Netherlands,Franeker,6657.0,2015.0,9.0,1,1,1,0
1766787571-16,Rolex,Datejust 41,"126300
                     
                        (Datejust smooth bezel)",Automatic,New,Professional dealer,Steel,Steel,Steel,Netherlands,Franeker,10230.0,,,1,1,1,1
1766787573-17,Rolex,Submariner Date,126613LN,Automatic,New,Professional dealer,Gold/Steel,Gold/Steel,Gold/Steel,United States of America,New Jersey,16065.0,,,1,1,1,1
1766787575-18,Rolex,Yacht-Master 40,126622,Automatic,Very Good,Partner Certified Included,Steel,Steel,Steel,Netherlands,Franeker,12609.0,2024.0,0.0,1,1,1,0
1766787578-19,Rolex,Datejust 31,278383RBR,Automatic,Very Good,Professional dealer,Gold/Steel,Gold/Steel,Gold/Steel,United States of America,New York,19376.0,,,1,1,1,1
1766787580-20,Rolex,Explorer II,226570,Automatic,Fair,Professional dealer,Steel,Steel,Steel,United States of America,New York,9062.0,,,1,1,1,1
1766787582-21,Rolex,Datejust 41,126300,Automatic,Very Good,Partner Certified Included,Steel,Steel,Steel,United States of America,Michigan,11694.0,2023.0,1.0,1,1,1,0
1766787584-22,Rolex,Datejust 41,126333,Automatic,Very Good,Professional dealer,Yellow gold,Gold/Steel,Yellow Gold,United States of America,Los Angeles,14492.0,2022.0,2.0,1,1,1,1
1766787586-23,Rolex,Sea-Dweller,"126600
                     
                        (Sea-Dweller (from 2017))",Automatic,Very Good,Professional dealer,Steel,Steel,Steel,United States of America,North Carolina,11694.0,2024.0,0.0,1,1,1,1
1766787588-24,Rolex,1908,"52508
                     
                        (Arabic Dial)",Automatic,Very Good,Professional dealer,Yellow gold,Leather,Yellow Gold,United States of America,Massachusetts,21394.0,2024.0,0.0,1,1,1,1
1766787590-25,Rolex,Yacht-Master 40,126622,Automatic,Very Good,Partner Certified Included,Steel,Steel,Steel,United States of America,Michigan,12159.0,2022.0,2.0,1,1,1,0
1766787592-26,Rolex,Daytona,"116520
                     
                        (Daytona (1988-2015))",Automatic,New,Professional dealer,Steel,Steel,Steel,United States of America,New York,35438.0,,,1,1,1,1
1766787594-27,Rolex,GMT-Master,1675,Automatic,Good,Professional dealer,Steel,Steel,Steel,United States of America,Colorado,46018.0,1978.0,46.0,1,1,1,1
1766787597-28,Rolex,Datejust 36,,Automatic,Very Good,Partner Certified Included,Steel,Rose gold,Steel,United States of America,New York,5365.0,1970.0,54.0,1,1,1,0
1766787599-29,Rolex,Datejust,,Automatic,Very Good,Professional dealer,Gold/Steel,Gold/Steel,Gold/Steel,Canada,toronto,6136.0,1985.0,39.0,1,1,1,1
1766787601-30,Rolex,Lady-Datejust,79173,Automatic,Very Good,Partner Certified Included,Gold/Steel,Gold/Steel,Gold/Steel,United States of America,New York,5490.0,1999.0,25.0,1,1,1,0
1766787603-31,Rolex,GMT-Master II,126710GRNR,Automatic,New,Professional dealer,Steel,Steel,Steel,United States of America,New York,17640.0,,,1,1,1,1
1766787605-32,Rolex,Submariner Date,116610LV,Automatic,New,Professional dealer,Steel,Steel,Steel,United States of America,New York,24135.0,,,1,1,1,1
1766787608-33,Rolex,GMT-Master II,"126710GRNR
                     
                        (Bruce Wayne)",Unknown,New,Private Seller,Steel,Steel,Steel,France,Unknown,18556.0,,,1,1,1,0
1766787610-34,Rolex,Sky-Dweller,336934,Automatic,New,Professional dealer,Steel,Steel,Steel,United States of America,Illinois,17261.0,2023.0,1.0,1,1,1,1
1766787612-35,Rolex,GMT-Master,"1675
                     
                        (Two-tone)",Unknown,New,Private Seller,Gold/Steel,Gold/Steel,Gold/Steel,Italy,Unknown,20935.0,1973.0,51.0,1,1,1,0
1766787614-36,Rolex,Explorer II,226570,Automatic,Good,Private Seller,Steel,Steel,Steel,Netherlands,Unknown,9516.0,2024.0,0.0,1,1,1,0
1766787616-37,Rolex,Daytona,116503,Automatic,Very Good,Professional dealer,Gold/Steel,Gold/Steel,Gold/Steel,Italy,Monza,18937.0,2021.0,3.0,1,1,1,1
1766787618-38,Rolex,Daytona,126508,Automatic,Very Good,Partner Certified Included,Yellow gold,Yellow gold,Yellow Gold,United States of America,Michigan,54011.0,,,1,1,1,0
1766787620-39,Rolex,Lady-Datejust,"69178
                     
                        (Presidential)",Automatic,Very Good,Professional dealer,Yellow gold,Yellow gold,Yellow Gold,United States of America,New York,8316.0,,,1,1,1,1
1766787622-40,Rolex,Yacht-Master,168623,Automatic,Very Good,Professional dealer,Gold/Steel,Gold/Steel,Gold/Steel,Germany,09557 Flöha,7727.0,2001.0,23.0,1,1,1,1
1766787624-41,Rolex,Datejust 36,126234,Automatic,New,Professional dealer,Steel,Steel,Steel,United States of America,Virginia,11577.0,,,1,1,1,1
1766787627-42,Rolex,Submariner Date,126610lv,Automatic,New,Private Seller,Steel,Steel,Steel,Canada,Unknown,12332.0,2020.0,4.0,1,1,1,0
1766787629-43,Rolex,Explorer II,"16570
                     
                        (Explorer II 16570 Black)",Automatic,Good,Professional dealer,Steel,Steel,Steel,United States of America,New York,5570.0,1995.0,29.0,1,1,1,1
1766787631-44,Rolex,GMT-Master II,126710BLNR,Automatic,New,Private Seller,Steel,Steel,Steel,Canada,Unknown,14692.0,2020.0,4.0,1,1,1,0
1766787633-45,Rolex,GMT-Master II,126710VTNR,Automatic,New,Private Seller,Unknown,Steel,Other,Canada,Unknown,13866.0,2024.0,0.0,1,1,1,0
1766787635-46,Rolex,Datejust 41,"126334
                     
                        (Jubilee)",Automatic,Very Good,Private Seller,Steel,Steel,Steel,Germany,Unknown,14274.0,2022.0,2.0,1,1,1,0
1766787637-47,Rolex,Sea-Dweller Deepsea,126660,Automatic,Very Good,Professional dealer,Steel,Steel,Steel,United States of America,New York,9122.0,2020.0,4.0,1,1,1,1
1766787639-48,Rolex,Lady-Datejust,"69178
                     
                        (Datejust No Numerals)",Automatic,Very Good,Professional dealer,Yellow gold,Yellow gold,Yellow Gold,United States of America,New York,8235.0,1975.0,49.0,1,1,1,1
1766787642-49,Rolex,Sea-Dweller 4000,"116600
                     
                        (Sea-Dweller (1989-2017))",Automatic,Very Good,Private Seller,Steel,Steel,Steel,United States of America,Texas,10576.0,2014.0,10.0,1,1,1,0
1766787644-50,Rolex,Submariner (No Date),5513,Automatic,Good,Professional dealer,Steel,Steel,Steel,Australia,Balmain,20020.0,1967.0,57.0,1,1,1,1
1766787646-51,Rolex,GMT-Master,1675,Automatic,Very Good,Professional dealer,Steel,Steel,Steel,Australia,Balmain,9740.0,1977.0,47.0,1,1,1,1
1766787648-52,Rolex,Datejust 41,"126334
                     
                        (Jubilee)",Automatic,New,Professional dealer,Steel,Steel,Steel,United States of America,Virginia,14653.0,,,1,1,1,1
1766787650-53,Rolex,Land-Dweller,"127335
                     
                        (Everose)",Automatic,New,Private Seller,Rose gold,Rose gold,Rose Gold,United States of America,North Carolina,58855.0,,,1,1,1,0
1766787652-54,Rolex,Submariner Date,126610lv,Automatic,New,Professional dealer,Steel,Steel,Steel,Belgium,Oud-Turnhout,13275.0,,,1,1,1,1
1766787654-55,Rolex,Oyster Perpetual 36,"126000
                     
                        (Tiffany)",Automatic,Very Good,Professional dealer,Steel,Steel,Steel,United States of America,Tennessee,11262.0,2023.0,1.0,1,1,1,1
1766787656-56,Rolex,Daytona,126500ln,Automatic,New,Professional dealer,Steel,Steel,Steel,Belgium,Oud-Turnhout,25646.0,,,1,1,1,1
1766787658-57,Rolex,GMT-Master II,126710BLNR,Automatic,Very Good,Partner Certified Included,Steel,Steel,Steel,United States of America,Michigan,15687.0,,,1,1,1,0
1766787661-58,Rolex,Lady-Datejust,179173,Automatic,Very Good,Partner Certified Included,Gold/Steel,Gold/Steel,Gold/Steel,United States of America,New York,6862.0,2014.0,10.0,1,1,1,0
1766787663-59,Rolex,GMT-Master II,"126710BLRO
                     
                        (Pepsi)",Automatic,New,Professional dealer,Steel,Steel,Steel,Belgium,Oud-Turnhout,19936.0,,,1,1,1,1
1766787665-60,Rolex,GMT-Master II,126710GRNR,Automatic,Very Good,Professional dealer,Steel,Steel,Steel,United States of America,Tennessee,18528.0,2024.0,0.0,1,1,1,1
1766787667-61,Rolex,Datejust 31,278271,Automatic,New,Professional dealer,Gold/Steel,Gold/Steel,Gold/Steel,United States of America,New Jersey,16954.0,,,1,1,1,1
1766787669-62,Rolex,Submariner Date,126613LB,Automatic,Very Good,Professional dealer,Steel,Gold/Steel,Steel,United States of America,New York,15639.0,2023.0,1.0,1,1,1,1
1766787671-63,Rolex,Submariner (No Date),"14060M
                     
                        (Submariner (1990-2010))",Automatic,Very Good,Professional dealer,Steel,Steel,Steel,United States of America,New York,7734.0,2008.0,16.0,1,1,1,1
1766787673-64,Rolex,Sea-Dweller Deepsea,126660,Automatic,Very Good,Professional dealer,Steel,Steel,Steel,United States of America,New York,11110.0,2022.0,2.0,1,1,1,1
1766787676-65,Rolex,Submariner Date,16613T,Automatic,Very Good,Professional dealer,Steel,Gold/Steel,Steel,United States of America,New York,10369.0,2008.0,16.0,1,1,1,1
1766787678-66,Rolex,Oyster Perpetual 41,"124300
                     
                        (Red Face)",Automatic,Very Good,Professional dealer,Steel,Steel,Steel,United States of America,New York,7816.0,2022.0,2.0,1,1,1,1
1766787680-67,Rolex,Yacht-Master II,116680,Automatic,Very Good,Professional dealer,Steel,Steel,Steel,United States of America,New York,14404.0,2020.0,4.0,1,1,1,1
1766787682-68,Rolex,Sea-Dweller Deepsea,126660,Automatic,Very Good,Professional dealer,Steel,Steel,Steel,United States of America,New York,9051.0,2019.0,5.0,1,1,1,1
1766787684-69,Rolex,Datejust 41,126300,Automatic,Very Good,Professional dealer,Steel,Steel,Steel,United States of America,New York,9051.0,2024.0,0.0,1,1,1,1
1766787686-70,Rolex,Datejust 36,16220,Automatic,Very Good,Professional dealer,Steel,Steel,Steel,United States of America,New York,5510.0,2001.0,23.0,1,1,1,1
1766787688-71,Rolex,Yacht-Master II,116680,Automatic,Very Good,Professional dealer,Steel,Steel,Steel,United States of America,New York,12757.0,2015.0,9.0,1,1,1,1
1766787690-72,Rolex,Lady-Datejust,69173,Automatic,Very Good,Professional dealer,Steel,Gold/Steel,Steel,United States of America,New York,5757.0,,,1,1,1,1
1766787692-73,Rolex,Datejust 41,126331,Automatic,Very Good,Professional dealer,Steel,Gold/Steel,Steel,United States of America,New York,11851.0,2023.0,1.0,1,1,1,1
1766787694-74,Rolex,Daytona,116523,Automatic,Very Good,Professional dealer,Steel,Gold/Steel,Steel,United States of America,New York,14321.0,2002.0,22.0,1,1,1,1
1766787697-75,Rolex,Datejust 41,126331,Automatic,Very Good,Professional dealer,Steel,Gold/Steel,Steel,United States of America,New York,13992.0,2024.0,0.0,1,1,1,1
1766787699-76,Rolex,Submariner Date,16610,Automatic,Very Good,Professional dealer,Steel,Steel,Steel,United States of America,New York,7981.0,2008.0,16.0,1,1,1,1
1766787702-77,Rolex,Datejust 41,126333,Automatic,New,Private Seller,Yellow gold,Gold/Steel,Yellow Gold,United States of America,North Carolina,17761.0,,,1,1,1,0
1766787704-78,Rolex,Explorer,"214270
                     
                        (Arabic Dial)",Automatic,Good,Professional dealer,Steel,Steel,Steel,United States of America,Connecticut,7306.0,2020.0,4.0,1,1,1,1
1766787706-79,Rolex,Datejust 36,16233,Automatic,Good,Professional dealer,Gold/Steel,Gold/Steel,Gold/Steel,United States of America,Connecticut,7386.0,1989.0,35.0,1,1,1,1
1766787708-80,Rolex,Lady-Datejust,79174,Automatic,Very Good,Partner Certified Included,Steel,Steel,Steel,United States of America,California,4033.0,2005.0,19.0,1,1,1,0
1766787710-81,Rolex,Day-Date II,"218238
                     
                        (Day-Date Roman numerals)",Automatic,Very Good,Professional dealer,Yellow gold,Yellow gold,Yellow Gold,United States of America,California,36241.0,2014.0,10.0,1,1,1,1
1766787712-82,Rolex,Datejust 41,"126333
                     
                        (Two-tone)",Automatic,Very Good,Private Seller,Yellow gold,Gold/Steel,Yellow Gold,United States of America,North Carolina,15339.0,,,1,1,1,0
1766787715-83,Rolex,Lady-Datejust,69178,Automatic,Very Good,Partner Certified Included,Yellow gold,Yellow gold,Yellow Gold,United States of America,California,10088.0,1986.0,38.0,1,1,1,0
1766787717-84,Rolex,Lady-Datejust,69178,Automatic,Very Good,Partner Certified Included,Yellow gold,Yellow gold,Yellow Gold,United States of America,California,10088.0,1991.0,33.0,1,1,1,0
1766787719-85,Rolex,GMT-Master II,16710,Automatic,Very Good,Partner Certified Included,Steel,Steel,Steel,United States of America,California,11299.0,1996.0,28.0,1,1,1,0
1766787721-86,Rolex,Yacht-Master 40,16622,Automatic,Very Good,Partner Certified Included,Steel,Steel,Steel,United States of America,California,6858.0,2008.0,16.0,1,1,1,0
1766787723-87,Rolex,GMT-Master II,"126710BLNR
                     
                        (Batman)",Automatic,Very Good,Partner Certified Included,Steel,Steel,Steel,United States of America,California,14124.0,2023.0,1.0,1,1,1,0
1766787726-88,Rolex,Datejust 31,"178274
                     
                        (Jubilee)",Automatic,Very Good,Partner Certified Included,Steel,Steel,Steel,United States of America,California,8877.0,2018.0,6.0,1,1,1,0
1766787728-89,Rolex,Submariner Date,"116610LN
                     
                        (Submariner Ceramic Bezel Dark)",Automatic,Very Good,Professional dealer,Steel,Steel,Steel,United States of America,Florida,10249.0,2018.0,6.0,1,1,1,1
1766787730-90,Rolex,Datejust 31,278344RBR,Automatic,New,Professional dealer,Gold/Steel,Steel,Gold/Steel,United States of America,Nevada,13846.0,,,1,1,1,1
1766787732-91,Rolex,Oyster Perpetual 41,124300-0006,Automatic,Very Good,Professional dealer,Steel,Steel,Steel,United States of America,Florida,7504.0,2024.0,0.0,1,1,1,1
1766787734-92,Rolex,GMT-Master II,116748 SARU,Automatic,Good,Professional dealer,Yellow gold,Yellow gold,Yellow Gold,United States of America,California,72983.0,2013.0,11.0,1,1,1,1
1766787736-93,Rolex,Datejust 31,278271,Automatic,New,Professional dealer,Gold/Steel,Gold/Steel,Gold/Steel,United States of America,Nevada,14694.0,,,1,1,1,1
1766787738-94,Rolex,Datejust 41,126333,Automatic,Very Good,Professional dealer,Gold/Steel,Gold/Steel,Gold/Steel,United States of America,Florida,14609.0,2020.0,4.0,1,1,1,1
1766787740-95,Rolex,Day-Date 40,"228239
                     
                        (Day-Date Roman numerals)",Automatic,New,Professional dealer,White gold,White gold,White Gold,United States of America,Nevada,45049.0,,,1,1,1,1
1766787742-96,Rolex,Submariner Date,116613LB,Automatic,Very Good,Professional dealer,Gold/Steel,Gold/Steel,Gold/Steel,United States of America,Florida,12268.0,2014.0,10.0,1,1,1,1
1766787744-97,Rolex,Oyster Perpetual 36,"126000
                     
                        (Tiffany)",Automatic,New,Professional dealer,Steel,Steel,Steel,United States of America,Florida,12070.0,2024.0,0.0,1,1,1,1
1766787747-98,Rolex,1908,"52508
                     
                        (Arabic Dial)",Automatic,New,Professional dealer,Yellow gold,Leather,Yellow Gold,United States of America,Michigan,36903.0,,,1,1,1,1
1766787749-99,Rolex,Submariner Date,"126610LN
                     
                        (Submariner Ceramic Bezel Dark)",Automatic,Very Good,Partner Certified Included,Steel,Steel,Steel,Germany,Barsinghausen,11894.0,2023.0,1.0,1,1,1,0
1766787751-100,Rolex,Datejust 41,"126300
                     
                        (Datejust smooth bezel)",Automatic,Very Good,Professional dealer,Steel,Steel,Steel,United States of America,Florida,8312.0,2022.0,2.0,1,1,1,1
1766787753-101,Rolex,Lady-Datejust,279174,Automatic,Very Good,Professional dealer,Steel,Steel,Steel,United States of America,Florida,8554.0,2024.0,0.0,1,1,1,1
1766787755-102,Rolex,GMT-Master II,126710BLNR,Automatic,Very Good,Private Seller,Steel,Steel,Steel,United States of America,California,15985.0,,,1,1,1,0
1766787757-103,Rolex,Day-Date 40,228238,Automatic,New,Professional dealer,Yellow gold,Yellow gold,Yellow Gold,United States of America,Nevada,62327.0,,,1,1,1,1
1766787759-104,Rolex,,17013,Quartz,Very Good,Partner Certified Included,Gold/Steel,Gold/Steel,Gold/Steel,Germany,Barsinghausen,7612.0,1997.0,27.0,1,1,1,0
1766787761-105,Rolex,Submariner (No Date),"14060M
                     
                        (Submariner (1990-2010))",Automatic,New,Private Seller,Steel,Steel,Steel,Luxembourg,Unknown,11895.0,2007.0,17.0,1,1,1,0
1766787763-106,Rolex,Daytona,"116528
                     
                        (Daytona (1988-2015))",Automatic,Very Good,Private Seller,Yellow gold,Yellow gold,Yellow Gold,Italy,Unknown,35210.0,2012.0,12.0,1,1,1,0
1766787766-107,Rolex,Datejust 41,126331,Automatic,Very Good,Professional dealer,Rose gold and steel,Gold/Steel,Gold/Steel,United States of America,New York,16289.0,2024.0,0.0,1,1,1,1
1766787768-108,Rolex,Sky-Dweller,"326935
                     
                        (Everose)",Automatic,Very Good,Professional dealer,Rose gold,Rose gold,Rose Gold,United States of America,New York,39463.0,,,1,1,1,1
1766787770-109,Rolex,Sea-Dweller,"126600
                     
                        (Sea-Dweller (from 2017))",Automatic,Very Good,Professional dealer,Steel,Steel,Steel,United States of America,New York,12427.0,2024.0,0.0,1,1,1,1
1766787772-110,Rolex,Daytona,"126525LN
                     
                        (Everose)",Automatic,New,Professional dealer,Rose gold,Rose gold,Rose Gold,United States of America,New York,205626.0,,,1,1,1,1
1766787774-111,Rolex,Yacht-Master II,"116681
                     
                        (Two-tone)",Automatic,Very Good,Professional dealer,Rose gold and steel,Gold/Steel,Gold/Steel,United States of America,New York,19312.0,2015.0,9.0,1,1,1,1
1766787776-112,Rolex,Sky-Dweller,"326135
                     
                        (Everose)",Automatic,Unknown,Professional dealer,Rose gold,Leather,Rose Gold,United States of America,New York,25183.0,,,1,1,1,1
1766787778-113,Rolex,Day-Date Oysterquartz,19018,Quartz,Very Good,Professional dealer,Yellow gold,Yellow gold,Yellow Gold,United States of America,New York,14268.0,,,1,1,1,1
1766787780-114,Rolex,Daytona,126518 LN,Automatic,New,Professional dealer,Yellow gold,Rubber,Yellow Gold,United States of America,New York,83958.0,,,1,1,1,1
1766787783-115,Rolex,Submariner Date,"16610 LN
                     
                        (Submariner (1990-2010))",Automatic,Unknown,Professional dealer,Steel,Steel,Steel,United States of America,New York,9230.0,,,1,1,1,1
1766787785-116,Rolex,Sea-Dweller 4000,16600,Automatic,Unknown,Professional dealer,Steel,Steel,Steel,United States of America,New York,7551.0,,,1,1,1,1
1766787787-117,Rolex,Daytona,116500 LN,Automatic,Unknown,Professional dealer,Steel,Steel,Steel,United States of America,New York,24344.0,,,1,1,1,1
1766787789-118,Rolex,Submariner (No Date),124060 LN,Automatic,Unknown,Professional dealer,Steel,Steel,Steel,United States of America,New York,10909.0,,,1,1,1,1
1766787791-119,Rolex,Datejust 41,126334,Automatic,Very Good,Private Seller,Silver,Steel,Other,United States of America,California,12716.0,2024.0,0.0,1,1,1,0
1766787793-120,Rolex,Daytona,"126505
                     
                        (Everose)",Automatic,New,Professional dealer,Rose gold,Rose gold,Rose Gold,United States of America,Nevada,50378.0,,,1,1,1,1
1766787798-121,Rolex,Yacht-Master 40,116695SATS,Automatic,Unknown,Professional dealer,Rose gold,Rubber,Rose Gold,United States of America,New York,102532.0,,,1,1,1,1
1766787800-122,Rolex,Datejust 41,126331,Automatic,Very Good,Private Seller,Gold/Steel,Gold/Steel,Gold/Steel,Canada,Unknown,15142.0,2022.0,2.0,1,1,1,0
1766787802-123,Rolex,Daytona,116505,Automatic,Very Good,Professional dealer,Red gold,Rose gold,Other,United States of America,California,44065.0,2019.0,5.0,1,1,1,1
1766787804-124,Rolex,Lady-Datejust,69173,Automatic,Fair,Professional dealer,Gold/Steel,Gold/Steel,Gold/Steel,Hong Kong,TSIM SHA TSUI,3634.0,1988.0,36.0,1,1,1,1
1766787806-125,Rolex,Oyster Perpetual 34,124200,Automatic,Very Good,Professional dealer,Steel,Steel,Steel,United States of America,California,5958.0,2022.0,2.0,1,1,1,1
1766787808-126,Rolex,Lady-Datejust,69173,Automatic,Very Good,Professional dealer,Gold/Steel,Gold/Steel,Gold/Steel,United States of America,California,4828.0,1985.0,39.0,1,1,1,1
1766787810-127,Rolex,Explorer,224270,Unknown,Very Good,Professional dealer,Steel,Steel,Steel,Japan,Shinjuku-ku,7610.0,,,1,1,1,1
1766787812-128,Rolex,GMT-Master II,126711CHNR,Unknown,Good,Professional dealer,Gold/Steel,Gold/Steel,Gold/Steel,Japan,Shinjuku-ku,16198.0,,,1,1,1,1
1766787814-129,Rolex,GMT-Master II,126711CHNR,Unknown,Good,Professional dealer,Gold/Steel,Gold/Steel,Gold/Steel,Japan,Shinjuku-ku,16451.0,,,1,1,1,1
1766787817-130,Rolex,GMT-Master II,126710BLNR,Unknown,Good,Professional dealer,Steel,Steel,Steel,Japan,Shinjuku-ku,15271.0,,,1,1,1,1
1766787819-131,Rolex,GMT-Master II,126710BLNR,Unknown,Good,Professional dealer,Steel,Steel,Steel,Japan,Shinjuku-ku,15633.0,,,1,1,1,1
1766787821-132,Rolex,GMT-Master II,126710BLNR,Unknown,Good,Professional dealer,Steel,Steel,Steel,Japan,Shinjuku-ku,15840.0,,,1,1,1,1
1766787823-133,Rolex,Submariner Date,126613LB,Unknown,Good,Professional dealer,Gold/Steel,Gold/Steel,Gold/Steel,Japan,Shinjuku-ku,14795.0,,,1,1,1,1
1766787825-134,Rolex,Submariner Date,126613LB,Unknown,Very Good,Professional dealer,Gold/Steel,Gold/Steel,Gold/Steel,Japan,Shinjuku-ku,14795.0,,,1,1,1,1
1766787827-135,Rolex,Submariner Date,126610LV,Unknown,Good,Professional dealer,Steel,Steel,Steel,Japan,Shinjuku-ku,12672.0,,,1,1,1,1
1766787829-136,Rolex,Explorer,124270,Unknown,Good,Professional dealer,Steel,Titanium,Steel,Japan,Shinjuku-ku,6988.0,,,1,1,1,1
1766787831-137,Rolex,Explorer,"124273
                     
                        (Two-tone)",Unknown,Good,Professional dealer,Gold/Steel,Gold/Steel,Gold/Steel,Japan,Shinjuku-ku,9577.0,,,1,1,1,1
1766787833-138,Rolex,Explorer,224270,Unknown,Very Good,Professional dealer,Steel,Steel,Steel,Japan,Shinjuku-ku,7506.0,,,1,1,1,1
1766787836-139,Rolex,Submariner (No Date),"14060M
                     
                        (Submariner (1990-2010))",Automatic,Very Good,Professional dealer,Steel,Steel,Steel,United States of America,California,7411.0,2008.0,16.0,1,1,1,1
1766787838-140,Rolex,GMT-Master II,16710,Automatic,Very Good,Professional dealer,Steel,Steel,Steel,United States of America,California,9268.0,2002.0,22.0,1,1,1,1
1766787840-141,Rolex,Daytona,16519,Automatic,Very Good,Professional dealer,White gold,Leather,White Gold,United States of America,California,28160.0,1999.0,25.0,1,1,1,1
1766787842-142,Rolex,Lady-Datejust,69173,Automatic,Very Good,Professional dealer,Gold/Steel,Gold/Steel,Gold/Steel,United States of America,California,4747.0,1993.0,31.0,1,1,1,1
1766787844-143,Rolex,Datejust 36,16233,Automatic,Very Good,Professional dealer,Gold/Steel,Gold/Steel,Gold/Steel,United States of America,California,5958.0,1996.0,28.0,1,1,1,1
1766787846-144,Rolex,Day-Date 36,18239,Automatic,Very Good,Professional dealer,White gold,White gold,White Gold,United States of America,California,15727.0,1994.0,30.0,1,1,1,1
1766787848-145,Rolex,Lady-Datejust,"69178
                     
                        (Datejust No Numerals)",Automatic,Very Good,Professional dealer,Yellow gold,Yellow gold,Yellow Gold,United States of America,California,9914.0,1993.0,31.0,1,1,1,1
1766787850-146,Rolex,Submariner (No Date),114060,Unknown,Very Good,Partner Certified Included,Steel,Steel,Steel,Japan,Chuo-ku,9157.0,2018.0,6.0,1,1,1,0
1766787852-147,Rolex,Explorer,114270,Unknown,Very Good,Partner Certified Included,Steel,Steel,Steel,Japan,Chuo-ku,5192.0,2008.0,16.0,1,1,1,0
1766787854-148,Rolex,Datejust 36,116231G,Unknown,Very Good,Partner Certified Included,Gold/Steel,Steel,Gold/Steel,Japan,Chuo-ku,9577.0,2007.0,17.0,1,1,1,0
1766787857-149,Rolex,Datejust 36,116234G,Unknown,Very Good,Partner Certified Included,White gold and steel,Steel,Gold/Steel,Japan,Chuo-ku,8448.0,,,1,1,1,0
1766787859-150,Rolex,Milgauss,116400GV,Unknown,Very Good,Partner Certified Included,Steel,Steel,Steel,Japan,Chuo-ku,7931.0,2019.0,5.0,1,1,1,0
1766787861-151,Rolex,Daytona,116503,Unknown,Very Good,Partner Certified Included,Yellow gold and steel,Steel,Gold/Steel,Japan,Chuo-ku,15783.0,2019.0,5.0,1,1,1,0
1766787863-152,Rolex,Daytona,"116505
                     
                        (Chocolate)",Unknown,Very Good,Partner Certified Included,Unknown,Unknown,Other,Japan,Chuo-ku,38757.0,2019.0,5.0,1,1,1,0
1766787865-153,Rolex,Sea-Dweller,126600,Unknown,Very Good,Partner Certified Included,Steel,Steel,Steel,Japan,Chuo-ku,9908.0,2018.0,6.0,1,1,1,0
1766787867-154,Rolex,Submariner Date,126613LN,Unknown,Very Good,Partner Certified Included,Yellow gold and steel,Steel,Gold/Steel,Japan,Chuo-ku,14287.0,2023.0,1.0,1,1,1,0
1766787869-155,Rolex,Yacht-Master 40,126622,Unknown,Very Good,Partner Certified Included,Steel,Steel,Steel,Japan,Chuo-ku,10850.0,2022.0,2.0,1,1,1,0
1766787871-156,Rolex,Yacht-Master 40,126622,Unknown,Very Good,Partner Certified Included,Steel,Steel,Steel,Japan,Chuo-ku,10990.0,2024.0,0.0,1,1,1,0
1766787873-157,Rolex,Sea-Dweller Deepsea,126660,Unknown,Very Good,Partner Certified Included,Steel,Steel,Steel,Japan,Chuo-ku,8640.0,2022.0,2.0,1,1,1,0
1766787876-158,Rolex,Datejust 36,"16233G
                     
                        (Datejust Diamonds)",Unknown,Very Good,Partner Certified Included,Yellow gold and steel,Steel,Gold/Steel,Japan,Chuo-ku,6792.0,,,1,1,1,0
1766787878-159,Rolex,Datejust 36,"16234G
                     
                        (Datejust Diamonds)",Unknown,Very Good,Partner Certified Included,White gold and steel,Steel,Gold/Steel,Japan,Chuo-ku,6569.0,,,1,1,1,0
1766787880-160,Rolex,Datejust 36,"16234G
                     
                        (Datejust Diamonds)",Unknown,Very Good,Partner Certified Included,White gold and steel,Steel,Gold/Steel,Japan,Chuo-ku,6367.0,2001.0,23.0,1,1,1,0
1766787882-161,Rolex,Lady-Datejust,"179174G
                     
                        (Datejust Diamonds)",Unknown,Very Good,Partner Certified Included,White gold and steel,Steel,Gold/Steel,Japan,Chuo-ku,6098.0,2007.0,17.0,1,1,1,0
1766787884-162,Rolex,Datejust 36,"126233
                     
                        (Datejust Diamonds)",Unknown,Very Good,Partner Certified Included,Yellow gold and steel,Steel,Gold/Steel,Japan,Chuo-ku,13899.0,2021.0,3.0,1,1,1,0
1766787886-163,Rolex,Datejust 41,126333G,Unknown,Very Good,Partner Certified Included,Yellow gold and steel,Steel,Gold/Steel,Japan,Chuo-ku,15695.0,2024.0,0.0,1,1,1,0
1766787888-164,Rolex,Datejust 41,"126331
                     
                        (Chocolate)",Unknown,Very Good,Partner Certified Included,Rose gold and steel,Steel,Gold/Steel,Japan,Chuo-ku,12771.0,2024.0,0.0,1,1,1,0
1766787890-165,Rolex,Daytona,126503,Unknown,Very Good,Partner Certified Included,Yellow gold and steel,Steel,Gold/Steel,Japan,Chuo-ku,20732.0,,,1,1,1,0
1766787892-166,Rolex,Datejust 36,126234G,Unknown,Very Good,Partner Certified Included,White gold and steel,Steel,Gold/Steel,Japan,Chuo-ku,12165.0,2023.0,1.0,1,1,1,0
1766787895-167,Rolex,Lady-Datejust,"179173 2BR
                     
                        (Datejust Diamonds)",Unknown,Very Good,Partner Certified Included,Yellow gold and steel,Steel,Gold/Steel,Japan,Chuo-ku,6755.0,,,1,1,1,0
1766787897-168,Rolex,Yacht-Master 40,126622,Automatic,Good,Professional dealer,Steel,Steel,Steel,Japan,Tokyo,12786.0,2023.0,1.0,1,1,1,1
1766787899-169,Rolex,Lady-Datejust,279173,Automatic,Very Good,Professional dealer,Gold/Steel,Gold/Steel,Gold/Steel,Hong Kong,Kwun Tong,8410.0,,,1,1,1,1
1766787901-170,Rolex,,4951,Automatic,Very Good,Professional dealer,Unknown,Unknown,Other,Hong Kong,Kwun Tong,26245.0,,,1,1,1,1
1766787903-171,Rolex,GMT-Master II,116713LN,Automatic,Very Good,Professional dealer,Gold/Steel,Gold/Steel,Gold/Steel,Hong Kong,Kwun Tong,11005.0,,,1,1,1,1
1766787905-172,Rolex,Datejust 36,"16234
                     
                        (Datejust Diamonds)",Automatic,Very Good,Partner Certified Included,Steel,Steel,Steel,Japan,Shizuoka,5746.0,2000.0,24.0,1,1,1,0
1766787907-173,Rolex,Datejust 36,116233,Automatic,Very Good,Professional dealer,Gold/Steel,Gold/Steel,Gold/Steel,United Kingdom,London,9212.0,2011.0,13.0,1,1,1,1
1766787909-174,Rolex,Lady-Datejust,"69173
                     
                        (Datejust Gold/Steel)",Unknown,Very Good,Partner Certified Included,Gold/Steel,Unknown,Gold/Steel,Germany,Stuttgart-Mitte,6270.0,2001.0,23.0,1,1,1,0
1766787912-175,Rolex,Oyster Perpetual 36,126000,Unknown,New,Professional dealer,Steel,Steel,Steel,Germany,Stuttgart-Mitte,10599.0,,,1,1,1,1
1766787914-176,Rolex,Yacht-Master 40,126622,Unknown,New,Professional dealer,Steel,Steel,Steel,Germany,Stuttgart-Mitte,14364.0,,,1,1,1,1
1766787916-177,Rolex,Datejust 36,126234,Unknown,Very Good,Partner Certified Included,Gold/Steel,Steel,Gold/Steel,Germany,Stuttgart-Mitte,11293.0,2023.0,1.0,1,1,1,0
1766787918-178,Rolex,Datejust 41,"126300
                     
                        (Datejust smooth bezel)",Unknown,Very Good,Partner Certified Included,Steel,Steel,Steel,Germany,Stuttgart-Mitte,9786.0,2019.0,5.0,1,1,1,0
1766787920-179,Rolex,Datejust 36,126234,Unknown,Very Good,Partner Certified Included,Gold/Steel,Steel,Gold/Steel,Germany,Stuttgart-Mitte,14166.0,2022.0,2.0,1,1,1,0
1766787922-180,Rolex,Datejust 41,"126300
                     
                        (Datejust smooth bezel)",Unknown,New,Professional dealer,Steel,Steel,Steel,Germany,Stuttgart-Mitte,10797.0,2024.0,0.0,1,1,1,1
1766787924-181,Rolex,Oyster Perpetual 36,126000,Unknown,New,Professional dealer,Steel,Steel,Steel,Germany,Stuttgart-Mitte,10104.0,,,1,1,1,1
1766787926-182,Rolex,Yacht-Master 37,268621,Unknown,New,Professional dealer,Gold/Steel,Unknown,Gold/Steel,Germany,Stuttgart-Mitte,14166.0,2019.0,5.0,1,1,1,1
1766787928-183,Rolex,Lady-Datejust,"279173
                     
                        (Two-tone)",Unknown,Very Good,Professional dealer,Yellow gold,Unknown,Yellow Gold,United States of America,Pennsylvania,9607.0,2022.0,2.0,1,1,1,1
1766787931-184,Rolex,Datejust 41,126300,Unknown,Very Good,Professional dealer,Steel,Unknown,Steel,United States of America,Pennsylvania,9365.0,2020.0,4.0,1,1,1,1
1766787933-185,Rolex,Submariner Date,116613LB,Automatic,Good,Professional dealer,Gold/Steel,Gold/Steel,Gold/Steel,United States of America,Arizona,11706.0,2012.0,12.0,1,1,1,1
1766787935-186,Rolex,Explorer,114270,Automatic,Very Good,Partner Certified Included,Unknown,Steel,Other,Netherlands,Rotterdam,6138.0,2010.0,14.0,1,1,1,0
1766787937-187,Rolex,Sky-Dweller,326933,Automatic,Very Good,Partner Certified Included,Gold/Steel,Gold/Steel,Gold/Steel,Netherlands,Rotterdam,17081.0,2021.0,3.0,1,1,1,0
1766787939-188,Rolex,Submariner Date,126610LN,Automatic,Very Good,Partner Certified Included,Steel,Steel,Steel,Netherlands,Rotterdam,12609.0,2023.0,1.0,1,1,1,0
1766787941-189,Rolex,GMT-Master II,"116710LN
                     
                        (GMT-Master II black bezel)",Automatic,Very Good,Partner Certified Included,Steel,Steel,Steel,Netherlands,Rotterdam,10896.0,2008.0,16.0,1,1,1,0
1766787943-190,Rolex,Datejust 41,126333,Automatic,Very Good,Partner Certified Included,Gold/Steel,Gold/Steel,Gold/Steel,Netherlands,Rotterdam,12323.0,2022.0,2.0,1,1,1,0
1766787945-191,Rolex,Datejust 41,126333,Automatic,Very Good,Partner Certified Included,Gold/Steel,Gold/Steel,Gold/Steel,Netherlands,Rotterdam,15654.0,2021.0,3.0,1,1,1,0
1766787947-192,Rolex,Yacht-Master 40,126621,Automatic,Very Good,Partner Certified Included,Gold/Steel,Gold/Steel,Gold/Steel,Netherlands,Rotterdam,14036.0,2024.0,0.0,1,1,1,0
1766787950-193,Rolex,Sky-Dweller,"326933
                     
                        (Two-tone)",Automatic,Very Good,Partner Certified Included,Gold/Steel,Gold/Steel,Gold/Steel,Netherlands,Rotterdam,16510.0,2021.0,3.0,1,1,1,0
1766787952-194,Rolex,Daytona,"116518LN
                     
                        (Daytona (from 2016))",Automatic,Very Good,Partner Certified Included,Unknown,Rubber,Other,Netherlands,Rotterdam,36114.0,2018.0,6.0,1,1,1,0
1766787954-195,Rolex,Datejust 41,126331,Automatic,Very Good,Partner Certified Included,Gold/Steel,Gold/Steel,Gold/Steel,Netherlands,Rotterdam,15178.0,2024.0,0.0,1,1,1,0
1766787956-196,Rolex,GMT-Master II,126720VTNR,Automatic,Very Good,Partner Certified Included,Steel,Steel,Steel,Netherlands,Rotterdam,15654.0,2024.0,0.0,1,1,1,0
1766787958-197,Rolex,Datejust 36,"116200
                     
                        (Datejust smooth bezel)",Automatic,Very Good,Partner Certified Included,Unknown,Unknown,Other,Netherlands,Rotterdam,7565.0,2020.0,4.0,1,1,1,0
1766787960-198,Rolex,Datejust 41,126333,Automatic,Very Good,Partner Certified Included,Gold/Steel,Gold/Steel,Gold/Steel,Netherlands,Rotterdam,12799.0,2018.0,6.0,1,1,1,0
1766787962-199,Rolex,Oyster Perpetual Date,115234,Automatic,Very Good,Partner Certified Included,Gold/Steel,Steel,Gold/Steel,Netherlands,Rotterdam,7089.0,2014.0,10.0,1,1,1,0
1766787964-200,Rolex,Daytona,"116500LN
                     
                        (Daytona (from 2016))",Automatic,Very Good,Partner Certified Included,Steel,Steel,Steel,Netherlands,Rotterdam,22791.0,2020.0,4.0,1,1,1,0
1766787967-201,Rolex,Datejust II,"116334
                     
                        (Datejust Gold/Steel)",Automatic,Very Good,Partner Certified Included,Gold/Steel,Unknown,Gold/Steel,Netherlands,Rotterdam,8802.0,2016.0,8.0,1,1,1,0
1766787969-202,Rolex,Datejust 41,126333,Automatic,Very Good,Partner Certified Included,Gold/Steel,Gold/Steel,Gold/Steel,Netherlands,Rotterdam,14988.0,2019.0,5.0,1,1,1,0
1766787971-203,Rolex,Datejust 36,16233,Automatic,Very Good,Professional dealer,Gold/Steel,Gold/Steel,Gold/Steel,Hong Kong,Kwun Tong,5249.0,,,1,1,1,1
1766787973-204,Rolex,Datejust 36,126234,Automatic,Very Good,Private Seller,White gold,Steel,White Gold,Switzerland,Unknown,11140.0,2023.0,1.0,1,1,1,0
1766787975-205,Rolex,Cellini Danaos,"4233
                     
                        (Arabic Dial)",Manual,Very Good,Professional dealer,Yellow gold,Leather,Yellow Gold,United States of America,New Jersey,5891.0,2006.0,18.0,1,1,1,1
1766787977-206,Rolex,Submariner (No Date),124060,Automatic,Very Good,Professional dealer,Steel,Steel,Steel,Japan,Osaka,9662.0,2024.0,0.0,1,1,1,1
1766787979-207,Rolex,Day-Date 36,m118138-0003,Automatic,Very Good,Professional dealer,Yellow gold,Unknown,Yellow Gold,Hong Kong,Kwun Tong,20471.0,,,1,1,1,1
1766787981-208,Rolex,Explorer,124270,Unknown,Very Good,Partner Certified Included,Steel,Steel,Steel,Japan,Chuo-ku,6942.0,2024.0,0.0,1,1,1,0
1766787983-209,Rolex,Submariner Date,16610,Automatic,Very Good,Partner Certified Included,Steel,Steel,Steel,United States of America,Georgia,8477.0,2009.0,15.0,1,1,1,0
1766787986-210,Rolex,Submariner Date,16610,Automatic,Very Good,Partner Certified Included,Steel,Steel,Steel,United States of America,Georgia,8719.0,2009.0,15.0,1,1,1,0
1766787988-211,Rolex,Air King,"14000
                     
                        (Arabic Dial)",Automatic,Very Good,Partner Certified Included,Steel,Steel,Steel,United States of America,Georgia,4069.0,2003.0,21.0,1,1,1,0
1766787990-212,Rolex,Air King,14000,Automatic,Very Good,Partner Certified Included,Steel,Steel,Steel,United States of America,Georgia,3988.0,2003.0,21.0,1,1,1,0
1766787992-213,Rolex,Datejust 36,"116200
                     
                        (Datejust smooth bezel)",Automatic,Very Good,Partner Certified Included,Steel,Steel,Steel,United States of America,Georgia,6273.0,,,1,1,1,0
1766787994-214,Rolex,Lady-Datejust,69278,Automatic,Very Good,Partner Certified Included,Yellow gold,Yellow gold,Yellow Gold,United States of America,Georgia,9696.0,1986.0,38.0,1,1,1,0
1766787996-215,Rolex,Lady-Datejust,69173,Automatic,Very Good,Partner Certified Included,Steel,Gold/Steel,Steel,United States of America,Georgia,6031.0,1993.0,31.0,1,1,1,0
1766787998-216,Rolex,Yacht-Master,"169622
                     
                        (Yacht-Master 29mm)",Automatic,Very Good,Partner Certified Included,Steel,Steel,Steel,United States of America,Georgia,5377.0,2002.0,22.0,1,1,1,0
1766788000-217,Rolex,Lady-Datejust,79173,Automatic,Very Good,Partner Certified Included,Steel,Gold/Steel,Steel,United States of America,Georgia,5538.0,1999.0,25.0,1,1,1,0
1766788002-218,Rolex,Lady-Datejust,"69173
                     
                        (Two-tone)",Automatic,Very Good,Partner Certified Included,Steel,Gold/Steel,Steel,United States of America,Georgia,4804.0,1987.0,37.0,1,1,1,0
1766788004-219,Rolex,Oyster Perpetual 36,116000,Automatic,Very Good,Partner Certified Included,Steel,Steel,Steel,United States of America,Georgia,6112.0,2016.0,8.0,1,1,1,0
1766788007-220,Rolex,Oyster Perpetual 31,"177200
                     
                        (Arabic Dial)",Automatic,Very Good,Partner Certified Included,Steel,Steel,Steel,United States of America,Georgia,5619.0,2009.0,15.0,1,1,1,0
1766788009-221,Rolex,Submariner Date,16610,Automatic,Very Good,Partner Certified Included,Steel,Steel,Steel,United States of America,Georgia,8719.0,2006.0,18.0,1,1,1,0
1766788011-222,Rolex,Sky-Dweller,"326938
                     
                        (Arabic Dial)",Automatic,Very Good,Partner Certified Included,Yellow gold,Yellow gold,Yellow Gold,United States of America,Georgia,33997.0,2015.0,9.0,1,1,1,0
1766788013-223,Rolex,Datejust II,116334,Automatic,Very Good,Partner Certified Included,Steel,Steel,Steel,United States of America,Georgia,7742.0,2010.0,14.0,1,1,1,0
1766788015-224,Rolex,Oyster Perpetual 36,116000,Automatic,Very Good,Partner Certified Included,Steel,Steel,Steel,United States of America,Georgia,6273.0,2015.0,9.0,1,1,1,0
1766788017-225,Rolex,GMT-Master II,"126710
                        (Batman)",Automatic,Very Good,Partner Certified Included,Steel,Steel,Steel,United States of America,Georgia,15977.0,2021.0,3.0,1,1,1,0
1766788019-226,Rolex,Datejust 36,16238,Automatic,Very Good,Partner Certified Included,Yellow gold,Yellow gold,Yellow Gold,United States of America,Georgia,17035.0,2003.0,21.0,1,1,1,0
1766788021-227,Rolex,Day-Date 36,128238,Automatic,Very Good,Partner Certified Included,Yellow gold,Yellow gold,Yellow Gold,United States of America,Georgia,62698.0,2021.0,3.0,1,1,1,0
1766788023-228,Rolex,GMT-Master II,"126710GRNR
                     
                        (Bruce Wayne)",Automatic,New,Professional dealer,Steel,Steel,Steel,United States of America,Georgia,19320.0,,,1,1,1,1
1766788026-229,Rolex,GMT-Master II,126713,Automatic,New,Professional dealer,Steel,Gold/Steel,Steel,United States of America,Georgia,19320.0,,,1,1,1,1
1766788028-230,Rolex,Oyster Perpetual 26,"176200
                     
                        (Arabic Dial)",Automatic,Very Good,Partner Certified Included,Steel,Steel,Steel,United States of America,Georgia,3746.0,2009.0,15.0,1,1,1,0
1766788030-231,Rolex,Day-Date II,"218238
                     
                        (Presidential)",Automatic,Very Good,Partner Certified Included,Yellow gold,Yellow gold,Yellow Gold,United States of America,Georgia,31632.0,,,1,1,1,0
1766788032-232,Rolex,Oyster Perpetual 41,124300,Automatic,Very Good,Partner Certified Included,Steel,Steel,Steel,United States of America,Georgia,8065.0,,,1,1,1,0
1766788034-233,Rolex,Day-Date 40,228238,Automatic,Very Good,Partner Certified Included,Yellow gold,Yellow gold,Yellow Gold,United States of America,Georgia,38647.0,2021.0,3.0,1,1,1,0
1766788036-234,Rolex,Air King,14010,Automatic,Very Good,Partner Certified Included,Steel,Steel,Steel,United States of America,Georgia,3988.0,2000.0,24.0,1,1,1,0
1766788038-235,Rolex,Air King,14000,Automatic,Very Good,Partner Certified Included,Steel,Steel,Steel,United States of America,Georgia,3908.0,1999.0,25.0,1,1,1,0
1766788040-236,Rolex,Daytona,116523,Automatic,Very Good,Partner Certified Included,Yellow gold and steel,Gold/Steel,Gold/Steel,United States of America,Georgia,16873.0,,,1,1,1,0
1766788043-237,Rolex,Air King,14000,Automatic,Very Good,Partner Certified Included,Steel,Steel,Steel,United States of America,Georgia,4069.0,1996.0,28.0,1,1,1,0
1766788045-238,Rolex,Oyster Perpetual,76080,Automatic,Very Good,Partner Certified Included,Steel,Steel,Steel,United States of America,Georgia,2688.0,2001.0,23.0,1,1,1,0
1766788047-239,Rolex,Oyster Perpetual Lady Date,79240,Automatic,Very Good,Partner Certified Included,Steel,Steel,Steel,United States of America,Georgia,3585.0,2000.0,24.0,1,1,1,0
1766788049-240,Rolex,Oyster Perpetual 34,114200,Automatic,Very Good,Partner Certified Included,Steel,Steel,Steel,United States of America,Georgia,5538.0,,,1,1,1,0
1766788054-241,Rolex,Oyster Perpetual 34,"114200
                     
                        (Red Grape)",Automatic,Very Good,Partner Certified Included,Steel,Steel,Steel,United States of America,Georgia,5861.0,,,1,1,1,0
1766788056-242,Rolex,Air King,"114200
                     
                        (Arabic Dial)",Automatic,Very Good,Partner Certified Included,Steel,Steel,Steel,United States of America,Georgia,5046.0,2006.0,18.0,1,1,1,0
1766788058-243,Rolex,Oyster Perpetual 36,"76276
                        (Arabic Dial)",Automatic,Very Good,Partner Certified Included,Steel,Steel,Steel,United States of America,Georgia,5619.0,2010.0,14.0,1,1,1,0
1766788060-244,Rolex,Datejust II,116334,Automatic,Very Good,Partner Certified Included,Steel,Steel,Steel,United States of America,Georgia,8558.0,,,1,1,1,0
1766788062-245,Rolex,Lady-Datejust,"69173
                     
                        (Two-tone)",Automatic,Very Good,Partner Certified Included,Steel,Gold/Steel,Steel,United States of America,Georgia,4723.0,1996.0,28.0,1,1,1,0
1766788064-246,Rolex,Lady-Datejust,69173,Automatic,Very Good,Partner Certified Included,Steel,Gold/Steel,Steel,United States of America,Georgia,5215.0,1995.0,29.0,1,1,1,0
1766788066-247,Rolex,Lady-Datejust,"69173
                     
                        (Two-tone)",Automatic,Very Good,Partner Certified Included,Steel,Gold/Steel,Steel,United States of America,Georgia,4723.0,1987.0,37.0,1,1,1,0
1766788068-248,Rolex,Day-Date 36,18248,Automatic,Very Good,Partner Certified Included,Yellow gold,Yellow gold,Yellow Gold,United States of America,Georgia,17689.0,1991.0,33.0,1,1,1,0
1766788071-249,Rolex,Air King,"14000
                     
                        (Arabic Dial)",Automatic,Very Good,Partner Certified Included,Steel,Steel,Steel,United States of America,Georgia,3908.0,1996.0,28.0,1,1,1,0
1766788073-250,Rolex,GMT-Master,"16700
                     
                        (Coke)",Automatic,Very Good,Partner Certified Included,Steel,Steel,Steel,United States of America,Georgia,10592.0,1999.0,25.0,1,1,1,0
1766788075-251,Rolex,Lady-Datejust,"179171
                     
                        (Datejust Diamonds)",Automatic,Very Good,Partner Certified Included,Steel,Unknown,Steel,United States of America,Georgia,8146.0,2010.0,14.0,1,1,1,0
1766788077-252,Rolex,Lady-Datejust,"179173
                     
                        (Two-tone)",Automatic,Very Good,Partner Certified Included,Steel,Gold/Steel,Steel,United States of America,Georgia,7250.0,2005.0,19.0,1,1,1,0
1766788079-253,Rolex,Lady-Datejust,179383,Automatic,Very Good,Partner Certified Included,Steel,Gold/Steel,Steel,United States of America,Georgia,10512.0,2010.0,14.0,1,1,1,0
1766788081-254,Rolex,Oyster Perpetual 31,"67480
                     
                        (Arabic Dial)",Automatic,Very Good,Partner Certified Included,Steel,Steel,Steel,United States of America,Georgia,3746.0,1995.0,29.0,1,1,1,0
1766788083-255,Rolex,Daytona,116508,Automatic,Very Good,Partner Certified Included,Yellow gold,Yellow gold,Yellow Gold,United States of America,Georgia,40682.0,2021.0,3.0,1,1,1,0
1766788085-256,Rolex,Lady-Datejust,"79178
                     
                        (Datejust Diamonds)",Automatic,Good,Professional dealer,Yellow gold,Yellow gold,Yellow Gold,United States of America,New York,10889.0,2001.0,23.0,1,1,1,1
1766788087-257,Rolex,Oysterdate Precision,6694,Manual,Fair,Professional dealer,Steel,Steel,Steel,Japan,tokyo,1677.0,,,1,1,1,1
1766788089-258,Rolex,Cellini,4112,Manual,Good,Professional dealer,Yellow gold,Leather,Yellow Gold,Japan,tokyo,2443.0,,,1,1,1,1
1766788092-259,Rolex,Datejust 36,1601,Automatic,Fair,Professional dealer,White gold and steel,Steel,Gold/Steel,Japan,tokyo,2902.0,,,1,1,1,1
1766788094-260,Rolex,Air King,5500,Automatic,Fair,Professional dealer,Steel,Steel,Steel,Japan,tokyo,2076.0,,,1,1,1,1
1766788096-261,Rolex,Datejust 36,"16200
                     
                        (Datejust smooth bezel)",Automatic,Very Good,Professional dealer,Steel,Steel,Steel,Japan,tokyo,4676.0,,,1,1,1,1
1766788098-262,Rolex,Explorer,114270,Automatic,Very Good,Professional dealer,Steel,Steel,Steel,Japan,tokyo,5721.0,,,1,1,1,1
1766788100-263,Rolex,Oyster Perpetual,"67183
                     
                        (Two-tone)",Automatic,Very Good,Professional dealer,Yellow gold and steel,Gold/Steel,Gold/Steel,Japan,tokyo,3361.0,,,1,1,1,1
1766788102-264,Rolex,Submariner (No Date),5513,Automatic,Very Good,Professional dealer,Steel,Steel,Steel,Japan,tokyo,7182.0,,,1,1,1,1
1766788104-265,Rolex,Datejust 41,"126333
                     
                        (Jubilee)",Automatic,New,Professional dealer,Yellow gold and steel,Unknown,Gold/Steel,United States of America,Massachusetts,16550.0,,,1,1,1,1
1766788106-266,Rolex,Sea-Dweller Deepsea,"136660
                     
                        (James Cameron)",Automatic,Very Good,Partner Certified Included,Steel,Unknown,Steel,United States of America,Massachusetts,14128.0,,,1,1,1,0
1766788109-267,Rolex,Sea-Dweller Deepsea,"136660
                     
                        (James Cameron)",Automatic,Very Good,Partner Certified Included,Steel,Unknown,Steel,United States of America,Massachusetts,13321.0,,,1,1,1,0
1766788111-268,Rolex,Oyster Perpetual 41,124300,Automatic,Very Good,Partner Certified Included,Steel,Unknown,Steel,United States of America,Massachusetts,8477.0,,,1,1,1,0
1766788113-269,Rolex,GMT-Master II,"126720VTNR
                     
                        (Sprite)",Automatic,New,Professional dealer,Steel,Steel,Steel,United Kingdom,London,14821.0,,,1,1,1,1
1766788115-270,Rolex,,336239,Automatic,Very Good,Partner Certified Included,White gold,Rubber,White Gold,Japan,Osaka,29895.0,,,1,1,1,0
1766788117-271,Rolex,Oyster Perpetual Date,1504/8,Automatic,Very Good,Partner Certified Included,Yellow gold,Crocodile skin,Yellow Gold,Japan,Osaka,10250.0,,,1,1,1,0
1766788119-272,Rolex,Daytona,"126500LN
                     
                        (Panda)",Automatic,Very Good,Professional dealer,Steel,Steel,Steel,Germany,Hamburg,30261.0,2024.0,0.0,1,1,1,1
1766788121-273,Rolex,Lady-Datejust,179165,Automatic,Very Good,Professional dealer,Rose gold,Rose gold,Rose Gold,Germany,Hamburg,15131.0,2006.0,18.0,1,1,1,1
1766788123-274,Rolex,Submariner Date,1680,Automatic,Very Good,Partner Certified Included,Unknown,Unknown,Other,Belgium,Bruxelles,20364.0,1974.0,50.0,1,1,1,0
1766788125-275,Rolex,GMT-Master II,"126710BLRO
                     
                        (Pepsi)",Automatic,Very Good,Partner Certified Included,Unknown,Unknown,Other,Belgium,Bruxelles,18366.0,2020.0,4.0,1,1,1,0
1766788128-276,Rolex,Datejust 36,126200,Automatic,Very Good,Partner Certified Included,Unknown,Unknown,Other,Belgium,Bruxelles,7613.0,2020.0,4.0,1,1,1,0
1766788130-277,Rolex,Datejust 36,"126233
                     
                        (Datejust Gold/Steel)",Automatic,New,Professional dealer,Gold/Steel,Unknown,Gold/Steel,Japan,Fukuoka Chuo-ku,17704.0,,,1,1,1,1
1766788132-278,Rolex,Lady-Datejust,"279174
                     
                        (Datejust Gold/Steel)",Automatic,New,Professional dealer,Gold/Steel,Unknown,Gold/Steel,Japan,Fukuoka Chuo-ku,9059.0,,,1,1,1,1
1766788134-279,Rolex,Datejust 41,"126331G
                     
                        (Chocolate)",Automatic,Good,Professional dealer,Unknown,Unknown,Other,Japan,Fukuoka Chuo-ku,16047.0,,,1,1,1,1
1766788136-280,Rolex,Daytona,"116528G
                     
                        (Daytona (1988-2015))",Automatic,Good,Professional dealer,Yellow gold,Unknown,Yellow Gold,Japan,Fukuoka Chuo-ku,35615.0,,,1,1,1,1
1766788138-281,Rolex,Submariner Date,116610LV,Automatic,Good,Professional dealer,Unknown,Unknown,Other,Japan,Fukuoka Chuo-ku,50730.0,,,1,1,1,1
1766788140-282,Rolex,Datejust 36,126231,Automatic,New,Professional dealer,Unknown,Unknown,Other,Japan,Fukuoka Chuo-ku,16565.0,,,1,1,1,1
1766788142-283,Rolex,Datejust 36,"126233G
                     
                        (Datejust Gold/Steel)",Automatic,Good,Professional dealer,Gold/Steel,Unknown,Gold/Steel,Japan,Fukuoka Chuo-ku,12165.0,,,1,1,1,1
1766788144-284,Rolex,Datejust 41,"126333NG
                     
                        (Datejust Gold/Steel)",Automatic,Good,Professional dealer,Gold/Steel,Unknown,Gold/Steel,Japan,Fukuoka Chuo-ku,17600.0,,,1,1,1,1
1766788147-285,Rolex,Daytona,116508,Automatic,Good,Professional dealer,Yellow gold,Unknown,Yellow Gold,Japan,Fukuoka Chuo-ku,38203.0,,,1,1,1,1
1766788149-286,Rolex,Submariner (No Date),114060,Automatic,Good,Professional dealer,Unknown,Unknown,Other,Japan,Fukuoka Chuo-ku,9732.0,,,1,1,1,1
1766788151-287,Rolex,Daytona,"116503G
                     
                        (Daytona Gold/Steel)",Automatic,Good,Professional dealer,Gold/Steel,Unknown,Gold/Steel,Japan,Fukuoka Chuo-ku,18895.0,,,1,1,1,1
1766788153-288,Rolex,Daytona,126515LNG,Automatic,Good,Professional dealer,Unknown,Unknown,Other,Japan,Fukuoka Chuo-ku,40791.0,,,1,1,1,1
1766788155-289,Rolex,Day-Date 36,118388,Automatic,Good,Professional dealer,Yellow gold,Unknown,Yellow Gold,Japan,Fukuoka Chuo-ku,45554.0,,,1,1,1,1
1766788157-290,Rolex,Air King,"14000M
                     
                        (Arabic Dial)",Automatic,Very Good,Partner Certified Included,Steel,Steel,Steel,Netherlands,Maastricht,5234.0,2003.0,21.0,1,1,1,0
1766788159-291,Rolex,Yacht-Master 37,268622,Automatic,Very Good,Partner Certified Included,Steel,Gold/Steel,Steel,Netherlands,Maastricht,13275.0,2017.0,7.0,1,1,1,0
1766788161-292,Rolex,Air King,"14000M
                     
                        (Arabic Dial)",Automatic,Very Good,Partner Certified Included,Steel,Steel,Steel,Netherlands,Maastricht,5234.0,2002.0,22.0,1,1,1,0
1766788163-293,Rolex,Air King,14000M,Automatic,Very Good,Partner Certified Included,Steel,Steel,Steel,Netherlands,Maastricht,5186.0,2001.0,23.0,1,1,1,0
1766788165-294,Rolex,GMT-Master II,116718,Automatic,Very Good,Partner Certified Included,Yellow gold,Yellow gold,Yellow Gold,United States of America,Florida,35515.0,,,1,1,1,0
1766788168-295,Rolex,Day-Date 36,"1803
                     
                        (Day-Date 36mm (up to 2000))",Automatic,Very Good,Partner Certified Included,Yellow gold,Yellow gold,Yellow Gold,United States of America,Florida,15404.0,,,1,1,1,0
1766788170-296,Rolex,Datejust 36,126200,Automatic,New,Professional dealer,Steel,Steel,Steel,Germany,Kaufbeuren,9411.0,,,1,1,1,1
1766788172-297,Rolex,Datejust II,116333,Automatic,Unknown,Professional dealer,Unknown,Unknown,Other,United States of America,New York,11302.0,2017.0,7.0,1,1,1,1
1766788174-298,Rolex,Datejust 36,"1601
                     
                        (Datejust Diamonds)",Automatic,Good,Professional dealer,Steel,Steel,Steel,Hong Kong,Kowloon,3842.0,1970.0,54.0,1,1,1,1
1766788176-299,Rolex,Lady-Datejust,69173,Automatic,Good,Professional dealer,Gold/Steel,Gold/Steel,Gold/Steel,Germany,Frankfurt am Main,5700.0,1987.0,37.0,1,1,1,1
1766788178-300,Rolex,Datejust 41,126333,Automatic,Very Good,Professional dealer,Gold/Steel,Gold/Steel,Gold/Steel,Germany,Frankfurt am Main,11324.0,2019.0,5.0,1,1,1,1
1766788180-301,Rolex,Daytona,116589BR,Automatic,Very Good,Professional dealer,White gold,Leather,White Gold,Italy,BRESCIA,152162.0,2009.0,15.0,1,1,1,1
1766788182-302,Rolex,Daytona,126500LN,Automatic,Very Good,Professional dealer,Steel,Steel,Steel,Italy,BRESCIA,28501.0,2024.0,0.0,1,1,1,1
1766788185-303,Rolex,Datejust 36,116234,Automatic,Very Good,Professional dealer,Steel,Steel,Steel,Italy,BRESCIA,7946.0,2014.0,10.0,1,1,1,1
1766788187-304,Rolex,Sea-Dweller Deepsea,126660,Automatic,Very Good,Professional dealer,Steel,Steel,Steel,Italy,BRESCIA,11134.0,2018.0,6.0,1,1,1,1
1766788189-305,Rolex,Day-Date 36,1811,Automatic,Very Good,Professional dealer,Yellow gold,Yellow gold,Yellow Gold,Italy,BRESCIA,17985.0,1972.0,52.0,1,1,1,1
1766788191-306,Rolex,GMT-Master II,126711CHNR,Automatic,Very Good,Professional dealer,Gold/Steel,Gold/Steel,Gold/Steel,Italy,BRESCIA,17081.0,2021.0,3.0,1,1,1,1
1766788193-307,Rolex,Datejust 36,126234,Automatic,New,Professional dealer,Steel,Steel,Steel,Italy,BRESCIA,13608.0,,,1,1,1,1
1766788195-308,Rolex,GMT-Master II,126720VTNR,Automatic,New,Professional dealer,Steel,Steel,Steel,Italy,BRESCIA,16606.0,,,1,1,1,1
1766788197-309,Rolex,Daytona,"116506
                     
                        (Ice)",Automatic,Very Good,Professional dealer,Plastic,Platinum,Other,Italy,BRESCIA,78888.0,2013.0,11.0,1,1,1,1
1766788199-310,Rolex,GMT-Master II,126720VTNR,Automatic,Very Good,Professional dealer,Steel,Steel,Steel,Italy,BRESCIA,15511.0,2023.0,1.0,1,1,1,1
1766788202-311,Rolex,Datejust 36,126200,Automatic,New,Professional dealer,Steel,Steel,Steel,Germany,Kaufbeuren,8936.0,,,1,1,1,1
1766788204-312,Rolex,Lady-Datejust,69173,Automatic,Very Good,Partner Certified Included,Steel,Gold/Steel,Steel,Italy,Chieri (TO),4636.0,1992.0,32.0,1,1,1,0
1766788206-313,Rolex,Datejust 36,16234,Automatic,Very Good,Partner Certified Included,Steel,Steel,Steel,Italy,Chieri (TO),5698.0,1990.0,34.0,1,1,1,0
1766788208-314,Rolex,Datejust 31,178240,Automatic,Very Good,Partner Certified Included,Steel,Steel,Steel,Italy,Chieri (TO),5795.0,2010.0,14.0,1,1,1,0
1766788210-315,Rolex,Yacht-Master 40,116622,Automatic,Good,Professional dealer,Steel,Steel,Steel,Germany,Kaufbeuren,10934.0,2017.0,7.0,1,1,1,1
1766788212-316,Rolex,Oyster Perpetual 36,126000,Automatic,Very Good,Professional dealer,Steel,Steel,Steel,United States of America,Texas,8235.0,,,1,1,1,1
1766788214-317,Rolex,Lady-Datejust,69173,Automatic,Good,Professional dealer,Yellow gold and steel,Gold/Steel,Gold/Steel,United States of America,Florida,5207.0,1990.0,34.0,1,1,1,1
1766788216-318,Rolex,Datejust 36,"1600
                     
                        (Jubilee)",Automatic,Good,Professional dealer,Steel,Steel,Steel,United States of America,Florida,4400.0,1971.0,53.0,1,1,1,1
1766788218-319,Rolex,Daytona,"126503
                     
                        (Two-tone)",Automatic,Good,Professional dealer,Yellow gold and steel,Gold/Steel,Gold/Steel,United States of America,Florida,21758.0,2022.0,2.0,1,1,1,1
1766788221-320,Rolex,Submariner Date,,Automatic,Very Good,Professional dealer,Unknown,Steel,Other,United States of America,California,10602.0,,,1,1,1,1
1766788223-321,Rolex,Sea-Dweller Deepsea,,Automatic,Very Good,Professional dealer,Unknown,Steel,Other,United States of America,California,13751.0,,,1,1,1,1
1766788225-322,Rolex,Day-Date 36,"118206
                     
                        (Day-Date smooth bezel)",Unknown,New,Professional dealer,Unknown,Unknown,Other,Hong Kong,Kwun Tong,35693.0,,,1,1,1,1
1766788227-323,Rolex,Datejust 31,m278384rbr-0040,Automatic,Very Good,Professional dealer,Unknown,Unknown,Other,United States of America,Texas,18972.0,,,1,1,1,1
1766788229-324,Rolex,GMT-Master II,"116710LN
                     
                        (GMT-Master II black bezel)",Unknown,Very Good,Partner Certified Included,Steel,Unknown,Steel,United States of America,New Hampshire,11303.0,2017.0,7.0,1,1,1,0
1766788231-325,Rolex,Submariner Date,126610,Unknown,Very Good,Partner Certified Included,Steel,Unknown,Steel,United States of America,New Hampshire,12514.0,2024.0,0.0,1,1,1,0
1766788233-326,Rolex,Datejust 41,126334,Automatic,New,Professional dealer,Steel,Steel,Steel,Canada,Toronto,13866.0,,,1,1,1,1
1766788236-327,Rolex,Datejust 36,"1603
                     
                        (Jubilee)",Automatic,Very Good,Partner Certified Included,Steel,Steel,Steel,Netherlands,Maastricht,4468.0,1978.0,46.0,1,1,1,0
1766788238-328,Rolex,Lady-Datejust,179173,Automatic,Very Good,Partner Certified Included,Gold/Steel,Gold/Steel,Gold/Steel,Netherlands,Maastricht,8560.0,2014.0,10.0,1,1,1,0
1766788240-329,Rolex,Explorer II,226570,Automatic,Very Good,Partner Certified Included,Steel,Steel,Steel,Netherlands,Maastricht,9373.0,2022.0,2.0,1,1,1,0
1766788242-330,Rolex,Oyster Perpetual 31,"77483
                     
                        (Two-tone)",Automatic,Very Good,Partner Certified Included,Gold/Steel,Gold/Steel,Gold/Steel,Netherlands,Maastricht,5020.0,1999.0,25.0,1,1,1,0
1766788244-331,Rolex,Datejust 36,16233,Automatic,Good,Partner Certified Included,Gold/Steel,Gold/Steel,Gold/Steel,Italy,Milano,5281.0,1988.0,36.0,1,1,1,0
1766788246-332,Rolex,Explorer II,226570,Automatic,Very Good,Partner Certified Included,Steel,Steel,Steel,Italy,Milano,10135.0,,,1,1,1,0
1766788249-333,Rolex,Explorer II,"16570
                     
                        (Explorer II 16570 White)",Automatic,Very Good,Partner Certified Included,Steel,Steel,Steel,Italy,Milano,7470.0,2004.0,20.0,1,1,1,0
1766788251-334,Rolex,GMT-Master II,"126710BLRO
                     
                        (Pepsi)",Automatic,Good,Professional dealer,Steel,Steel,Steel,Canada,Toronto,20061.0,2024.0,0.0,1,1,1,1
1766788253-335,Rolex,Lady-Datejust,69173,Automatic,Very Good,Partner Certified Included,Gold/Steel,Gold/Steel,Gold/Steel,Spain,Barcelona,3949.0,1994.0,30.0,1,1,1,0
1766788255-336,Rolex,Sea-Dweller Deepsea,116660,Automatic,Very Good,Professional dealer,Steel,Steel,Steel,Poland,Warszawa,11039.0,2017.0,7.0,1,1,1,1
1766788257-337,Rolex,GMT-Master II,"126720VTNR
                     
                        (Sprite)",Automatic,Very Good,Partner Certified Included,Steel,Steel,Steel,Switzerland,Geneva,15000.0,2023.0,1.0,1,1,1,0
1766788259-338,Rolex,Datejust 41,126334G,Automatic,Very Good,Partner Certified Included,Steel,Steel,Steel,Japan,Tokyo,10711.0,2019.0,5.0,1,1,1,0
1766788261-339,Rolex,Datejust 36,16234,Automatic,Very Good,Partner Certified Included,Steel,Steel,Steel,Japan,Tokyo,5408.0,,,1,1,1,0
1766788263-340,Rolex,Datejust 36,16234G,Automatic,Very Good,Partner Certified Included,Steel,Steel,Steel,Japan,Tokyo,5209.0,,,1,1,1,0
1766788266-341,Rolex,Submariner (No Date),"14060
                     
                        (Submariner (1990-2010))",Automatic,Very Good,Partner Certified Included,Steel,Steel,Steel,Japan,Tokyo,7513.0,,,1,1,1,0
1766788268-342,Rolex,Explorer,114270,Automatic,Very Good,Partner Certified Included,Steel,Steel,Steel,Japan,Tokyo,4886.0,2002.0,22.0,1,1,1,0
1766788270-343,Rolex,Air King,14000M,Automatic,Very Good,Partner Certified Included,Steel,Steel,Steel,Japan,Tokyo,3255.0,,,1,1,1,0
1766788272-344,Rolex,Datejust 41,"126300
                     
                        (Datejust smooth bezel)",Automatic,Very Good,Partner Certified Included,Steel,Steel,Steel,Japan,Tokyo,7777.0,,,1,1,1,0
1766788274-345,Rolex,Daytona,126519LN,Automatic,Very Good,Partner Certified Included,White gold,Rubber,White Gold,Japan,Tokyo,42583.0,,,1,1,1,0
1766788276-346,Rolex,GMT-Master,16700,Automatic,Very Good,Partner Certified Included,Steel,Steel,Steel,Japan,Tokyo,9904.0,1998.0,26.0,1,1,1,0
1766788279-347,Rolex,Sky-Dweller,336934,Automatic,Very Good,Partner Certified Included,Steel,Steel,Steel,Japan,Tokyo,21425.0,2024.0,0.0,1,1,1,0
1766788281-348,Rolex,Daytona,116509NG,Automatic,Very Good,Partner Certified Included,White gold,White gold,White Gold,Japan,Tokyo,36440.0,2021.0,3.0,1,1,1,0
1766788283-349,Rolex,Yacht-Master 40,116622,Automatic,Very Good,Partner Certified Included,Steel,Steel,Steel,Japan,Tokyo,9974.0,2019.0,5.0,1,1,1,0
1766788285-350,Rolex,Day-Date 36,"18238A
                     
                        (Day-Date 36mm (up to 2000))",Automatic,Very Good,Partner Certified Included,Yellow gold,Yellow gold,Yellow Gold,Japan,Tokyo,18679.0,1991.0,33.0,1,1,1,0
1766788287-351,Rolex,Daytona,126506,Automatic,Very Good,Partner Certified Included,Platinum,Platinum,Platinum,Japan,Tokyo,94535.0,2024.0,0.0,1,1,1,0
1766788289-352,Rolex,Submariner Date,116610LN,Automatic,Very Good,Partner Certified Included,Steel,Steel,Steel,Japan,Tokyo,9473.0,2017.0,7.0,1,1,1,0
1766788291-353,Rolex,Datejust 41,"126300
                     
                        (Datejust smooth bezel)",Automatic,Very Good,Partner Certified Included,Steel,Steel,Steel,Japan,Tokyo,8396.0,,,1,1,1,0
1766788293-354,Rolex,Milgauss,116400,Automatic,Very Good,Partner Certified Included,Steel,Steel,Steel,Japan,Tokyo,8020.0,2015.0,9.0,1,1,1,0
1766788296-355,Rolex,Sea-Dweller 4000,16600,Automatic,Very Good,Partner Certified Included,Steel,Steel,Steel,Japan,Tokyo,7169.0,1999.0,25.0,1,1,1,0
1766788298-356,Rolex,Oyster Perpetual Date,15210,Automatic,Very Good,Partner Certified Included,Steel,Steel,Steel,Japan,Tokyo,3180.0,,,1,1,1,0
1766788300-357,Rolex,Day-Date 36,"18039
                     
                        (Day-Date 36mm (up to 2000))",Automatic,Very Good,Partner Certified Included,White gold,White gold,White Gold,Japan,Tokyo,15718.0,,,1,1,1,0
1766788302-358,Rolex,Datejust 36,16233,Automatic,Very Good,Partner Certified Included,Steel,Steel,Steel,Japan,Tokyo,6808.0,2001.0,23.0,1,1,1,0
1766788304-359,Rolex,Datejust 36,126200,Automatic,Very Good,Partner Certified Included,Steel,Steel,Steel,Japan,Tokyo,6986.0,2021.0,3.0,1,1,1,0
1766788306-360,Rolex,Air King,116900,Automatic,Very Good,Partner Certified Included,Steel,Steel,Steel,Japan,Tokyo,5979.0,2018.0,6.0,1,1,1,0
1766788311-361,Rolex,Datejust 31,78274,Automatic,Very Good,Partner Certified Included,Steel,Steel,Steel,Japan,Tokyo,5947.0,2002.0,22.0,1,1,1,0
1766788313-362,Rolex,Explorer,214270,Automatic,Very Good,Partner Certified Included,Steel,Steel,Steel,Japan,Tokyo,6399.0,2014.0,10.0,1,1,1,0
1766788315-363,Rolex,Submariner Date,16610LV,Automatic,New,Professional dealer,Steel,Steel,Steel,Poland,Warszawa,20079.0,2008.0,16.0,1,1,1,1
1766788317-364,Rolex,Explorer,114270,Automatic,Very Good,Partner Certified Included,Steel,Steel,Steel,Japan,Tokyo,5419.0,2010.0,14.0,1,1,1,0
1766788319-365,Rolex,Datejust 36,16233,Automatic,Very Good,Partner Certified Included,Steel,Steel,Steel,Japan,Tokyo,5085.0,,,1,1,1,0
1766788322-366,Rolex,Datejust 36,16234,Automatic,Very Good,Partner Certified Included,Steel,Steel,Steel,Japan,Tokyo,5112.0,,,1,1,1,0
1766788324-367,Rolex,Air King,14000M,Automatic,Very Good,Partner Certified Included,Steel,Steel,Steel,Japan,Tokyo,4149.0,2001.0,23.0,1,1,1,0
1766788326-368,Rolex,Datejust 36,116233,Automatic,Very Good,Partner Certified Included,Steel,Steel,Steel,Japan,Tokyo,8310.0,2015.0,9.0,1,1,1,0
1766788328-369,Rolex,Datejust 36,116234,Automatic,Very Good,Partner Certified Included,Steel,Steel,Steel,Japan,Tokyo,6345.0,,,1,1,1,0
1766788330-370,Rolex,Lady-Datejust,179171G,Automatic,Very Good,Partner Certified Included,Steel,Steel,Steel,Japan,Tokyo,6964.0,,,1,1,1,0
1766788332-371,Rolex,Air King,14000M,Automatic,Very Good,Partner Certified Included,Steel,Steel,Steel,Japan,Tokyo,3018.0,,,1,1,1,0
1766788334-372,Rolex,Datejust 36,16233G,Automatic,Very Good,Partner Certified Included,Steel,Steel,Steel,Japan,Tokyo,5161.0,,,1,1,1,0
1766788336-373,Rolex,Oyster Perpetual Date,15210,Automatic,Very Good,Partner Certified Included,Steel,Steel,Steel,Japan,Tokyo,3390.0,,,1,1,1,0
1766788339-374,Rolex,Lady-Datejust,69173G,Automatic,Very Good,Partner Certified Included,Steel,Steel,Steel,Japan,Tokyo,4461.0,,,1,1,1,0
1766788341-375,Rolex,GMT-Master II,"116710BLNR
                     
                        (Batman)",Automatic,Very Good,Partner Certified Included,Steel,Steel,Steel,Japan,Tokyo,12757.0,2014.0,10.0,1,1,1,0
1766788343-376,Rolex,Submariner (No Date),"14060M
                     
                        (Submariner (1990-2010))",Automatic,Very Good,Partner Certified Included,Steel,Steel,Steel,Japan,Tokyo,8779.0,2011.0,13.0,1,1,1,0
1766788345-377,Rolex,Lady-Datejust,179163,Automatic,Very Good,Partner Certified Included,Gold/Steel,Gold/Steel,Gold/Steel,Spain,Barcelona,7042.0,2006.0,18.0,1,1,1,0
1766788347-378,Rolex,Datejust 36,"126234
                     
                        (Jubilee)",Automatic,New,Professional dealer,White gold and steel,Steel,Gold/Steel,Netherlands,Maastricht,11848.0,,,1,1,1,1
1766788349-379,Rolex,Oyster Perpetual 41,124300,Automatic,Very Good,Partner Certified Included,Steel,Steel,Steel,Netherlands,Maastricht,7565.0,2023.0,1.0,1,1,1,0
1766788352-380,Rolex,Daytona,"116518LN
                     
                        (Daytona (from 2016))",Automatic,Very Good,Partner Certified Included,Yellow gold,Unknown,Yellow Gold,Netherlands,Maastricht,37351.0,2021.0,3.0,1,1,1,0
1766788354-381,Rolex,GMT-Master II,"126720VTNR
                     
                        (Sprite)",Automatic,New,Professional dealer,Steel,Steel,Steel,Netherlands,Maastricht,14893.0,,,1,1,1,1
1766788356-382,Rolex,Submariner Date,126610LV,Automatic,New,Professional dealer,Steel,Steel,Steel,Netherlands,Maastricht,12989.0,2024.0,0.0,1,1,1,1
1766788358-383,Rolex,Datejust 36,"126200
                     
                        (Jubilee)",Automatic,Very Good,Partner Certified Included,Steel,Steel,Steel,Netherlands,Maastricht,8898.0,2024.0,0.0,1,1,1,0
1766788360-384,Rolex,Submariner Date,126610LN,Automatic,Very Good,Partner Certified Included,Steel,Steel,Steel,Netherlands,Maastricht,11610.0,2023.0,1.0,1,1,1,0
1766788362-385,Rolex,Yacht-Master 40,126655,Automatic,Very Good,Professional dealer,Rose gold,Rubber,Rose Gold,Austria,Wien,28929.0,2023.0,1.0,1,1,1,1
1766788364-386,Rolex,Lady-Datejust,"279174
                     
                        (Datejust Gold/Steel)",Automatic,Very Good,Professional dealer,Gold/Steel,Steel,Gold/Steel,Austria,Wien,9659.0,2021.0,3.0,1,1,1,1
1766788366-387,Rolex,Day-Date 40,"228235
                     
                        (Everose)",Automatic,Very Good,Partner Certified Included,Rose gold,Rose gold,Rose Gold,France,Unknown,37969.0,2016.0,8.0,1,1,1,0
1766788369-388,Rolex,Day-Date 40,228238,Automatic,Very Good,Partner Certified Included,Yellow gold,Yellow gold,Yellow Gold,France,Unknown,37969.0,2017.0,7.0,1,1,1,0
1766788371-389,Rolex,Daytona,116518,Automatic,Very Good,Partner Certified Included,Yellow gold,Leather,Yellow Gold,France,Unknown,24266.0,2017.0,7.0,1,1,1,0
1766788373-390,Rolex,Day-Date 36,"18238
                     
                        (Day-Date 36mm (up to 2000))",Automatic,Very Good,Partner Certified Included,Yellow gold,Yellow gold,Yellow Gold,France,Unknown,17605.0,1993.0,31.0,1,1,1,0
1766788375-391,Rolex,Datejust 41,126334,Automatic,Very Good,Partner Certified Included,Unknown,Steel,Other,France,Unknown,12847.0,2019.0,5.0,1,1,1,0
1766788377-392,Rolex,Datejust 41,"126300
                     
                        (Datejust smooth bezel)",Automatic,Very Good,Partner Certified Included,Steel,Steel,Steel,France,Unknown,9421.0,2021.0,3.0,1,1,1,0
1766788379-393,Rolex,Datejust Turn-O-Graph,16264,Automatic,Very Good,Partner Certified Included,Steel,Steel,Steel,France,Unknown,6281.0,2003.0,21.0,1,1,1,0
1766788381-394,Rolex,Oyster Perpetual 31,67480,Automatic,Very Good,Partner Certified Included,Steel,Steel,Steel,France,Unknown,3997.0,1996.0,28.0,1,1,1,0
1766788383-395,Rolex,Yacht-Master 42,"226659
                     
                        (Yacht-Master rubber strap)",Automatic,Very Good,Professional dealer,White gold,Rubber,White Gold,United States of America,Illinois,22404.0,,,1,1,1,1
1766788385-396,Rolex,Submariner (No Date),114060,Automatic,Very Good,Professional dealer,Steel,Steel,Steel,United States of America,Illinois,9284.0,,,1,1,1,1
1766788388-397,Rolex,Sea-Dweller Deepsea,126660,Automatic,Very Good,Professional dealer,Steel,Steel,Steel,United States of America,Illinois,11303.0,,,1,1,1,1
1766788390-398,Rolex,Datejust 36,126200,Automatic,Very Good,Partner Certified Included,Steel,Steel,Steel,Germany,Berlin,8365.0,2020.0,4.0,1,1,1,0
1766788392-399,Rolex,Datejust 36,116231,Automatic,Very Good,Partner Certified Included,Gold/Steel,Gold/Steel,Gold/Steel,Germany,Berlin,11410.0,2006.0,18.0,1,1,1,0
1766788394-400,Rolex,Datejust 36,116189-L(FC) 32BRA,Unknown,New,Professional dealer,Unknown,Unknown,Other,Hong Kong,Kwun Tong,20765.0,,,1,1,1,1
1766788396-401,Rolex,Oyster Perpetual 36,126000-0011,Automatic,New,Professional dealer,Steel,Steel,Steel,United Kingdom,London,8171.0,,,1,1,1,1
1766788398-402,Rolex,Lady-Datejust,279458RBR,Automatic,Very Good,Professional dealer,Yellow gold,Yellow gold,Yellow Gold,Hong Kong,Tsim Sha Tsui,89290.0,,,1,1,1,1
1766788400-403,Rolex,Yacht-Master 40,126622,Unknown,Very Good,Partner Certified Included,Steel,Unknown,Steel,United States of America,Pennsylvania,11505.0,,,1,1,1,0
1766788402-404,Rolex,Sea-Dweller,"126600
                     
                        (Sea-Dweller (from 2017))",Automatic,New,Private Seller,Steel,Steel,Steel,Netherlands,Unknown,13227.0,2022.0,2.0,1,1,1,0
1766788405-405,Rolex,Oyster Perpetual 36,126000-0015,Automatic,New,Professional dealer,Steel,Steel,Steel,United Kingdom,London,8171.0,,,1,1,1,1
1766788407-406,Rolex,Sea-Dweller Deepsea,136660,Automatic,Unknown,Professional dealer,Steel,Unknown,Steel,Japan,Toshimaku,9492.0,,,1,1,1,1
1766788409-407,Rolex,Submariner Date,126610LV,Automatic,Good,Professional dealer,Unknown,Unknown,Other,Japan,Toshimaku,11963.0,,,1,1,1,1
1766788411-408,Rolex,Sea-Dweller Deepsea,116660,Automatic,Unknown,Professional dealer,Steel,Unknown,Steel,Japan,Toshimaku,7021.0,,,1,1,1,1
1766788413-409,Rolex,Submariner Date,126613LB,Automatic,Unknown,Professional dealer,Unknown,Unknown,Other,Japan,Toshimaku,14603.0,,,1,1,1,1
1766788415-410,Rolex,Submariner Date,126610LN,Automatic,Good,Professional dealer,Steel,Unknown,Steel,Japan,Toshimaku,11514.0,,,1,1,1,1
1766788417-411,Rolex,GMT-Master II,"126720VTNR
                     
                        (Sprite)",Automatic,Unknown,Professional dealer,Steel,Unknown,Steel,Japan,Toshimaku,13985.0,,,1,1,1,1
1766788419-412,Rolex,Lady-Datejust,79174NGR,Automatic,Unknown,Professional dealer,Unknown,Unknown,Other,Japan,Toshimaku,5504.0,,,1,1,1,1
1766788421-413,Rolex,Oyster Perpetual 28,276200,Automatic,Good,Professional dealer,Unknown,Unknown,Other,Japan,Toshimaku,4325.0,,,1,1,1,1
1766788424-414,Rolex,Day-Date 36,118139,Automatic,Unknown,Professional dealer,Unknown,Unknown,Other,Japan,Toshimaku,14676.0,,,1,1,1,1
1766788426-415,Rolex,Datejust 36,"16200
                     
                        (Datejust smooth bezel)",Automatic,Unknown,Professional dealer,Steel,Unknown,Steel,Japan,Toshimaku,4325.0,,,1,1,1,1
1766788428-416,Rolex,Submariner Date,116613G LB,Automatic,Unknown,Professional dealer,Unknown,Unknown,Other,Japan,Toshimaku,13030.0,,,1,1,1,1
1766788430-417,Rolex,Datejust 36,116234,Automatic,Unknown,Professional dealer,Unknown,Unknown,Other,Japan,Toshimaku,6178.0,,,1,1,1,1
1766788432-418,Rolex,Explorer II,226570,Automatic,Good,Professional dealer,Steel,Unknown,Steel,Japan,Toshimaku,9267.0,,,1,1,1,1
1766788434-419,Rolex,Lady-Datejust,179174,Automatic,Good,Professional dealer,Unknown,Unknown,Other,Japan,Toshimaku,3932.0,,,1,1,1,1
1766788436-420,Rolex,Oyster Perpetual 41,124300,Automatic,Very Good,Partner Certified Included,Steel,Steel,Steel,United States of America,New York,7952.0,2024.0,0.0,1,1,1,0
1766788438-421,Rolex,Submariner Date,126610LV,Automatic,Very Good,Professional dealer,Steel,Steel,Steel,United States of America,New Jersey,12675.0,2024.0,0.0,1,1,1,1
1766788440-422,Rolex,Datejust 41,"126333
                     
                        (Two-tone)",Automatic,Very Good,Professional dealer,Yellow gold and steel,Gold/Steel,Gold/Steel,United States of America,New Jersey,12029.0,2023.0,1.0,1,1,1,1
1766788443-423,Rolex,Day-Date 40,228396TBR METEORITE  BAGUETTE,Automatic,Very Good,Professional dealer,Platinum,Platinum,Platinum,United States of America,New Jersey,111009.0,,,1,1,1,1
1766788445-424,Rolex,Datejust 41,"126300
                     
                        (Datejust smooth bezel)",Automatic,Very Good,Professional dealer,Steel,Steel,Steel,Hong Kong,Kwun Tong,7683.0,,,1,1,1,1
1766788447-425,Rolex,Datejust 31,68274,Automatic,Very Good,Professional dealer,Steel,Steel,Steel,Italy,Asti,6185.0,1998.0,26.0,1,1,1,1
1766788449-426,Rolex,Submariner Date,126619,Automatic,Very Good,Partner Certified Included,White gold,White gold,White Gold,France,Paris,35781.0,2024.0,0.0,1,1,1,0
1766788451-427,Rolex,Datejust 31,"6827
                     
                        (Datejust Gold/Steel)",Automatic,Very Good,Partner Certified Included,Gold/Steel,Leather,Gold/Steel,France,Paris,5472.0,1982.0,42.0,1,1,1,0
1766788453-428,Rolex,Submariner Date,16610,Automatic,Very Good,Partner Certified Included,Steel,Steel,Steel,France,Paris,9497.0,1994.0,30.0,1,1,1,0
1766788455-429,Rolex,Datejust 36,"116200
                     
                        (Datejust smooth bezel)",Automatic,Very Good,Partner Certified Included,Steel,Steel,Steel,France,Paris,6842.0,2007.0,17.0,1,1,1,0
1766788457-430,Rolex,Air King,"114200
                     
                        (Arabic Dial)",Automatic,Very Good,Partner Certified Included,Steel,Steel,Steel,France,Paris,7822.0,2007.0,17.0,1,1,1,0
1766788460-431,Rolex,Datejust 31,178271,Automatic,Very Good,Partner Certified Included,Gold/Steel,Gold/Steel,Gold/Steel,France,Paris,12257.0,2014.0,10.0,1,1,1,0
1766788462-432,Rolex,Oyster Perpetual 31,"67483
                     
                        (Two-tone)",Automatic,Very Good,Partner Certified Included,Steel,Gold/Steel,Steel,United States of America,New York,5489.0,1995.0,29.0,1,1,1,0
1766788464-433,Rolex,Day-Date 36,118238,Automatic,Very Good,Professional dealer,Yellow gold,Yellow gold,Yellow Gold,Germany,Düsseldorf,28072.0,2008.0,16.0,1,1,1,1
1766788466-434,Rolex,Datejust 36,1603,Automatic,Very Good,Partner Certified Included,Steel,Steel,Steel,Belgium,Riemst,4235.0,1970.0,54.0,1,1,1,0
1766788468-435,Rolex,Day-Date 36,118238,Automatic,Very Good,Professional dealer,Yellow gold,Yellow gold,Yellow Gold,Spain,Madrid,28072.0,2008.0,16.0,1,1,1,1
1766788470-436,Rolex,GMT-Master II,"126710GRNR
                     
                        (Bruce Wayne)",Automatic,Very Good,Professional dealer,Steel,Steel,Steel,Germany,München,17119.0,2024.0,0.0,1,1,1,1
1766788472-437,Rolex,Lady-Datejust,69173,Automatic,Very Good,Professional dealer,Gold/Steel,Gold/Steel,Gold/Steel,Germany,München,5890.0,1994.0,30.0,1,1,1,1
1766788474-438,Rolex,Lady-Datejust,69173,Automatic,Very Good,Professional dealer,Gold/Steel,Gold/Steel,Gold/Steel,Germany,München,5986.0,1997.0,27.0,1,1,1,1
1766788476-439,Rolex,Day-Date 36,18238,Automatic,Very Good,Professional dealer,Yellow gold,Yellow gold,Yellow Gold,Germany,München,18357.0,1991.0,33.0,1,1,1,1
1766788479-440,Rolex,Datejust 31,68273,Automatic,Very Good,Professional dealer,Gold/Steel,Gold/Steel,Gold/Steel,Germany,München,7318.0,1999.0,25.0,1,1,1,1
1766788481-441,Rolex,Lady-Datejust,79174,Automatic,Very Good,Professional dealer,Gold/Steel,Steel,Gold/Steel,Germany,München,5700.0,2000.0,24.0,1,1,1,1
1766788483-442,Rolex,Lady-Datejust Pearlmaster,"80319
                     
                        (Datejust Diamonds)",Automatic,Very Good,Professional dealer,White gold,White gold,White Gold,Germany,München,13599.0,2009.0,15.0,1,1,1,1
1766788485-443,Rolex,Datejust 31,178344,Automatic,Very Good,Professional dealer,Gold/Steel,Steel,Gold/Steel,Germany,München,10078.0,2012.0,12.0,1,1,1,1
1766788487-444,Rolex,Lady-Datejust,179313,Automatic,Very Good,Professional dealer,Gold/Steel,Gold/Steel,Gold/Steel,Germany,München,11124.0,2011.0,13.0,1,1,1,1
1766788489-445,Rolex,Datejust 36,16233,Automatic,Very Good,Professional dealer,Gold/Steel,Gold/Steel,Gold/Steel,Germany,München,7508.0,1996.0,28.0,1,1,1,1
1766788491-446,Rolex,Datejust 36,116243,Automatic,Very Good,Professional dealer,Gold/Steel,Gold/Steel,Gold/Steel,Hong Kong,Tsim Sha Tsui,11213.0,,,1,1,1,1
1766788493-447,Rolex,Daytona,"116505
                     
                        (Everose)",Automatic,Very Good,Professional dealer,Rose gold,Rose gold,Rose Gold,Germany,Düsseldorf,43298.0,2022.0,2.0,1,1,1,1
1766788496-448,Rolex,Oysterdate Precision,6694,Manual,Very Good,Partner Certified Included,Steel,Steel,Steel,Belgium,Riemst,2522.0,1967.0,57.0,1,1,1,0
1766788498-449,Rolex,Datejust 36,116243,Automatic,Very Good,Professional dealer,Gold/Steel,Gold/Steel,Gold/Steel,Hong Kong,Tsim Sha Tsui,10590.0,,,1,1,1,1
1766788500-450,Rolex,Daytona,"116505
                     
                        (Everose)",Automatic,Very Good,Professional dealer,Rose gold,Rose gold,Rose Gold,Spain,Madrid,43298.0,2022.0,2.0,1,1,1,1
1766788502-451,Rolex,Day-Date 36,118348,Automatic,Very Good,Professional dealer,Yellow gold,Yellow gold,Yellow Gold,Germany,Düsseldorf,28453.0,2012.0,12.0,1,1,1,1
1766788504-452,Rolex,Lady-Datejust,69173,Automatic,Unknown,Professional dealer,Steel,Gold/Steel,Steel,United States of America,Texas,4804.0,,,1,1,1,1
1766788506-453,Rolex,Submariner Date,126610LN,Automatic,New,Private Seller,Steel,Steel,Steel,Italy,Unknown,12323.0,,,1,1,1,0
1766788508-454,Rolex,Oyster Perpetual 26,67230,Automatic,Good,Professional dealer,Steel,Steel,Steel,Japan,Chiyoda-ku,2216.0,,,1,1,1,1
1766788510-455,Rolex,Day-Date 36,118348,Automatic,Very Good,Professional dealer,Yellow gold,Yellow gold,Yellow Gold,Spain,Madrid,28453.0,2012.0,12.0,1,1,1,1
1766788513-456,Rolex,Lady-Datejust,279163,Automatic,Very Good,Professional dealer,Steel,Gold/Steel,Steel,France,Paris,13037.0,2020.0,4.0,1,1,1,1
1766788515-457,Rolex,Oyster Perpetual Lady Date,79160,Automatic,Very Good,Partner Certified Included,Steel,Steel,Steel,Italy,Roma,4282.0,2005.0,19.0,1,1,1,0
1766788517-458,Rolex,Datejust 41,m126334-0022,Automatic,New,Professional dealer,Unknown,Unknown,Other,Hong Kong,Kwun Tong,13647.0,,,1,1,1,1
1766788519-459,Rolex,Daytona,"126515LN
                     
                        (Everose)",Automatic,New,Professional dealer,Rose gold,Rubber,Rose Gold,United Kingdom,London,78492.0,,,1,1,1,1
1766788521-460,Rolex,Day-Date 36,"118399
                     
                        (Day-Date Diamonds)",Automatic,Very Good,Professional dealer,White gold,White gold,White Gold,United Kingdom,London,38101.0,2007.0,17.0,1,1,1,1
1766788523-461,Rolex,Sky-Dweller,326939,Automatic,Very Good,Professional dealer,White gold,White gold,White Gold,United Kingdom,London,28344.0,2015.0,9.0,1,1,1,1
1766788525-462,Rolex,Daytona,"116509
                     
                        (Arabic Dial)",Automatic,New,Professional dealer,White gold,White gold,White Gold,Greece,iraklio,42727.0,2022.0,2.0,1,1,1,1
1766788527-463,Rolex,Day-Date 40,"228238
                     
                        (Jubilee)",Automatic,Very Good,Professional dealer,Yellow gold,Yellow gold,Yellow Gold,Germany,Düsseldorf,40634.0,2015.0,9.0,1,1,1,1
1766788529-464,Rolex,Submariner Date,16610LV,Automatic,Good,Professional dealer,Steel,Steel,Steel,Romania,Bucharest,10934.0,2008.0,16.0,1,1,1,1
1766788532-465,Rolex,Datejust 36,116200,Automatic,Very Good,Professional dealer,Steel,Steel,Steel,Netherlands,Den Haag,6138.0,,,1,1,1,1
1766788534-466,Rolex,Milgauss,116400GV,Automatic,Very Good,Partner Certified Included,Steel,Steel,Steel,Netherlands,Woerden,10463.0,2022.0,2.0,1,1,1,0
1766788536-467,Rolex,Submariner Date,"126610LN
                     
                        (Submariner Ceramic Bezel Dark)",Automatic,New,Professional dealer,Steel,Steel,Steel,Italy,ROMA RM,12561.0,,,1,1,1,1
1766788538-468,Rolex,Datejust 36,16233,Automatic,Very Good,Professional dealer,Gold/Steel,Gold/Steel,Gold/Steel,Italy,Rimini,6614.0,1988.0,36.0,1,1,1,1
1766788540-469,Rolex,Daytona,116523,Automatic,Very Good,Professional dealer,Gold/Steel,Gold/Steel,Gold/Steel,Italy,Pistoia,15416.0,2001.0,23.0,1,1,1,1
1766788542-470,Rolex,Day-Date 40,"228238
                     
                        (Jubilee)",Automatic,Very Good,Professional dealer,Yellow gold,Yellow gold,Yellow Gold,Spain,Madrid,40634.0,2015.0,9.0,1,1,1,1
1766788544-471,Rolex,Day-Date 36,118238,Unknown,Very Good,Professional dealer,Unknown,Unknown,Other,Hong Kong,Kwun Tong,32963.0,,,1,1,1,1
1766788547-472,Rolex,Oyster Perpetual 36,126000,Unknown,Very Good,Professional dealer,Steel,Unknown,Steel,United States of America,California,8980.0,,,1,1,1,1
1766788549-473,Rolex,Submariner Date,126610LN,Unknown,Very Good,Professional dealer,Steel,Unknown,Steel,United States of America,California,12867.0,,,1,1,1,1
1766788551-474,Rolex,Sea-Dweller 4000,"116600
                     
                        (Sea-Dweller (1989-2017))",Unknown,Very Good,Professional dealer,Steel,Unknown,Steel,United States of America,California,11572.0,2016.0,8.0,1,1,1,1
1766788553-475,Rolex,Submariner Date,16610,Unknown,Very Good,Professional dealer,Steel,Unknown,Steel,United States of America,California,9844.0,2004.0,20.0,1,1,1,1
1766788555-476,Rolex,Milgauss,116400GV,Automatic,Very Good,Professional dealer,Steel,Steel,Steel,Netherlands,Den Haag,10420.0,2021.0,3.0,1,1,1,1
1766788557-477,Rolex,Lady-Datejust,179171,Automatic,New,Professional dealer,Steel,Unknown,Steel,Japan,Chiyoda-ku,7661.0,,,1,1,1,1
1766788559-478,Rolex,Oyster Perpetual 36,126000,Automatic,Very Good,Professional dealer,Steel,Steel,Steel,Spain,Madrid,8802.0,,,1,1,1,1
1766788561-479,Rolex,Daytona,"116519LN
                     
                        (Daytona (from 2016))",Automatic,Very Good,Professional dealer,White gold,Rubber,White Gold,Germany,Düsseldorf,38540.0,2018.0,6.0,1,1,1,1
1766788564-480,Rolex,GMT-Master II,"116710BLNR
                     
                        (Batman)",Automatic,Very Good,Professional dealer,Steel,Steel,Steel,Italy,Roma,13599.0,2017.0,7.0,1,1,1,1
1766788568-481,Rolex,Air King,5500,Automatic,Very Good,Partner Certified Included,Steel,Steel,Steel,Italy,L'Aquila,3521.0,1990.0,34.0,1,1,1,0
1766788570-482,Rolex,Daytona,"116519LN
                     
                        (Daytona (from 2016))",Automatic,Very Good,Professional dealer,White gold,Rubber,White Gold,Spain,Madrid,38540.0,2018.0,6.0,1,1,1,1
1766788572-483,Rolex,Yacht-Master 37,268655,Automatic,New,Professional dealer,Rose gold,Rubber,Rose Gold,Italy,ROMA RM,21887.0,2023.0,1.0,1,1,1,1
1766788575-484,Rolex,Daytona,"116509
                     
                        (Arabic Dial)",Automatic,Very Good,Professional dealer,White gold,White gold,White Gold,Germany,Oberderdingen,37018.0,2007.0,17.0,1,1,1,1
1766788577-485,Rolex,Submariner (No Date),5508,Automatic,Good,Professional dealer,Steel,Steel,Steel,Switzerland,Luzern,27538.0,1958.0,66.0,1,1,1,1
1766788579-486,Rolex,Daytona,116500LN,Automatic,Very Good,Professional dealer,Steel,Steel,Steel,Italy,Milano,25218.0,2020.0,4.0,1,1,1,1
1766788581-487,Rolex,GMT-Master,16750,Automatic,Good,Private Seller,Steel,Steel,Steel,Denmark,Unknown,12777.0,1987.0,37.0,1,1,1,0
1766788583-488,Rolex,Sky-Dweller,326934,Automatic,Very Good,Professional dealer,Steel,Steel,Steel,Spain,Madrid,20269.0,,,1,1,1,1
1766788585-489,Rolex,GMT-Master II,126713grnr,Automatic,Very Good,Professional dealer,Gold/Steel,Gold/Steel,Gold/Steel,Italy,Milano,17795.0,2024.0,0.0,1,1,1,1
1766788587-490,Rolex,Submariner Date,116610LV,Automatic,New,Professional dealer,Steel,Steel,Steel,Italy,Torino,19984.0,2018.0,6.0,1,1,1,1
1766788589-491,Rolex,Day-Date 36,118238,Automatic,Very Good,Professional dealer,Yellow gold,Yellow gold,Yellow Gold,Germany,Düsseldorf,35685.0,2015.0,9.0,1,1,1,1
1766788591-492,Rolex,Submariner Date,116610LV,Automatic,Very Good,Professional dealer,Steel,Steel,Steel,Italy,Roma,16177.0,2014.0,10.0,1,1,1,1
1766788594-493,Rolex,Daytona,116523,Automatic,New,Professional dealer,Gold/Steel,Gold/Steel,Gold/Steel,Germany,Nittenau,20926.0,2004.0,20.0,1,1,1,1
1766788596-494,Rolex,Day-Date 36,118238,Automatic,Very Good,Professional dealer,Yellow gold,Yellow gold,Yellow Gold,Spain,Madrid,35685.0,2015.0,9.0,1,1,1,1
1766788600-496,Rolex,Oyster Perpetual 31,77014,Automatic,Very Good,Partner Certified Included,Steel,Steel,Steel,Italy,MONZA,4661.0,2005.0,19.0,1,1,1,0
1766788602-497,Rolex,Lady-Datejust,"26 179173
                     
                        (Two-tone)",Automatic,Unknown,Professional dealer,Steel,Gold/Steel,Steel,Canada,Vancouver,6785.0,2007.0,17.0,1,1,1,1
1766788604-498,Rolex,Datejust 36,"116233
                     
                        (Jubilee)",Automatic,Unknown,Professional dealer,Steel,Yellow gold,Steel,United States of America,New York,9317.0,2010.0,14.0,1,1,1,1
1766788606-499,Rolex,Datejust 36,116200,Automatic,Unknown,Professional dealer,Steel,Steel,Steel,United States of America,New York,13814.0,2010.0,14.0,1,1,1,1
1766788609-500,Rolex,Explorer II,"216570
                     
                        (Explorer II 216570 White)",Automatic,Unknown,Professional dealer,Steel,Steel,Steel,United States of America,New York,9325.0,2020.0,4.0,1,1,1,1
1766788611-501,Rolex,Datejust 36,"116231
                     
                        (Jubilee)",Automatic,Unknown,Professional dealer,Steel,Rose gold,Steel,United States of America,New York,9107.0,2010.0,14.0,1,1,1,1
1766788613-502,Rolex,Lady-Datejust Pearlmaster,80319,Automatic,Very Good,Professional dealer,White gold,White gold,White Gold,Germany,München,12828.0,2001.0,23.0,1,1,1,1
1766788615-503,Rolex,Datejust 41,126334,Unknown,New,Professional dealer,Steel,Steel,Steel,United Kingdom,Epping,12022.0,,,1,1,1,1
1766788617-504,Rolex,Land-Dweller,"127334
                     
                        (Arabic Dial)",Automatic,New,Professional dealer,Steel,Steel,Steel,Germany,Weingarten,23077.0,,,1,1,1,1
1766788619-505,Rolex,Day-Date 36,1804,Automatic,New,Private Seller,Yellow gold,Yellow gold,Yellow Gold,United States of America,Alaska,17761.0,1979.0,45.0,1,1,1,0
1766788621-506,Rolex,Submariner Date,116613LB,Automatic,Good,Professional dealer,Gold/Steel,Gold/Steel,Gold/Steel,Italy,FERRARA,12847.0,2010.0,14.0,1,1,1,1
1766788623-507,Rolex,Lady-Datejust,79173,Automatic,Good,Professional dealer,Steel,Yellow gold,Steel,United States of America,California,5086.0,,,1,1,1,1
1766788626-508,Rolex,GMT-Master II,"16710
                     
                        (GMT-Master II (up to 2007))",Automatic,Good,Professional dealer,Steel,Steel,Steel,United States of America,California,9850.0,,,1,1,1,1
1766788628-509,Rolex,Submariner (No Date),5513,Automatic,Good,Professional dealer,Steel,Steel,Steel,United States of America,California,7670.0,,,1,1,1,1
1766788630-510,Rolex,Lady-Datejust,69178,Automatic,Good,Professional dealer,Yellow gold,Yellow gold,Yellow Gold,United States of America,California,9527.0,,,1,1,1,1
1766788632-511,Rolex,Datejust 36,116233,Automatic,Good,Professional dealer,Steel,Yellow gold,Steel,United States of America,California,7024.0,,,1,1,1,1
1766788634-512,Rolex,Day-Date 36,128349RBR,Automatic,Good,Professional dealer,White gold,White gold,White Gold,United States of America,California,86385.0,,,1,1,1,1
1766788636-513,Rolex,Daytona,"116509
                     
                        (Arabic Dial)",Automatic,Good,Professional dealer,White gold,White gold,White Gold,United States of America,California,23413.0,,,1,1,1,1
1766788638-514,Rolex,Day-Date 36,"18238
                     
                        (Day-Date 36mm (up to 2000))",Automatic,Good,Professional dealer,Yellow gold,Yellow gold,Yellow Gold,United States of America,California,16066.0,,,1,1,1,1
1766788640-515,Rolex,Daytona,116599SA,Automatic,Good,Professional dealer,White gold,Leather,White Gold,United States of America,California,104954.0,,,1,1,1,1
1766788642-516,Rolex,Datejust 36,"116203
                     
                        (Datejust smooth bezel)",Automatic,Good,Professional dealer,Steel,Yellow gold,Steel,United States of America,California,9527.0,,,1,1,1,1
1766788645-517,Rolex,Day-Date 36,"18238
                     
                        (Day-Date 36mm (up to 2000))",Automatic,Good,Professional dealer,Yellow gold,Yellow gold,Yellow Gold,United States of America,California,17600.0,,,1,1,1,1
1766788647-518,Rolex,Submariner Date,"116613LB
                     
                        (Submariner Ceramic Bezel Light)",Automatic,Good,Professional dealer,Steel,Yellow gold,Steel,United States of America,California,11949.0,,,1,1,1,1
1766788649-519,Rolex,Datejust 36,1601,Automatic,Good,Professional dealer,Steel,Yellow gold,Steel,United States of America,California,5813.0,,,1,1,1,1
1766788651-520,Rolex,Daytona,"16523
                     
                        (Daytona (1988-2015))",Automatic,Good,Professional dealer,Steel,Yellow gold,Steel,United States of America,California,12998.0,,,1,1,1,1
1766788653-521,Rolex,,15053,Automatic,Good,Professional dealer,Steel,Yellow gold,Steel,United States of America,California,6862.0,,,1,1,1,1
1766788655-522,Rolex,Yacht-Master 40,16623,Automatic,Good,Professional dealer,Steel,Yellow gold,Steel,United States of America,California,9365.0,,,1,1,1,1
1766788657-523,Rolex,Sky-Dweller,326933,Automatic,Good,Professional dealer,Steel,Yellow gold,Steel,United States of America,California,15420.0,,,1,1,1,1
1766788659-524,Rolex,Datejust 41,"126331
                     
                        (Arabic Dial)",Automatic,Good,Professional dealer,Steel,Rose gold,Steel,United States of America,California,13725.0,,,1,1,1,1
1766788662-525,Rolex,Datejust 36,16014,Automatic,Good,Professional dealer,Steel,Steel,Steel,United States of America,California,5732.0,,,1,1,1,1
1766788664-526,Rolex,Datejust 36,16233,Automatic,Good,Professional dealer,Steel,Yellow gold,Steel,United States of America,California,7993.0,,,1,1,1,1
1766788666-527,Rolex,Datejust 36,16233,Automatic,Good,Professional dealer,Steel,Yellow gold,Steel,United States of America,California,8639.0,,,1,1,1,1
1766788668-528,Rolex,Datejust 36,16233,Automatic,Good,Professional dealer,Steel,Yellow gold,Steel,United States of America,California,7993.0,,,1,1,1,1
1766788670-529,Rolex,Datejust 36,16233,Automatic,Good,Professional dealer,Steel,Yellow gold,Steel,United States of America,California,7993.0,,,1,1,1,1
1766788672-530,Rolex,Datejust 36,16013,Automatic,Good,Professional dealer,Steel,Yellow gold,Steel,United States of America,California,7105.0,,,1,1,1,1
1766788674-531,Rolex,Datejust 36,16233,Automatic,Good,Professional dealer,Steel,Yellow gold,Steel,United States of America,California,7993.0,,,1,1,1,1
1766788677-532,Rolex,Datejust 41,"126331
                     
                        (Arabic Dial)",Automatic,Good,Professional dealer,Steel,Rose gold,Steel,United States of America,California,15339.0,,,1,1,1,1
1766788679-533,Rolex,Datejust 36,16233,Automatic,Good,Professional dealer,Steel,Yellow gold,Steel,United States of America,California,7993.0,,,1,1,1,1
1766788681-534,Rolex,Lady-Datejust,69173,Automatic,Good,Professional dealer,Steel,Yellow gold,Steel,United States of America,California,5571.0,,,1,1,1,1
1766788683-535,Rolex,Datejust 36,16013,Automatic,Good,Professional dealer,Steel,Yellow gold,Steel,United States of America,California,6136.0,,,1,1,1,1
1766788685-536,Rolex,Datejust 41,"126300
                     
                        (Datejust smooth bezel)",Automatic,Good,Professional dealer,Steel,Steel,Steel,United States of America,California,12272.0,,,1,1,1,1
1766788687-537,Rolex,Datejust 36,16233,Automatic,Good,Professional dealer,Steel,Yellow gold,Steel,United States of America,California,7428.0,,,1,1,1,1
1766788689-538,Rolex,Daytona,"116509
                     
                        (Arabic Dial)",Automatic,Good,Professional dealer,White gold,White gold,White Gold,United States of America,California,54899.0,,,1,1,1,1
1766788691-539,Rolex,Oyster Perpetual Date,15210,Automatic,Good,Professional dealer,Steel,Steel,Steel,United States of America,California,6055.0,,,1,1,1,1
1766788694-540,Rolex,Lady-Datejust,69173,Automatic,Good,Professional dealer,Steel,Yellow gold,Steel,United States of America,California,4279.0,,,1,1,1,1
1766788696-541,Rolex,Datejust 36,"116200
                     
                        (Datejust smooth bezel)",Automatic,Good,Professional dealer,Steel,Steel,Steel,United States of America,California,9284.0,,,1,1,1,1
1766788698-542,Rolex,Datejust 31,178241,Automatic,Good,Professional dealer,Steel,Rose gold,Steel,United States of America,California,9930.0,,,1,1,1,1
1766788700-543,Rolex,Submariner Date,16610,Automatic,Good,Professional dealer,Steel,Steel,Steel,United States of America,California,7508.0,,,1,1,1,1
1766788702-544,Rolex,Datejust 41,"126300
                     
                        (Datejust smooth bezel)",Automatic,Good,Professional dealer,Steel,Steel,Steel,United States of America,California,10011.0,,,1,1,1,1
1766788704-545,Rolex,Datejust 36,16233,Automatic,Good,Professional dealer,Steel,Yellow gold,Steel,United States of America,California,6943.0,,,1,1,1,1
1766788706-546,Rolex,Daytona,"116505
                     
                        (Everose)",Automatic,Good,Professional dealer,Rose gold,Rose gold,Rose Gold,United States of America,California,36169.0,,,1,1,1,1
1766788708-547,Rolex,Datejust 36,"116231
                     
                        (Arabic Dial)",Automatic,Good,Professional dealer,Steel,Rose gold,Steel,United States of America,California,9850.0,,,1,1,1,1
1766788710-548,Rolex,Datejust 41,"126300
                     
                        (Datejust smooth bezel)",Automatic,Good,Professional dealer,Steel,Steel,Steel,United States of America,California,15017.0,,,1,1,1,1
1766788713-549,Rolex,Sky-Dweller,326934,Automatic,Good,Professional dealer,Steel,Steel,Steel,United States of America,California,15985.0,,,1,1,1,1
1766788715-550,Rolex,Day-Date 36,"128345RBR
                     
                        (Everose)",Automatic,Good,Professional dealer,Rose gold,Rose gold,Rose Gold,United States of America,California,79119.0,,,1,1,1,1
1766788717-551,Rolex,Datejust 36,16220,Automatic,Good,Professional dealer,Steel,Steel,Steel,United States of America,California,5732.0,,,1,1,1,1
1766788719-552,Rolex,Datejust 41,"126334
                     
                        (Wimbledon)",Automatic,Good,Professional dealer,Steel,Steel,Steel,United States of America,California,9850.0,,,1,1,1,1
1766788721-553,Rolex,Daytona,116505,Automatic,Good,Professional dealer,Rose gold,Rose gold,Rose Gold,United States of America,California,45776.0,,,1,1,1,1
1766788723-554,Rolex,Yacht-Master II,116680,Automatic,Good,Professional dealer,Steel,Steel,Steel,United States of America,California,15218.0,,,1,1,1,1
1766788725-555,Rolex,Air King,"114210
                     
                        (Arabic Dial)",Automatic,Good,Professional dealer,Steel,Steel,Steel,United States of America,California,5732.0,,,1,1,1,1
1766788728-556,Rolex,Datejust 36,16233,Automatic,Good,Professional dealer,Steel,Yellow gold,Steel,United States of America,California,6701.0,,,1,1,1,1
1766788730-557,Rolex,Daytona,"116509
                     
                        (Arabic Dial)",Automatic,Good,Professional dealer,White gold,White gold,White Gold,United States of America,California,29710.0,,,1,1,1,1
1766788732-558,Rolex,Daytona,"116520
                     
                        (Daytona (1988-2015))",Automatic,Good,Professional dealer,Steel,Steel,Steel,United States of America,California,17600.0,,,1,1,1,1
1766788734-559,Rolex,Datejust 36,16233,Automatic,Good,Professional dealer,Steel,Yellow gold,Steel,United States of America,California,6782.0,,,1,1,1,1
1766788736-560,Rolex,Datejust 36,116233,Automatic,Good,Professional dealer,Steel,Yellow gold,Steel,United States of America,California,9688.0,,,1,1,1,1
1766788738-561,Rolex,Datejust 41,"126331
                     
                        (Chocolate)",Automatic,Very Good,Professional dealer,Steel,Rose gold,Steel,United States of America,California,12917.0,,,1,1,1,1
1766788740-562,Rolex,Datejust 36,116233,Automatic,Good,Professional dealer,Steel,Steel,Steel,United States of America,California,10818.0,,,1,1,1,1
1766788742-563,Rolex,Lady-Datejust,69173,Automatic,Good,Professional dealer,Steel,Yellow gold,Steel,United States of America,California,6136.0,,,1,1,1,1
1766788744-564,Rolex,Lady-Datejust,69173,Automatic,Good,Professional dealer,Steel,Yellow gold,Steel,United States of America,California,6136.0,,,1,1,1,1
1766788747-565,Rolex,Lady-Datejust,179171,Automatic,Good,Professional dealer,Steel,Rose gold,Steel,United States of America,California,9527.0,,,1,1,1,1
1766788749-566,Rolex,Datejust 36,16013,Automatic,Good,Professional dealer,Steel,Yellow gold,Steel,United States of America,California,5571.0,,,1,1,1,1
1766788751-567,Rolex,Lady-Datejust,69173,Automatic,Good,Professional dealer,Steel,Yellow gold,Steel,United States of America,California,6136.0,,,1,1,1,1
1766788753-568,Rolex,Lady-Datejust,69173,Automatic,Good,Professional dealer,Steel,Yellow gold,Steel,United States of America,California,6136.0,,,1,1,1,1
1766788755-569,Rolex,Lady-Datejust,69173,Automatic,Good,Professional dealer,Steel,Yellow gold,Steel,United States of America,California,6136.0,,,1,1,1,1
1766788757-570,Rolex,Datejust 41,"126300
                     
                        (Datejust smooth bezel)",Automatic,Good,Professional dealer,Steel,Steel,Steel,United States of America,California,8719.0,,,1,1,1,1
1766788759-571,Rolex,Lady-Datejust,69173,Automatic,Good,Professional dealer,Steel,Yellow gold,Steel,United States of America,California,6136.0,,,1,1,1,1
1766788761-572,Rolex,Day-Date 36,18048,Automatic,Good,Professional dealer,Yellow gold,Yellow gold,Yellow Gold,United States of America,California,18165.0,,,1,1,1,1
1766788763-573,Rolex,Datejust 41,126334,Automatic,Good,Professional dealer,Steel,Steel,Steel,United States of America,California,12837.0,,,1,1,1,1
1766788766-574,Rolex,Datejust 36,16233,Automatic,Good,Professional dealer,Steel,Yellow gold,Steel,United States of America,California,6539.0,,,1,1,1,1
1766788768-575,Rolex,Datejust 36,16030,Automatic,Good,Professional dealer,Steel,Steel,Steel,United States of America,California,6297.0,,,1,1,1,1
1766788770-576,Rolex,Datejust 36,16233,Automatic,Good,Professional dealer,Steel,Yellow gold,Steel,United States of America,California,6539.0,,,1,1,1,1
1766788772-577,Rolex,Datejust 36,16233,Automatic,Good,Professional dealer,Steel,Yellow gold,Steel,United States of America,California,6539.0,,,1,1,1,1
1766788774-578,Rolex,Sky-Dweller,326933,Automatic,Good,Professional dealer,Steel,Yellow gold,Steel,United States of America,California,17116.0,,,1,1,1,1
1766788776-579,Rolex,Lady-Datejust,69173,Automatic,Good,Professional dealer,Steel,Yellow gold,Steel,United States of America,California,6297.0,,,1,1,1,1
1766788778-580,Rolex,Datejust 36,16233,Automatic,Good,Professional dealer,Steel,Yellow gold,Steel,United States of America,California,6539.0,,,1,1,1,1
1766788780-581,Rolex,Lady-Datejust,69173,Automatic,Good,Professional dealer,Steel,Yellow gold,Steel,United States of America,California,6136.0,,,1,1,1,1
1766788783-582,Rolex,Lady-Datejust,179173,Automatic,Good,Professional dealer,Steel,Yellow gold,Steel,United States of America,California,7589.0,,,1,1,1,1
1766788785-583,Rolex,Datejust 36,16013,Automatic,Good,Professional dealer,Steel,Yellow gold,Steel,United States of America,California,6297.0,,,1,1,1,1
1766788787-584,Rolex,Cellini,3807,Manual,Good,Professional dealer,White gold,Leather,White Gold,United States of America,California,4198.0,,,1,1,1,1
1766788789-585,Rolex,Datejust 41,126333,Automatic,Good,Professional dealer,Steel,Yellow gold,Steel,United States of America,California,15662.0,,,1,1,1,1
1766788791-586,Rolex,Oyster Perpetual Lady Date,79160,Automatic,Good,Professional dealer,Steel,Steel,Steel,United States of America,California,4763.0,,,1,1,1,1
1766788793-587,Rolex,Datejust 36,"116203
                     
                        (Datejust smooth bezel)",Automatic,Good,Professional dealer,Steel,Yellow gold,Steel,United States of America,California,10495.0,,,1,1,1,1
1766788795-588,Rolex,Datejust II,116333,Automatic,Good,Professional dealer,Steel,Yellow gold,Steel,United States of America,California,10092.0,,,1,1,1,1
1766788797-589,Rolex,Oyster Perpetual Lady Date,69160,Automatic,Good,Professional dealer,Steel,Steel,Steel,United States of America,California,3956.0,,,1,1,1,1
1766788799-590,Rolex,Datejust 36,16233,Automatic,Good,Professional dealer,Steel,Yellow gold,Steel,United States of America,California,7428.0,,,1,1,1,1
1766788802-591,Rolex,Yacht-Master 40,116622,Automatic,Good,Professional dealer,Steel,Steel,Steel,United States of America,California,7912.0,,,1,1,1,1
1766788804-592,Rolex,Explorer II,"216570
                     
                        (Explorer II 216570 Black)",Automatic,Good,Professional dealer,Steel,Steel,Steel,United States of America,California,8961.0,,,1,1,1,1
1766788806-593,Rolex,Oyster Perpetual 31,67480,Automatic,Good,Professional dealer,Steel,Steel,Steel,United States of America,California,5248.0,,,1,1,1,1
1766788808-594,Rolex,Lady-Datejust,69178,Automatic,Good,Professional dealer,Yellow gold,Yellow gold,Yellow Gold,United States of America,California,10011.0,,,1,1,1,1
1766788810-595,Rolex,Datejust 36,1603,Automatic,Good,Professional dealer,Steel,Steel,Steel,United States of America,California,5813.0,,,1,1,1,1
1766788812-596,Rolex,Datejust 36,126234,Automatic,Good,Professional dealer,Steel,Yellow gold,Steel,United States of America,California,19457.0,,,1,1,1,1
1766788814-597,Rolex,Oyster Perpetual Lady Date,79160,Automatic,Good,Professional dealer,Steel,Steel,Steel,United States of America,California,5490.0,,,1,1,1,1
1766788816-598,Rolex,Datejust 36,126200,Automatic,Good,Professional dealer,Steel,Steel,Steel,United States of America,California,10253.0,,,1,1,1,1
1766788819-599,Rolex,Datejust 41,126300,Automatic,Good,Professional dealer,Yellow gold,Yellow gold,Yellow Gold,United States of America,California,6539.0,,,1,1,1,1
1766788821-600,Rolex,Day-Date 36,"118205
                     
                        (Everose)",Automatic,Good,Professional dealer,Rose gold,Rose gold,Rose Gold,United States of America,California,25916.0,,,1,1,1,1
1766788825-601,Rolex,Datejust 36,116233,Automatic,Good,Professional dealer,Steel,Yellow gold,Steel,United States of America,California,10899.0,,,1,1,1,1
1766788827-602,Rolex,Submariner Date,116610LN,Automatic,Good,Professional dealer,Steel,Steel,Steel,United States of America,California,11303.0,,,1,1,1,1
1766788829-603,Rolex,Datejust 31,278274,Automatic,Very Good,Professional dealer,Steel,Steel,Steel,United States of America,California,12191.0,,,1,1,1,1
1766788832-604,Rolex,Daytona,"116515LN
                     
                        (Everose)",Automatic,Good,Professional dealer,Rose gold,Rose gold,Rose Gold,United States of America,California,39317.0,,,1,1,1,1
1766788834-605,Rolex,Lady-Datejust,69173,Automatic,Good,Professional dealer,Steel,Yellow gold,Steel,United States of America,California,6297.0,,,1,1,1,1
1766788836-606,Rolex,Lady-Datejust,69178,Automatic,Good,Professional dealer,Yellow gold,Yellow gold,Yellow Gold,United States of America,California,9930.0,,,1,1,1,1
1766788838-607,Rolex,Lady-Datejust,69173,Automatic,Good,Professional dealer,Steel,Yellow gold,Steel,United States of America,California,6297.0,,,1,1,1,1
1766788840-608,Rolex,Datejust 36,116233,Automatic,Good,Professional dealer,Steel,Yellow gold,Steel,United States of America,California,10657.0,,,1,1,1,1
1766788842-609,Rolex,Day-Date 36,"18238
                     
                        (Day-Date 36mm (up to 2000))",Automatic,Good,Professional dealer,Yellow gold,Yellow gold,Yellow Gold,United States of America,California,15501.0,,,1,1,1,1
1766788844-610,Rolex,Datejust 31,"178243
                     
                        (Arabic Dial)",Automatic,Good,Professional dealer,Steel,Yellow gold,Steel,United States of America,California,11383.0,,,1,1,1,1
1766788846-611,Rolex,GMT-Master II,"126710GRNR
                     
                        (Bruce Wayne)",Automatic,Very Good,Professional dealer,Steel,Steel,Steel,United States of America,California,18650.0,,,1,1,1,1
1766788848-612,Rolex,GMT-Master II,"126710BLRO
                     
                        (Pepsi)",Automatic,Good,Professional dealer,Steel,Steel,Steel,United States of America,California,19215.0,,,1,1,1,1
1766788851-613,Rolex,Yacht-Master 42,226627,Automatic,Good,Professional dealer,Titanium,Titanium,Other,United States of America,California,23978.0,,,1,1,1,1
1766788853-614,Rolex,Submariner Date,126610LV,Automatic,Good,Professional dealer,Steel,Steel,Steel,United States of America,California,13967.0,,,1,1,1,1
1766788855-615,Rolex,GMT-Master II,"126710GRNR
                     
                        (Bruce Wayne)",Automatic,Very Good,Professional dealer,Steel,Steel,Steel,United States of America,California,17196.0,,,1,1,1,1
1766788857-616,Rolex,GMT-Master II,126710BLNR,Automatic,Very Good,Professional dealer,Steel,Steel,Steel,United States of America,California,18488.0,,,1,1,1,1
1766788859-617,Rolex,Datejust 36,116234,Automatic,Good,Professional dealer,Steel,Steel,Steel,United States of America,California,7347.0,,,1,1,1,1
1766788861-618,Rolex,Datejust 36,126231,Automatic,Very Good,Professional dealer,Steel,Rose gold,Steel,United States of America,California,19457.0,,,1,1,1,1
1766788863-619,Rolex,Lady-Datejust,69173,Automatic,Good,Professional dealer,Steel,Yellow gold,Steel,United States of America,California,6539.0,,,1,1,1,1
1766788865-620,Rolex,Yacht-Master II,116680,Automatic,Good,Professional dealer,Steel,Steel,Steel,United States of America,California,13886.0,,,1,1,1,1
1766788868-621,Rolex,Submariner Date,126610LN,Automatic,Good,Professional dealer,Steel,Steel,Steel,United States of America,California,13805.0,,,1,1,1,1
1766788870-622,Rolex,Lady-Datejust,69178,Automatic,Good,Professional dealer,Yellow gold,Yellow gold,Yellow Gold,United States of America,California,11141.0,,,1,1,1,1
1766788872-623,Rolex,Oyster Perpetual,134300,Automatic,Good,Professional dealer,Steel,Steel,Steel,United States of America,California,12998.0,,,1,1,1,1
1766788874-624,Rolex,Submariner Date,126610LN,Automatic,Good,Professional dealer,Steel,Steel,Steel,United States of America,California,13805.0,,,1,1,1,1
1766788876-625,Rolex,Datejust 36,126234,Automatic,Very Good,Professional dealer,Steel,Steel,Steel,United States of America,California,14613.0,,,1,1,1,1
1766788878-626,Rolex,Submariner Date,126610LV,Automatic,Good,Professional dealer,Steel,Steel,Steel,United States of America,California,13967.0,,,1,1,1,1
1766788880-627,Rolex,Sky-Dweller,336934,Automatic,Very Good,Professional dealer,Steel,Steel,Steel,United States of America,California,24866.0,,,1,1,1,1
1766788882-628,Rolex,Sky-Dweller,336934,Automatic,Very Good,Professional dealer,Steel,Steel,Steel,United States of America,California,22686.0,,,1,1,1,1
1766788884-629,Rolex,Oyster Perpetual,134300,Automatic,Good,Professional dealer,Steel,Steel,Steel,United States of America,California,15017.0,,,1,1,1,1
1766788887-630,Rolex,GMT-Master II,"126720VTNR
                     
                        (Sprite)",Automatic,Good,Professional dealer,Steel,Steel,Steel,United States of America,California,15097.0,,,1,1,1,1
1766788889-631,Rolex,Submariner Date,126610LN,Automatic,Good,Professional dealer,Steel,Steel,Steel,United States of America,California,13805.0,,,1,1,1,1
1766788891-632,Rolex,Datejust 36,"126231
                     
                        (Wimbledon)",Automatic,Good,Professional dealer,Steel,Rose gold,Steel,United States of America,California,16793.0,,,1,1,1,1
1766788893-633,Rolex,Oyster Perpetual Lady Date,69160,Automatic,Good,Professional dealer,Steel,Steel,Steel,United States of America,California,5813.0,,,1,1,1,1
1766788895-634,Rolex,Datejust 36,"116203
                     
                        (Datejust smooth bezel)",Automatic,Good,Professional dealer,Steel,Yellow gold,Steel,United States of America,California,9850.0,,,1,1,1,1
1766788897-635,Rolex,Submariner Date,"16613
                     
                        (Submariner (1990-2010))",Automatic,Good,Professional dealer,Steel,Yellow gold,Steel,United States of America,California,11787.0,,,1,1,1,1
1766788899-636,Rolex,Datejust 41,"126300
                     
                        (Datejust smooth bezel)",Automatic,Good,Professional dealer,Steel,Steel,Steel,United States of America,California,11141.0,,,1,1,1,1
1766788902-637,Rolex,Datejust 41,"126300
                     
                        (Datejust smooth bezel)",Automatic,Good,Professional dealer,Steel,Steel,Steel,United States of America,California,11949.0,,,1,1,1,1
1766788904-638,Rolex,Lady-Datejust,"79174
                     
                        (Datejust Diamonds)",Automatic,Good,Professional dealer,Steel,Steel,Steel,United States of America,California,6297.0,,,1,1,1,1
1766788906-639,Rolex,Datejust 41,"126300
                     
                        (Datejust smooth bezel)",Automatic,Good,Professional dealer,Steel,Steel,Steel,United States of America,California,11141.0,,,1,1,1,1
1766788908-640,Rolex,Datejust 36,16234,Automatic,Good,Professional dealer,Steel,Steel,Steel,United States of America,California,6136.0,,,1,1,1,1
1766788911-641,Rolex,Oyster Perpetual 34,"14233
                     
                        (Oyster Perpetual Vintage)",Automatic,Good,Professional dealer,Steel,Yellow gold,Steel,United States of America,California,6297.0,,,1,1,1,1
1766788913-642,Rolex,Datejust 36,16233,Automatic,Good,Professional dealer,Steel,Yellow gold,Steel,United States of America,California,6620.0,,,1,1,1,1
1766788915-643,Rolex,GMT-Master II,"126713GRNR
                     
                        (Zombie)",Automatic,Good,Professional dealer,Steel,Yellow gold,Steel,United States of America,California,20264.0,,,1,1,1,1
1766788917-644,Rolex,Datejust 41,126331,Automatic,Good,Professional dealer,Steel,Rose gold,Steel,United States of America,California,17196.0,,,1,1,1,1
1766788919-645,Rolex,Daytona,116509,Automatic,Good,Professional dealer,White gold,White gold,White Gold,United States of America,California,33908.0,,,1,1,1,1
1766788921-646,Rolex,Datejust 36,16233,Automatic,Good,Professional dealer,Steel,Yellow gold,Steel,United States of America,California,5894.0,,,1,1,1,1
1766788923-647,Rolex,Datejust 31,278273,Automatic,Good,Professional dealer,Steel,Yellow gold,Steel,United States of America,California,16793.0,,,1,1,1,1
1766788925-648,Rolex,Datejust 31,278271,Automatic,Good,Professional dealer,Steel,Rose gold,Steel,United States of America,California,17842.0,,,1,1,1,1
1766788927-649,Rolex,Datejust 36,126231,Automatic,Very Good,Professional dealer,Steel,Rose gold,Steel,United States of America,California,13967.0,,,1,1,1,1
1766788930-650,Rolex,Datejust 36,"126200
                     
                        (Wimbledon)",Automatic,Very Good,Professional dealer,Steel,Steel,Steel,United States of America,California,10415.0,,,1,1,1,1
1766788932-651,Rolex,Datejust 31,278273,Automatic,Good,Professional dealer,Steel,Yellow gold,Steel,United States of America,California,18650.0,,,1,1,1,1
1766788934-652,Rolex,Datejust 36,"116231
                     
                        (Everose)",Automatic,Good,Professional dealer,Rose gold,Rose gold,Rose Gold,United States of America,California,13967.0,,,1,1,1,1
1766788936-653,Rolex,Daytona,"116520
                     
                        (Daytona (1988-2015))",Automatic,Good,Professional dealer,Steel,Steel,Steel,United States of America,California,17761.0,,,1,1,1,1
1766788938-654,Rolex,Submariner Date,16610,Automatic,Good,Professional dealer,Steel,Rubber,Steel,United States of America,California,6297.0,,,1,1,1,1
1766788940-655,Rolex,Datejust 36,16234,Automatic,Good,Professional dealer,Steel,Steel,Steel,United States of America,California,6297.0,,,1,1,1,1
1766788942-656,Rolex,Day-Date II,"218239
                     
                        (Day-Date Roman numerals)",Automatic,Good,Professional dealer,White gold,White gold,White Gold,United States of America,California,37138.0,,,1,1,1,1
1766788944-657,Rolex,Oyster Perpetual Lady Date,69160,Automatic,Good,Professional dealer,Steel,Steel,Steel,United States of America,California,3794.0,,,1,1,1,1
1766788946-658,Rolex,Lady-Datejust,69173,Automatic,Good,Professional dealer,Steel,Yellow gold,Steel,United States of America,California,5894.0,,,1,1,1,1
1766788949-659,Rolex,Submariner Date,"16613
                     
                        (Submariner (1990-2010))",Automatic,Good,Professional dealer,Steel,Yellow gold,Steel,United States of America,California,7670.0,,,1,1,1,1
1766788951-660,Rolex,Datejust 41,126334,Automatic,Good,Professional dealer,Steel,Steel,Steel,United States of America,California,11545.0,,,1,1,1,1
1766788953-661,Rolex,Submariner Date,"16800
                     
                        (Submariner Vintage)",Automatic,Good,Professional dealer,Steel,Steel,Steel,United States of America,California,7347.0,,,1,1,1,1
1766788955-662,Rolex,Lady-Datejust,69173,Automatic,Good,Professional dealer,Steel,Yellow gold,Steel,United States of America,California,6136.0,,,1,1,1,1
1766788957-663,Rolex,Datejust 36,16233,Automatic,Good,Professional dealer,Steel,Yellow gold,Steel,United States of America,California,6539.0,,,1,1,1,1
1766788959-664,Rolex,Datejust II,116333,Automatic,Good,Professional dealer,Steel,Yellow gold,Steel,United States of America,California,9930.0,,,1,1,1,1
1766788961-665,Rolex,Day-Date 40,228236,Automatic,Good,Professional dealer,Platinum,Platinum,Platinum,United States of America,California,70319.0,,,1,1,1,1
1766788963-666,Rolex,Datejust 36,16233,Automatic,Good,Professional dealer,Steel,Yellow gold,Steel,United States of America,California,6539.0,,,1,1,1,1
1766788966-667,Rolex,Lady-Datejust,69178,Automatic,Good,Professional dealer,Yellow gold,Yellow gold,Yellow Gold,United States of America,California,9850.0,,,1,1,1,1
1766788968-668,Rolex,Day-Date 36,128345RBR,Automatic,Good,Professional dealer,Yellow gold,Yellow gold,Yellow Gold,United States of America,California,66040.0,,,1,1,1,1
1766788970-669,Rolex,Sky-Dweller,326934,Automatic,Good,Professional dealer,Steel,Steel,Steel,United States of America,California,15097.0,,,1,1,1,1
1766788972-670,Rolex,Datejust 36,116233,Automatic,Good,Professional dealer,Steel,Yellow gold,Steel,United States of America,California,7912.0,,,1,1,1,1
1766788974-671,Rolex,Yacht-Master 40,16628,Automatic,Good,Professional dealer,Yellow gold,Yellow gold,Yellow Gold,United States of America,California,19215.0,,,1,1,1,1
1766788976-672,Rolex,Datejust II,116334,Automatic,Good,Professional dealer,Steel,Steel,Steel,United States of America,California,9769.0,,,1,1,1,1
1766788978-673,Rolex,Cellini Time,"50705RBR
                     
                        (Everose)",Automatic,Good,Professional dealer,Rose gold,Leather,Rose Gold,United States of America,California,13483.0,,,1,1,1,1
1766788980-674,Rolex,Explorer II,"216570
                     
                        (Explorer II 216570 Black)",Automatic,Very Good,Professional dealer,Steel,Steel,Steel,Italy,Fornacette (PI),8136.0,2016.0,8.0,1,1,1,1
1766788982-675,Rolex,Day-Date 36,118238,Automatic,Very Good,Professional dealer,Yellow gold,Yellow gold,Yellow Gold,Germany,Düsseldorf,24742.0,2008.0,16.0,1,1,1,1
1766788985-676,Rolex,Daytona,"126515LN
                     
                        (Everose)",Automatic,New,Professional dealer,Rose gold,Rubber,Rose Gold,UAE,Dubai,39376.0,,,1,1,1,1
1766788987-677,Rolex,Day-Date 36,118238,Automatic,Very Good,Professional dealer,Yellow gold,Yellow gold,Yellow Gold,Spain,Madrid,24742.0,2008.0,16.0,1,1,1,1
1766788989-678,Rolex,Sea-Dweller,"126600
                     
                        (Sea-Dweller (from 2017))",Automatic,Very Good,Partner Certified Included,Ceramic,Steel,Other,United Kingdom,Kingston Upon Hull,10847.0,2023.0,1.0,1,1,1,0
1766788991-679,Rolex,Lady-Datejust,179174,Automatic,Very Good,Professional dealer,Steel,Steel,Steel,United Kingdom,London,6923.0,2013.0,11.0,1,1,1,1
1766788993-680,Rolex,Datejust 36,116234,Automatic,Very Good,Partner Certified Included,Steel,Steel,Steel,United Kingdom,Kingston Upon Hull,7577.0,2015.0,9.0,1,1,1,0
1766788995-681,Rolex,Daytona,116508,Automatic,Very Good,Partner Certified Included,Yellow gold,Yellow gold,Yellow Gold,Italy,ROMA RM,64234.0,2020.0,4.0,1,1,1,0
1766788997-682,Rolex,Datejust 31,"178343
                     
                        (Two-tone)",Automatic,New,Professional dealer,Steel,Gold/Steel,Steel,Germany,Nittenau,13227.0,2015.0,9.0,1,1,1,1
1766789000-683,Rolex,GMT-Master,"6542
                     
                        (Pussy Galore)",Automatic,Very Good,Private Seller,Steel,Steel,Steel,Italy,Unknown,87548.0,1958.0,66.0,1,1,1,0
1766789002-684,Rolex,Oyster Perpetual Date,15238,Automatic,Very Good,Partner Certified Included,Yellow gold,Leather,Yellow Gold,Italy,Roma,9516.0,1993.0,31.0,1,1,1,0
1766789004-685,Rolex,Sky-Dweller,326139,Automatic,New,Private Seller,White gold,Crocodile skin,White Gold,Germany,Unknown,26550.0,2018.0,6.0,1,1,1,0
1766789006-686,Rolex,Datejust 36,16013,Automatic,Very Good,Professional dealer,Gold/Steel,Gold/Steel,Gold/Steel,Italy,Bologna,4377.0,1985.0,39.0,1,1,1,1
1766789008-687,Rolex,GMT-Master II,16713,Automatic,Very Good,Partner Certified Included,Gold/Steel,Gold/Steel,Gold/Steel,United Kingdom,London,10678.0,2001.0,23.0,1,1,1,0
1766789010-688,Rolex,Datejust II,"116300
                     
                        (Datejust smooth bezel)",Automatic,Very Good,Partner Certified Included,Steel,Steel,Steel,United Kingdom,London,6972.0,2017.0,7.0,1,1,1,0
1766789012-689,Rolex,Submariner (No Date),"114060
                     
                        (Submariner Ceramic Bezel Dark)",Automatic,Good,Partner Certified Included,Steel,Steel,Steel,United Kingdom,London,9261.0,2014.0,10.0,1,1,1,0
1766789014-690,Rolex,Datejust 41,126334,Automatic,Very Good,Partner Certified Included,Steel,Steel,Steel,United Kingdom,London,9697.0,2017.0,7.0,1,1,1,0
1766789017-691,Rolex,Air King,"116900
                     
                        (Arabic Dial)",Automatic,Very Good,Partner Certified Included,Steel,Steel,Steel,United Kingdom,London,6427.0,2017.0,7.0,1,1,1,0
1766789019-692,Rolex,Datejust 36,"126234
                     
                        (Wimbledon)",Automatic,New,Private Seller,Steel,Steel,Steel,United States of America,Florida,11303.0,2024.0,0.0,1,1,1,0
1766789021-693,Rolex,Air King,"114200
                     
                        (Arabic Dial)",Automatic,Very Good,Professional dealer,Steel,Steel,Steel,Italy,Milano,4948.0,2012.0,12.0,1,1,1,1
1766789023-694,Rolex,Submariner Date,16610LV,Automatic,Very Good,Professional dealer,Steel,Steel,Steel,Italy,Roma,18556.0,2003.0,21.0,1,1,1,1
1766789025-695,Rolex,Submariner (No Date),114060,Automatic,Very Good,Partner Certified Included,Steel,Steel,Steel,Germany,Chemnitz,9088.0,2012.0,12.0,1,1,1,0
1766789027-696,Rolex,Oyster Perpetual 41,124300,Automatic,New,Professional dealer,Steel,Steel,Steel,Spain,Madrid,9992.0,,,1,1,1,1
1766789029-697,Rolex,Datejust 36,116203,Automatic,Very Good,Professional dealer,Gold/Steel,Gold/Steel,Gold/Steel,United Kingdom,London,7577.0,2011.0,13.0,1,1,1,1
1766789031-698,Rolex,Explorer II,"216570
                     
                        (Explorer II 216570 White)",Automatic,New,Private Seller,Steel,Steel,Steel,United Kingdom,Unknown,10012.0,2016.0,8.0,1,1,1,0
1766789034-699,Rolex,Oyster Perpetual 31,277200,Automatic,New,Professional dealer,Steel,Steel,Steel,Netherlands,Alkmaar,6946.0,,,1,1,1,1
1766789036-700,Rolex,Sea-Dweller 4000,16600,Automatic,New,Professional dealer,Steel,Steel,Steel,Italy,Bologna,10658.0,2003.0,21.0,1,1,1,1
1766789038-701,Rolex,Submariner Date,116610LN,Automatic,Very Good,Partner Certified Included,Steel,Steel,Steel,United States of America,Florida,9648.0,,,1,1,1,0
1766789040-702,Rolex,Oyster Perpetual Date,"67193
                     
                        (Two-tone)",Automatic,Very Good,Professional dealer,Gold/Steel,Gold/Steel,Gold/Steel,Germany,Hamburg,4463.0,1992.0,32.0,1,1,1,1
1766789042-703,Rolex,Datejust 36,126234,Automatic,New,Professional dealer,Gold/Steel,Steel,Gold/Steel,Netherlands,Zoetermeer,11277.0,,,1,1,1,1
1766789044-704,Rolex,GMT-Master II,"126720VTNR
                     
                        (Sprite)",Automatic,New,Professional dealer,Steel,Steel,Steel,Italy,ZEVIO,17034.0,,,1,1,1,1
1766789046-705,Rolex,Datejust 31,"278278
                     
                        (Red Face)",Automatic,New,Private Seller,Yellow gold,Yellow gold,Yellow Gold,India,Unknown,34187.0,,,1,1,1,0
1766789049-706,Rolex,Oyster Perpetual Date,"1501
                     
                        (Oyster Perpetual Vintage)",Automatic,Very Good,Professional dealer,Steel,Steel,Steel,Spain,Madrid,4282.0,1953.0,71.0,1,1,1,1
1766789051-707,Rolex,Oyster Perpetual Date,15200,Automatic,Fair,Professional dealer,Steel,Steel,Steel,Japan,京都市,3561.0,,,1,1,1,1
1766789053-708,Rolex,Oyster Perpetual 26,"176200
                     
                        (Red Face)",Automatic,Very Good,Professional dealer,Steel,Steel,Steel,Japan,京都市,3501.0,,,1,1,1,1
1766789055-709,Rolex,Yacht-Master 40,116622,Automatic,Very Good,Professional dealer,Steel,Steel,Steel,UAE,Dubai,10154.0,2017.0,7.0,1,1,1,1
1766789057-710,Rolex,Datejust 31,278274,Automatic,New,Professional dealer,Steel,Steel,Steel,Netherlands,Woerden,11181.0,,,1,1,1,1
1766789059-711,Rolex,Datejust 36,126201,Automatic,Very Good,Partner Certified Included,Gold/Steel,Gold/Steel,Gold/Steel,France,Lyon,11895.0,2018.0,6.0,1,1,1,0
1766789061-712,Rolex,Oyster Perpetual Lady Date,6917,Automatic,Very Good,Partner Certified Included,Gold/Steel,Gold/Steel,Gold/Steel,Italy,Roma,3521.0,1983.0,41.0,1,1,1,0
1766789066-714,Rolex,GMT-Master II,"126710GRNR
                     
                        (Bruce Wayne)",Automatic,New,Professional dealer,Steel,Steel,Steel,Germany,Weingarten,17748.0,,,1,1,1,1
1766789068-715,Rolex,Submariner Date,116610LV,Automatic,New,Professional dealer,Steel,Steel,Steel,Switzerland,Lugano,19984.0,2020.0,4.0,1,1,1,1
1766789070-716,Rolex,Submariner Date,126610lv,Automatic,New,Professional dealer,Steel,Steel,Steel,UAE,dubai,12636.0,,,1,1,1,1
1766789072-717,Rolex,Explorer,"114270
                     
                        (Arabic Dial)",Automatic,Very Good,Professional dealer,Steel,Steel,Steel,Bulgaria,Sofia,5615.0,,,1,1,1,1
1766789074-718,Rolex,Submariner (No Date),124060,Automatic,New,Professional dealer,Steel,Steel,Steel,Switzerland,Lugano,11895.0,,,1,1,1,1
1766789076-719,Rolex,Daytona,,Automatic,Unknown,Professional dealer,Steel,Steel,Steel,United States of America,New York,27993.0,,,1,1,1,1
1766789078-720,Rolex,Sea-Dweller 4000,,Automatic,Unknown,Professional dealer,Steel,Steel,Steel,United States of America,New York,9875.0,,,1,1,1,1
1766789083-721,Rolex,Submariner Date,,Automatic,Very Good,Professional dealer,Yellow gold and steel,Gold/Steel,Gold/Steel,United States of America,New York,13582.0,,,1,1,1,1
1766789085-722,Rolex,Datejust,,Automatic,Unknown,Professional dealer,Yellow gold and steel,Gold/Steel,Gold/Steel,United States of America,New York,5759.0,,,1,1,1,1
1766789087-723,Rolex,Submariner Date,,Automatic,Unknown,Professional dealer,Yellow gold and steel,Gold/Steel,Gold/Steel,United States of America,New York,11111.0,,,1,1,1,1
1766789089-724,Rolex,Yacht-Master 40,,Automatic,New,Professional dealer,Steel,Steel,Steel,United States of America,New York,12347.0,,,1,1,1,1
1766789092-725,Rolex,Datejust,,Automatic,Very Good,Professional dealer,White gold and steel,Steel,Gold/Steel,United States of America,New York,11111.0,,,1,1,1,1
1766789094-726,Rolex,Daytona,"116508
                     
                        (Panda)",Automatic,Very Good,Professional dealer,Yellow gold,Yellow gold,Yellow Gold,Belgium,Temse,39187.0,2022.0,2.0,1,1,1,1
1766789096-727,Rolex,Daytona,126500ln,Automatic,New,Professional dealer,Steel,Steel,Steel,Germany,Köln,25969.0,2024.0,0.0,1,1,1,1
1766789098-728,Rolex,Daytona,"116520
                     
                        (Daytona (1988-2015))",Automatic,Very Good,Professional dealer,Steel,Steel,Steel,UAE,dubai,16021.0,,,1,1,1,1
1766789100-729,Rolex,Submariner (No Date),"14060M
                     
                        (Submariner (1990-2010))",Automatic,Very Good,Partner Certified Included,Steel,Steel,Steel,Italy,Roma,8755.0,2007.0,17.0,1,1,1,0
1766789102-730,Rolex,Day-Date 36,"18038
                     
                        (Day-Date 36mm (up to 2000))",Automatic,Very Good,Professional dealer,Yellow gold,Yellow gold,Yellow Gold,Italy,Milano,15216.0,1978.0,46.0,1,1,1,1
1766789104-731,Rolex,Datejust 36,116234,Automatic,Very Good,Professional dealer,Steel,Steel,Steel,UAE,dubai,6995.0,,,1,1,1,1
1766789107-732,Rolex,Submariner Date,"126610LN
                     
                        (Submariner Ceramic Bezel Dark)",Automatic,New,Professional dealer,Steel,Steel,Steel,Italy,Eur (RM),12655.0,2021.0,3.0,1,1,1,1
1766789109-733,Rolex,Explorer,"124273
                     
                        (Two-tone)",Automatic,Good,Professional dealer,Gold/Steel,Gold/Steel,Gold/Steel,Japan,Nagoya,8550.0,,,1,1,1,1
1766789111-734,Rolex,Yacht-Master 40,16622,Automatic,Very Good,Partner Certified Included,Steel,Steel,Steel,Italy,Roma,8755.0,2001.0,23.0,1,1,1,0
1766789113-735,Rolex,Sky-Dweller,326934,Automatic,Very Good,Partner Certified Included,Steel,Steel,Steel,Italy,Milano,18985.0,2022.0,2.0,1,1,1,0
1766789115-736,Rolex,Day-Date,"228236
                     
                        (Day-Date Roman numerals)",Automatic,Very Good,Professional dealer,Platinum,Unknown,Platinum,United Kingdom,Newcastle Upon Tyne,63175.0,2024.0,0.0,1,1,1,1
1766789117-737,Rolex,Daytona,"116500LN
                     
                        (Daytona (from 2016))",Automatic,Very Good,Professional dealer,Steel,Unknown,Steel,United Kingdom,Newcastle Upon Tyne,24801.0,2021.0,3.0,1,1,1,1
1766789119-738,Rolex,Daytona,"116500LN
                     
                        (Daytona (from 2016))",Automatic,Very Good,Professional dealer,Steel,Unknown,Steel,United Kingdom,Newcastle Upon Tyne,20441.0,2018.0,6.0,1,1,1,1
1766789121-739,Rolex,Submariner Date,126610LV,Automatic,Very Good,Professional dealer,Steel,Unknown,Steel,United Kingdom,Newcastle Upon Tyne,13682.0,,,1,1,1,1
1766789123-740,Rolex,Sea-Dweller,136660,Automatic,Very Good,Professional dealer,Steel,Unknown,Steel,United Kingdom,Newcastle Upon Tyne,13573.0,2023.0,1.0,1,1,1,1
1766789126-741,Rolex,Oyster Perpetual 31,277200,Automatic,Very Good,Professional dealer,Steel,Unknown,Steel,United Kingdom,Newcastle Upon Tyne,8667.0,2021.0,3.0,1,1,1,1
1766789128-742,Rolex,Explorer,"224270
                     
                        (Arabic Dial)",Automatic,New,Professional dealer,Steel,Unknown,Steel,United Kingdom,Newcastle Upon Tyne,7904.0,,,1,1,1,1
1766789130-743,Rolex,Day-Date 36,"128345RBR
                     
                        (Everose)",Automatic,Very Good,Professional dealer,Rose gold,Rose gold,Rose Gold,UAE,dubai,39037.0,,,1,1,1,1
1766789132-744,Rolex,Explorer,"224270
                     
                        (Arabic Dial)",Automatic,New,Professional dealer,Steel,Steel,Steel,Germany,München,8707.0,,,1,1,1,1
1766789134-745,Rolex,Sea-Dweller Deepsea,126660,Automatic,Very Good,Professional dealer,Steel,Steel,Steel,UAE,Dubai,11463.0,2021.0,3.0,1,1,1,1
1766789136-746,Rolex,Submariner Date,16610,Automatic,Very Good,Partner Certified Included,Steel,Steel,Steel,Italy,Roma,8945.0,2005.0,19.0,1,1,1,0
1766789138-747,Rolex,Land-Dweller,"127234
                     
                        (Arabic Dial)",Automatic,New,Professional dealer,Steel,Steel,Steel,Belgium,Antwerp,18937.0,,,1,1,1,1
1766789140-748,Rolex,Datejust 31,278273,Automatic,Very Good,Professional dealer,Gold/Steel,Gold/Steel,Gold/Steel,UAE,dubai,12298.0,2022.0,2.0,1,1,1,1
1766789142-749,Rolex,Day-Date 40,228236,Automatic,New,Professional dealer,Platinum,Platinum,Platinum,Netherlands,Amstelveen,72798.0,,,1,1,1,1
1766789145-750,Rolex,Datejust 36,1603,Unknown,Good,Professional dealer,Steel,Unknown,Steel,Japan,Aichi,4849.0,1971.0,53.0,1,1,1,1
1766789147-751,Rolex,Datejust 41,126303,Automatic,Very Good,Partner Certified Included,Gold/Steel,Gold/Steel,Gold/Steel,Italy,Roma,11324.0,2020.0,4.0,1,1,1,0
1766789149-752,Rolex,Submariner (No Date),"114060
                     
                        (Submariner Ceramic Bezel Dark)",Unknown,New,Private Seller,Steel,Steel,Steel,France,Unknown,12276.0,,,1,1,1,0
1766789151-753,Rolex,Datejust 31,6827,Automatic,Very Good,Partner Certified Included,Yellow gold,Unknown,Yellow Gold,Italy,ROMA RM,9469.0,1979.0,45.0,1,1,1,0
1766789153-754,Rolex,Datejust,,Unknown,Very Good,Professional dealer,Unknown,Unknown,Other,United States of America,Florida,5571.0,1996.0,28.0,1,1,1,1
1766789155-755,Rolex,Submariner,,Unknown,Very Good,Professional dealer,Unknown,Unknown,Other,United States of America,Florida,16066.0,1974.0,50.0,1,1,1,1
1766789157-756,Rolex,Oyster Perpetual,,Unknown,Very Good,Professional dealer,Unknown,Unknown,Other,United States of America,Florida,3956.0,1970.0,54.0,1,1,1,1
1766789160-757,Rolex,Explorer,,Unknown,Very Good,Professional dealer,Unknown,Unknown,Other,United States of America,Florida,5571.0,1990.0,34.0,1,1,1,1
1766789162-758,Rolex,Oyster Perpetual,,Unknown,Very Good,Professional dealer,Unknown,Unknown,Other,United States of America,Florida,3956.0,2000.0,24.0,1,1,1,1
1766789164-759,Rolex,GMT-Master,,Unknown,Very Good,Professional dealer,Unknown,Unknown,Other,United States of America,Florida,11222.0,1991.0,33.0,1,1,1,1
1766789166-760,Rolex,Air King,,Unknown,Very Good,Professional dealer,Unknown,Unknown,Other,United States of America,Florida,3149.0,1990.0,34.0,1,1,1,1
1766789168-761,Rolex,Datejust,,Unknown,Very Good,Professional dealer,Unknown,Unknown,Other,United States of America,Florida,9284.0,,,1,1,1,1
1766789170-762,Rolex,Daytona,,Unknown,Very Good,Professional dealer,Unknown,Unknown,Other,United States of America,Florida,63780.0,1967.0,57.0,1,1,1,1
1766789172-763,Rolex,Air King,,Unknown,Very Good,Professional dealer,Unknown,Steel,Other,United States of America,Florida,3956.0,1990.0,34.0,1,1,1,1
1766789174-764,Rolex,Submariner Date,126610lv,Automatic,Very Good,Professional dealer,Steel,Steel,Steel,United Kingdom,Carlisle,12700.0,2023.0,1.0,1,1,1,1
1766789176-765,Rolex,Submariner (No Date),"14060M
                     
                        (Submariner (1990-2010))",Automatic,Very Good,Partner Certified Included,Steel,Steel,Steel,Italy,Roma,8945.0,2010.0,14.0,1,1,1,0
1766789179-766,Rolex,Datejust 36,126200,Automatic,Very Good,Professional dealer,Steel,Steel,Steel,Germany,München,9783.0,2021.0,3.0,1,1,1,1
1766789181-767,Rolex,Explorer II,"16570
                     
                        (Explorer II 16570 Black)",Automatic,Very Good,Partner Certified Included,Steel,Steel,Steel,Italy,MONZA,6945.0,2005.0,19.0,1,1,1,0
1766789185-769,Rolex,Daytona,"116509
                     
                        (Arabic Dial)",Automatic,New,Professional dealer,White gold,White gold,White Gold,Italy,Roma,42822.0,2008.0,16.0,1,1,1,1
1766789187-770,Rolex,Submariner (No Date),"14060M
                     
                        (Submariner (1990-2010))",Automatic,Very Good,Partner Certified Included,Steel,Steel,Steel,Italy,Roma,8564.0,2007.0,17.0,1,1,1,0
1766789189-771,Rolex,Oyster Perpetual 41,124300,Automatic,Very Good,Partner Certified Included,Steel,Steel,Steel,Italy,MONZA,7421.0,2024.0,0.0,1,1,1,0
1766789191-772,Rolex,Datejust 41,126333,Automatic,Very Good,Partner Certified Included,Gold/Steel,Gold/Steel,Gold/Steel,Germany,Hamburg,14512.0,,,1,1,1,0
1766789193-773,Rolex,GMT-Master II,"126710GRNR
                     
                        (Bruce Wayne)",Automatic,New,Professional dealer,Steel,Steel,Steel,Germany,Köln,17119.0,,,1,1,1,1
1766789195-774,Rolex,Datejust 41,"126334
                     
                        (Wimbledon)",Automatic,Very Good,Partner Certified Included,Steel,Steel,Steel,Italy,Roma,11229.0,2019.0,5.0,1,1,1,0
1766789198-775,Rolex,Datejust 41,126334,Automatic,New,Professional dealer,Steel,Steel,Steel,Germany,Hamburg,12419.0,,,1,1,1,1
1766789200-776,Rolex,GMT-Master II,"126720VTNR
                     
                        (Sprite)",Automatic,New,Professional dealer,Steel,Steel,Steel,Germany,Hamburg,16320.0,,,1,1,1,1
1766789202-777,Rolex,Datejust 36,16220,Automatic,Very Good,Professional dealer,Steel,Steel,Steel,Germany,München,5405.0,2000.0,24.0,1,1,1,1
1766789204-778,Rolex,GMT-Master II,"126710GRNR
                     
                        (Bruce Wayne)",Automatic,New,Professional dealer,Steel,Steel,Steel,Germany,Köln,18071.0,,,1,1,1,1
1766789206-779,Rolex,Daytona,"116505
                     
                        (Everose)",Automatic,New,Professional dealer,Rose gold,Rose gold,Rose Gold,Italy,Roma,45201.0,,,1,1,1,1
1766789208-780,Rolex,GMT-Master II,"126720VTNR
                     
                        (Sprite)",Automatic,Very Good,Partner Certified Included,Steel,Steel,Steel,Italy,ROMA RM,15035.0,2024.0,0.0,1,1,1,0
1766789210-781,Rolex,Datejust 41,126331,Automatic,New,Professional dealer,Gold/Steel,Gold/Steel,Gold/Steel,Serbia,Beograd,14750.0,2017.0,7.0,1,1,1,1
1766789213-782,Rolex,Air King,"5500
                     
                        (Two-tone)",Automatic,Very Good,Professional dealer,Yellow gold and steel,Unknown,Gold/Steel,United States of America,Florida,3310.0,1967.0,57.0,1,1,1,1
1766789215-783,Rolex,Datejust 31,6827,Automatic,Very Good,Partner Certified Included,Yellow gold,Unknown,Yellow Gold,United States of America,Florida,8877.0,1979.0,45.0,1,1,1,0
1766789217-784,Rolex,Day-Date 36,118238,Automatic,Very Good,Professional dealer,Yellow gold,Yellow gold,Yellow Gold,Germany,Düsseldorf,24456.0,2013.0,11.0,1,1,1,1
1766789219-785,Rolex,Explorer,"14270
                     
                        (Arabic Dial)",Automatic,Very Good,Partner Certified Included,Steel,Steel,Steel,Italy,Roma,5995.0,2000.0,24.0,1,1,1,0
1766789221-786,Rolex,Day-Date 36,118238,Automatic,Very Good,Professional dealer,Yellow gold,Yellow gold,Yellow Gold,Spain,Madrid,24456.0,2013.0,11.0,1,1,1,1
1766789223-787,Rolex,Daytona,"16520
                     
                        (Daytona (1988-2015))",Automatic,Very Good,Professional dealer,Steel,Steel,Steel,United Kingdom,N3 2DN,20708.0,1996.0,28.0,1,1,1,1
1766789225-788,Rolex,Datejust 41,126331,Automatic,Very Good,Professional dealer,Rose gold and steel,Gold/Steel,Gold/Steel,United Kingdom,N3 2DN,14167.0,2021.0,3.0,1,1,1,1
1766789227-789,Rolex,Sky-Dweller,326935,Automatic,Very Good,Professional dealer,Rose gold,Unknown,Rose Gold,United Kingdom,N3 2DN,33245.0,2014.0,10.0,1,1,1,1
1766789229-790,Rolex,Day-Date 36,"118238
                     
                        (Presidential)",Automatic,Very Good,Professional dealer,Yellow gold,Unknown,Yellow Gold,United Kingdom,N3 2DN,30519.0,2015.0,9.0,1,1,1,1
1766789232-791,Rolex,GMT-Master II,126710BLRO,Automatic,Very Good,Professional dealer,Steel,Unknown,Steel,United Kingdom,N3 2DN,17219.0,2018.0,6.0,1,1,1,1
1766789234-792,Rolex,Datejust 31,"178271
                     
                        (Jubilee)",Automatic,Very Good,Professional dealer,Rose gold and steel,Unknown,Gold/Steel,United Kingdom,N3 2DN,12313.0,2011.0,13.0,1,1,1,1
1766789236-793,Rolex,Lady-Datejust,279171,Automatic,Very Good,Professional dealer,Rose gold and steel,Unknown,Gold/Steel,United Kingdom,N3 2DN,13077.0,2019.0,5.0,1,1,1,1
1766789238-794,Rolex,Datejust 36,"116231
                     
                        (Jubilee)",Automatic,Very Good,Professional dealer,Rose gold and steel,Unknown,Gold/Steel,United Kingdom,N3 2DN,10847.0,2011.0,13.0,1,1,1,1
1766789240-795,Rolex,Datejust 36,126233,Automatic,Very Good,Professional dealer,Yellow gold and steel,Unknown,Gold/Steel,United Kingdom,N3 2DN,14712.0,2020.0,4.0,1,1,1,1
1766789242-796,Rolex,Lady-Datejust,"69173
                     
                        (Jubilee)",Automatic,Very Good,Professional dealer,Yellow gold and steel,Unknown,Gold/Steel,United Kingdom,N3 2DN,5663.0,1996.0,28.0,1,1,1,1
1766789244-797,Rolex,Lady-Datejust,6917,Automatic,Very Good,Partner Certified Included,Yellow gold,Yellow gold,Yellow Gold,Italy,Roma,5615.0,1971.0,53.0,1,1,1,0
1766789246-798,Rolex,Lady-Datejust,"79173G
                     
                        (Two-tone)",Automatic,Very Good,Partner Certified Included,Yellow gold and steel,Gold/Steel,Gold/Steel,Japan,Nagoya Shi Naka Ku,4032.0,,,1,1,1,0
1766789249-799,Rolex,Oyster Perpetual 36,126000,Automatic,Very Good,Partner Certified Included,Steel,Steel,Steel,Japan,Nagoya Shi Naka Ku,9053.0,,,1,1,1,0
1766789251-800,Rolex,Submariner Date,16610,Automatic,Good,Partner Certified Included,Steel,Steel,Steel,Japan,Nagoya Shi Naka Ku,6794.0,,,1,1,1,0
1766789253-801,Rolex,Datejust 36,"126283RBR
                     
                        (Two-tone)",Automatic,Very Good,Partner Certified Included,Yellow gold and steel,Gold/Steel,Gold/Steel,Japan,Nagoya Shi Naka Ku,17087.0,,,1,1,1,0
1766789255-802,Rolex,Lady-Datejust,279160,Automatic,Very Good,Partner Certified Included,Steel,Steel,Steel,Japan,Nagoya Shi Naka Ku,5538.0,,,1,1,1,0
1766789257-803,Rolex,Datejust 41,"126300
                     
                        (Datejust smooth bezel)",Automatic,New,Professional dealer,Steel,Steel,Steel,Japan,Nagoya Shi Naka Ku,7547.0,,,1,1,1,1
1766789259-804,Rolex,Datejust 36,116233,Automatic,Very Good,Partner Certified Included,Yellow gold and steel,Gold/Steel,Gold/Steel,Japan,Nagoya Shi Naka Ku,8049.0,,,1,1,1,0
1766789261-805,Rolex,Oyster Perpetual,76080,Automatic,Very Good,Partner Certified Included,Steel,Steel,Steel,Japan,Nagoya Shi Naka Ku,2375.0,,,1,1,1,0
1766789263-806,Rolex,GMT-Master II,"116710LN
                     
                        (GMT-Master II black bezel)",Automatic,Very Good,Partner Certified Included,Steel,Steel,Steel,Japan,Nagoya Shi Naka Ku,11313.0,,,1,1,1,0
1766789266-807,Rolex,Lady-Datejust,179174,Automatic,Very Good,Partner Certified Included,White gold and steel,Steel,Gold/Steel,Japan,Nagoya Shi Naka Ku,5287.0,,,1,1,1,0
1766789268-808,Rolex,Milgauss,116400,Automatic,Very Good,Partner Certified Included,Steel,Steel,Steel,Japan,Nagoya Shi Naka Ku,7798.0,,,1,1,1,0
1766789270-809,Rolex,Datejust 36,"126233
                     
                        (Two-tone)",Automatic,Very Good,Partner Certified Included,Yellow gold and steel,Gold/Steel,Gold/Steel,Japan,Nagoya Shi Naka Ku,12568.0,,,1,1,1,0
1766789272-810,Rolex,Datejust 36,126234,Automatic,Very Good,Partner Certified Included,White gold and steel,Steel,Gold/Steel,Japan,Nagoya Shi Naka Ku,11815.0,,,1,1,1,0
1766789274-811,Rolex,Daytona,"116503
                     
                        (Two-tone)",Automatic,Very Good,Partner Certified Included,Yellow gold and steel,Gold/Steel,Gold/Steel,Japan,Nagoya Shi Naka Ku,16836.0,,,1,1,1,0
1766789276-812,Rolex,Submariner Date,116610LV,Automatic,Very Good,Partner Certified Included,Steel,Steel,Steel,Japan,Nagoya Shi Naka Ku,16334.0,,,1,1,1,0
1766789278-813,Rolex,GMT-Master II,"116710BLNR
                     
                        (Batman)",Automatic,Very Good,Partner Certified Included,Steel,Steel,Steel,Japan,Nagoya Shi Naka Ku,12066.0,,,1,1,1,0
1766789280-814,Rolex,Explorer,214270,Automatic,Very Good,Partner Certified Included,Steel,Steel,Steel,Japan,Nagoya Shi Naka Ku,7195.0,,,1,1,1,0
1766789282-815,Rolex,GMT-Master II,"126710BLRO
                     
                        (Pepsi)",Automatic,Very Good,Partner Certified Included,Steel,Steel,Steel,Japan,Nagoya Shi Naka Ku,19096.0,,,1,1,1,0
1766789285-816,Rolex,Lady-Datejust,279384RBR,Automatic,Very Good,Partner Certified Included,White gold and steel,Steel,Gold/Steel,Japan,Nagoya Shi Naka Ku,16083.0,,,1,1,1,0
1766789287-817,Rolex,Lady-Datejust,"179173NGR
                     
                        (Two-tone)",Automatic,Very Good,Partner Certified Included,Yellow gold and steel,Gold/Steel,Gold/Steel,Japan,Nagoya Shi Naka Ku,9003.0,,,1,1,1,0
1766789289-818,Rolex,Lady-Datejust,"69173
                     
                        (Two-tone)",Automatic,Good,Partner Certified Included,Yellow gold and steel,Gold/Steel,Gold/Steel,Japan,Nagoya Shi Naka Ku,3881.0,,,1,1,1,0
1766789291-819,Rolex,Datejust 41,"126331
                     
                        (Datejust Gold/Steel)",Automatic,Very Good,Professional dealer,Gold/Steel,Unknown,Gold/Steel,Japan,gifushi,14484.0,,,1,1,1,1
1766789293-820,Rolex,Datejust 36,"16234
                     
                        (Datejust Gold/Steel)",Automatic,Very Good,Professional dealer,Gold/Steel,Steel,Gold/Steel,Japan,gifushi,5373.0,,,1,1,1,1
1766789295-821,Rolex,Datejust 36,"16233G
                     
                        (Datejust Gold/Steel)",Automatic,Very Good,Professional dealer,Gold/Steel,Unknown,Gold/Steel,Japan,gifushi,6202.0,,,1,1,1,1
1766789297-822,Rolex,Lady-Datejust,"79173G
                     
                        (Datejust Gold/Steel)",Automatic,Very Good,Professional dealer,Gold/Steel,Unknown,Gold/Steel,Japan,gifushi,5434.0,,,1,1,1,1
1766789300-823,Rolex,Lady-Datejust,69178G,Automatic,Very Good,Professional dealer,Yellow gold,Yellow gold,Yellow Gold,Japan,gifushi,11896.0,,,1,1,1,1
1766789302-824,Rolex,Datejust II,"116333G
                     
                        (Datejust Gold/Steel)",Automatic,New,Professional dealer,Gold/Steel,Unknown,Gold/Steel,Japan,gifushi,11378.0,,,1,1,1,1
1766789304-825,Rolex,Oysterdate Precision,6694,Manual,Good,Partner Certified Included,Steel,Steel,Steel,France,Metz,3326.0,1981.0,43.0,1,1,1,0
1766789306-826,Rolex,Datejust 31,68278,Automatic,Very Good,Professional dealer,Yellow gold,Yellow gold,Yellow Gold,Germany,Berlin,12171.0,1991.0,33.0,1,1,1,1
1766789308-827,Rolex,Daytona,116519,Unknown,Very Good,Professional dealer,White gold,Lizard skin,White Gold,Germany,Düsseldorf,78402.0,2001.0,23.0,1,1,1,1
1766789310-828,Rolex,Yacht-Master 42,"226659
                     
                        (Yacht-Master rubber strap)",Automatic,Very Good,Professional dealer,White gold,Rubber,White Gold,United States of America,New York,23776.0,2022.0,2.0,1,1,1,1
1766789312-829,Rolex,Datejust 36,16013,Unknown,Very Good,Professional dealer,Steel,Gold/Steel,Steel,United States of America,California,4436.0,1984.0,40.0,1,1,1,1
1766789314-830,Rolex,Datejust 36,16234,Unknown,Very Good,Professional dealer,Steel,Steel,Steel,United States of America,California,6374.0,2002.0,22.0,1,1,1,1
1766789317-831,Rolex,Oyster Perpetual 26,"176200
                     
                        (Domino's Pizza)",Unknown,Very Good,Professional dealer,Steel,Steel,Steel,United States of America,California,5244.0,2020.0,4.0,1,1,1,1
1766789319-832,Rolex,Submariner Date,16610,Unknown,Very Good,Professional dealer,Steel,Steel,Steel,United States of America,California,9523.0,2009.0,15.0,1,1,1,1
1766789321-833,Rolex,Submariner (No Date),5512,Unknown,Very Good,Professional dealer,Steel,Steel,Steel,United States of America,California,13721.0,1971.0,53.0,1,1,1,1
1766789323-834,Rolex,Datejust 36,"16220
                     
                        (Jubilee)",Unknown,Very Good,Professional dealer,Steel,Steel,Steel,United States of America,California,5163.0,1990.0,34.0,1,1,1,1
1766789325-835,Rolex,Submariner (No Date),124060,Unknown,Very Good,Professional dealer,Steel,Steel,Steel,United States of America,California,10653.0,2024.0,0.0,1,1,1,1
1766789327-836,Rolex,Day-Date 36,18238,Unknown,Very Good,Professional dealer,Yellow gold,Yellow gold,Yellow Gold,United States of America,California,18565.0,1990.0,34.0,1,1,1,1
1766789329-837,Rolex,Datejust 31,68273,Unknown,Very Good,Professional dealer,Steel,Gold/Steel,Steel,United States of America,California,5809.0,1986.0,38.0,1,1,1,1
1766789332-838,Rolex,Day-Date 36,18038,Unknown,Very Good,Professional dealer,Yellow gold,Yellow gold,Yellow Gold,United States of America,California,15739.0,1983.0,41.0,1,1,1,1
1766789334-839,Rolex,Datejust 36,"116200
                     
                        (Datejust smooth bezel)",Automatic,Very Good,Partner Certified Included,Steel,Steel,Steel,Italy,Roma,6471.0,2010.0,14.0,1,1,1,0
1766789336-840,Rolex,Daytona,116523,Automatic,Very Good,Partner Certified Included,Gold/Steel,Gold/Steel,Gold/Steel,Belgium,Antwerpen,17843.0,2013.0,11.0,1,1,1,0
1766789340-841,Rolex,Oyster Perpetual 31,67480,Automatic,Good,Partner Certified Included,Steel,Steel,Steel,Japan,Tokyo,3018.0,,,1,1,1,0
1766789343-842,Rolex,Lady-Datejust,279173,Automatic,Fair,Partner Certified Included,Steel,Yellow gold,Steel,Japan,Tokyo,10250.0,,,1,1,1,0
1766789345-843,Rolex,Oyster Perpetual 26,176200,Automatic,Fair,Partner Certified Included,Steel,Steel,Steel,Japan,Tokyo,3360.0,,,1,1,1,0
1766789347-844,Rolex,Submariner Date,16610,Automatic,Fair,Partner Certified Included,Steel,Steel,Steel,Japan,Tokyo,7403.0,,,1,1,1,0
1766789349-845,Rolex,Lady-Datejust,69173G,Automatic,Fair,Partner Certified Included,Steel,Yellow gold,Steel,Japan,Tokyo,3986.0,,,1,1,1,0
1766789351-846,Rolex,Lady-Datejust,69163G,Automatic,Fair,Partner Certified Included,Steel,Yellow gold,Steel,Japan,Tokyo,4726.0,,,1,1,1,0
1766789353-847,Rolex,Explorer,114270,Automatic,Good,Partner Certified Included,Steel,Steel,Steel,Japan,Tokyo,5125.0,,,1,1,1,0
1766789355-848,Rolex,Oyster Perpetual,76080,Automatic,Fair,Partner Certified Included,Steel,Steel,Steel,Japan,Tokyo,2335.0,,,1,1,1,0
1766789358-849,Rolex,Yacht-Master II,116680,Automatic,Fair,Partner Certified Included,Steel,Steel,Steel,Japan,Tokyo,14805.0,,,1,1,1,0
1766789360-850,Rolex,Submariner Date,116610LN,Automatic,Fair,Partner Certified Included,Steel,Steel,Steel,Japan,Tokyo,10819.0,,,1,1,1,0
1766789362-851,Rolex,Submariner Date,116610LN,Automatic,Good,Partner Certified Included,Steel,Steel,Steel,Japan,Tokyo,9566.0,,,1,1,1,0
1766789364-852,Rolex,Lady-Datejust,79173,Automatic,Fair,Partner Certified Included,Steel,Yellow gold,Steel,Japan,Tokyo,4555.0,,,1,1,1,0
1766789366-853,Rolex,Yacht-Master 37,268621,Automatic,Fair,Partner Certified Included,Steel,Rose gold,Steel,Japan,Tokyo,11388.0,,,1,1,1,0
1766789368-854,Rolex,Lady-Datejust,69178,Automatic,Fair,Partner Certified Included,Yellow gold,Yellow gold,Yellow Gold,Japan,Tokyo,8541.0,,,1,1,1,0
1766789370-855,Rolex,Submariner Date,116613LN,Automatic,Good,Partner Certified Included,Steel,Yellow gold,Steel,Japan,Tokyo,12527.0,,,1,1,1,0
1766789372-856,Rolex,Submariner Date,16610T,Automatic,Good,Partner Certified Included,Steel,Steel,Steel,Japan,Tokyo,9282.0,,,1,1,1,0
1766789375-857,Rolex,Submariner Date,126610LN,Automatic,New,Professional dealer,Steel,Steel,Steel,Japan,Tokyo,13304.0,,,1,1,1,1
1766789377-858,Rolex,GMT-Master II,126710BLNR,Unknown,Fair,Partner Certified Included,Steel,Steel,Steel,Japan,Tokyo,15545.0,,,1,1,1,0
1766789379-859,Rolex,Explorer,114270,Automatic,Good,Partner Certified Included,Steel,Steel,Steel,Japan,Tokyo,5125.0,,,1,1,1,0
1766789381-860,Rolex,Submariner Date,126610LV,Automatic,Very Good,Partner Certified Included,Steel,Steel,Steel,Japan,Tokyo,13511.0,,,1,1,1,0
1766789383-861,Rolex,Submariner Date,126610LV,Automatic,Fair,Partner Certified Included,Steel,Steel,Steel,Japan,Tokyo,12527.0,,,1,1,1,0
1766789385-862,Rolex,Daytona,126518LN,Automatic,Very Good,Partner Certified Included,Yellow gold,Rubber,Yellow Gold,Japan,Tokyo,74025.0,,,1,1,1,0
1766789387-863,Rolex,,224270,Automatic,Very Good,Partner Certified Included,Steel,Steel,Steel,Japan,Tokyo,7247.0,,,1,1,1,0
1766789389-864,Rolex,Submariner Date,116610LN,Automatic,Fair,Partner Certified Included,Steel,Steel,Steel,Japan,Tokyo,8598.0,,,1,1,1,0
1766789392-865,Rolex,Submariner Date,116613LN,Automatic,Fair,Partner Certified Included,Steel,Yellow gold,Steel,Japan,Tokyo,12061.0,,,1,1,1,0
1766789394-866,Rolex,Submariner Date,116613LN,Automatic,Fair,Partner Certified Included,Steel,Yellow gold,Steel,Japan,Tokyo,12061.0,,,1,1,1,0
1766789396-867,Rolex,Submariner Date,116613LN,Automatic,Fair,Partner Certified Included,Steel,Yellow gold,Steel,Japan,Tokyo,12061.0,,,1,1,1,0
1766789398-868,Rolex,Submariner Date,116613LN,Automatic,Fair,Partner Certified Included,Steel,Yellow gold,Steel,Japan,Tokyo,12113.0,,,1,1,1,0
1766789400-869,Rolex,GMT-Master II,126710BLNR,Unknown,Fair,Partner Certified Included,Steel,Steel,Steel,Japan,Tokyo,15685.0,,,1,1,1,0
1766789402-870,Rolex,GMT-Master II,"126710BLRO
                     
                        (Pepsi)",Unknown,Fair,Partner Certified Included,Steel,Steel,Steel,Japan,Tokyo,18325.0,,,1,1,1,0
1766789404-871,Rolex,Explorer,214270,Automatic,Good,Partner Certified Included,Steel,Steel,Steel,Japan,Tokyo,6160.0,,,1,1,1,0
1766789406-872,Rolex,Lady-Datejust,79174G,Automatic,Fair,Partner Certified Included,Steel,White gold,Steel,Japan,Tokyo,5125.0,,,1,1,1,0
1766789409-873,Rolex,Lady-Datejust,79174G,Automatic,Fair,Partner Certified Included,Steel,White gold,Steel,Japan,Tokyo,3918.0,,,1,1,1,0
1766789411-874,Rolex,Yacht-Master II,116680,Automatic,Fair,Partner Certified Included,Steel,Steel,Steel,Japan,Tokyo,15317.0,,,1,1,1,0
1766789413-875,Rolex,Lady-Datejust,79174G,Automatic,Fair,Partner Certified Included,Steel,White gold,Steel,Japan,Tokyo,5216.0,,,1,1,1,0
1766789415-876,Rolex,Datejust 31,68274G,Automatic,Fair,Partner Certified Included,Steel,White gold,Steel,Japan,Tokyo,6195.0,,,1,1,1,0
1766789417-877,Rolex,Sea-Dweller,"126600
                     
                        (Sea-Dweller (from 2017))",Automatic,Very Good,Partner Certified Included,Steel,Steel,Steel,Japan,Tokyo,12146.0,,,1,1,1,0
1766789419-878,Rolex,Air King,14000M,Automatic,Fair,Partner Certified Included,Steel,Steel,Steel,Japan,Tokyo,4100.0,,,1,1,1,0
1766789421-879,Rolex,Explorer II,16570,Automatic,Fair,Partner Certified Included,Steel,Steel,Steel,Japan,Tokyo,5694.0,,,1,1,1,0
1766789423-880,Rolex,Yacht-Master 40,116622,Automatic,Fair,Partner Certified Included,Steel,Platinum,Steel,Japan,Tokyo,9680.0,,,1,1,1,0
1766789426-881,Rolex,Datejust 41,126334,Automatic,Fair,Partner Certified Included,Steel,White gold,Steel,Japan,Tokyo,10716.0,,,1,1,1,0
1766789428-882,Rolex,Yacht-Master,"169623
                     
                        (Yacht-Master 29mm)",Automatic,Fair,Partner Certified Included,Steel,Yellow gold,Steel,Japan,Tokyo,4612.0,,,1,1,1,0
1766789430-883,Rolex,Explorer,214270,Automatic,Fair,Partner Certified Included,Steel,Steel,Steel,Japan,Tokyo,7346.0,,,1,1,1,0
1766789432-884,Rolex,GMT-Master II,126711CHNR,Unknown,Very Good,Partner Certified Included,Steel,Rose gold,Steel,Japan,Tokyo,17497.0,,,1,1,1,0
1766789434-885,Rolex,Oyster Perpetual 36,116000,Automatic,Fair,Partner Certified Included,Steel,Steel,Steel,Japan,Tokyo,5694.0,,,1,1,1,0
1766789436-886,Rolex,Submariner Date,116610LN,Automatic,Fair,Partner Certified Included,Steel,Rubber,Steel,Japan,Tokyo,9737.0,,,1,1,1,0
1766789438-887,Rolex,Datejust 36,16233G,Automatic,Fair,Partner Certified Included,Steel,Yellow gold,Steel,Japan,Tokyo,5398.0,,,1,1,1,0
1766789440-888,Rolex,Lady-Datejust,79174,Automatic,Fair,Partner Certified Included,Steel,White gold,Steel,Japan,Tokyo,3570.0,,,1,1,1,0
1766789443-889,Rolex,Sea-Dweller,"126600
                     
                        (Sea-Dweller (from 2017))",Automatic,Fair,Partner Certified Included,Steel,Steel,Steel,Japan,Tokyo,8769.0,,,1,1,1,0
1766789445-890,Rolex,GMT-Master II,126711CHNR,Unknown,Good,Partner Certified Included,Steel,Rose gold,Steel,Japan,Tokyo,17709.0,,,1,1,1,0
1766789447-891,Rolex,Submariner Date,16610T,Automatic,Very Good,Partner Certified Included,Steel,Steel,Steel,Japan,Tokyo,8940.0,,,1,1,1,0
1766789449-892,Rolex,Submariner Date,116613LN,Automatic,Fair,Partner Certified Included,Steel,Yellow gold,Steel,Japan,Tokyo,12527.0,,,1,1,1,0
1766789451-893,Rolex,Submariner Date,116613LN,Automatic,Fair,Partner Certified Included,Steel,Yellow gold,Steel,Japan,Tokyo,12812.0,,,1,1,1,0
1766789453-894,Rolex,GMT-Master II,"16718RG
                     
                        (GMT-Master II (up to 2007))",Unknown,Fair,Partner Certified Included,Yellow gold,Yellow gold,Yellow Gold,Japan,Tokyo,30749.0,,,1,1,1,0
1766789455-895,Rolex,Submariner (No Date),124060,Automatic,Good,Partner Certified Included,Steel,Steel,Steel,Japan,Tokyo,10819.0,,,1,1,1,0
1766789457-896,Rolex,GMT-Master II,"116710LN
                     
                        (GMT-Master II black bezel)",Unknown,Fair,Partner Certified Included,Steel,Steel,Steel,Japan,Tokyo,10405.0,,,1,1,1,0
1766789459-897,Rolex,Submariner Date,116613LN,Automatic,Fair,Partner Certified Included,Steel,Yellow gold,Steel,Japan,Tokyo,12698.0,,,1,1,1,0
1766789462-898,Rolex,Explorer II,16570T,Automatic,Good,Partner Certified Included,Steel,Steel,Steel,Japan,Tokyo,5953.0,,,1,1,1,0
1766789464-899,Rolex,Datejust 36,16233G,Automatic,Fair,Partner Certified Included,Steel,Yellow gold,Steel,Japan,Tokyo,5228.0,,,1,1,1,0
1766789466-900,Rolex,Datejust 36,126234,Automatic,Very Good,Partner Certified Included,Steel,White gold,Steel,Japan,Tokyo,8645.0,,,1,1,1,0
1766789468-901,Rolex,Oyster Perpetual Date,15200,Automatic,Fair,Partner Certified Included,Steel,Steel,Steel,Japan,Tokyo,3986.0,,,1,1,1,0
1766789470-902,Rolex,Lady-Datejust,69173G,Automatic,Fair,Partner Certified Included,Steel,Yellow gold,Steel,Japan,Tokyo,4907.0,,,1,1,1,0
1766789472-903,Rolex,Datejust 31,68274,Automatic,Fair,Partner Certified Included,Steel,White gold,Steel,Japan,Tokyo,5694.0,,,1,1,1,0
1766789474-904,Rolex,,224270,Automatic,Very Good,Partner Certified Included,Steel,Steel,Steel,Japan,Tokyo,6988.0,,,1,1,1,0
1766789476-905,Rolex,Submariner Date,116610LN,Automatic,Fair,Partner Certified Included,Steel,Steel,Steel,Japan,Tokyo,9680.0,,,1,1,1,0
1766789478-906,Rolex,GMT-Master II,"126710BLRO
                     
                        (Pepsi)",Unknown,Fair,Partner Certified Included,Steel,Steel,Steel,Japan,Tokyo,18108.0,,,1,1,1,0
1766789481-907,Rolex,Datejust 36,126234,Automatic,Good,Partner Certified Included,Steel,White gold,Steel,Japan,Tokyo,9887.0,,,1,1,1,0
1766789483-908,Rolex,Day-Date 36,"18238A
                     
                        (Day-Date 36mm (up to 2000))",Automatic,Fair,Partner Certified Included,Yellow gold,Yellow gold,Yellow Gold,Japan,Tokyo,19567.0,,,1,1,1,0
1766789485-909,Rolex,Sky-Dweller,326238,Automatic,Good,Partner Certified Included,Yellow gold,Rubber,Yellow Gold,Japan,Tokyo,26193.0,,,1,1,1,0
1766789487-910,Rolex,Daytona,"116520
                     
                        (Daytona (1988-2015))",Automatic,Very Good,Partner Certified Included,Steel,Steel,Steel,Japan,Tokyo,20137.0,,,1,1,1,0
1766789489-911,Rolex,Daytona,"116500LN
                     
                        (Daytona (from 2016))",Automatic,Very Good,Partner Certified Included,Steel,Steel,Steel,Japan,Tokyo,28471.0,,,1,1,1,0
1766789491-912,Rolex,Explorer II,16570,Automatic,Fair,Partner Certified Included,Steel,Steel,Steel,Japan,Tokyo,5901.0,,,1,1,1,0
1766789493-913,Rolex,Oyster Perpetual 26,176200,Automatic,Very Good,Partner Certified Included,Steel,Steel,Steel,Japan,Tokyo,3670.0,,,1,1,1,0
1766789496-914,Rolex,Datejust 41,126331G,Automatic,Very Good,Partner Certified Included,Steel,Rose gold,Steel,Japan,Tokyo,13951.0,,,1,1,1,0
1766789498-915,Rolex,Lady-Datejust,179171G,Automatic,Very Good,Partner Certified Included,Steel,Rose gold,Steel,Japan,Tokyo,8179.0,,,1,1,1,0
1766789500-916,Rolex,Datejust 36,16233,Automatic,Fair,Partner Certified Included,Steel,Yellow gold,Steel,Japan,Tokyo,5011.0,,,1,1,1,0
1766789502-917,Rolex,Daytona,"116518LN
                     
                        (Daytona (from 2016))",Automatic,Very Good,Partner Certified Included,Yellow gold,Rubber,Yellow Gold,Japan,Tokyo,33751.0,,,1,1,1,0
1766789504-918,Rolex,Submariner Date,168000,Automatic,Fair,Partner Certified Included,Steel,Steel,Steel,Japan,Tokyo,7232.0,,,1,1,1,0
1766789506-919,Rolex,Datejust II,116334,Automatic,Good,Partner Certified Included,Steel,White gold,Steel,Japan,Tokyo,7744.0,,,1,1,1,0
1766789508-920,Rolex,Oyster Perpetual,76080,Automatic,Fair,Partner Certified Included,Steel,Steel,Steel,Japan,Tokyo,2278.0,,,1,1,1,0
1766789511-921,Rolex,Datejust 41,"126300
                     
                        (Datejust smooth bezel)",Automatic,Fair,Partner Certified Included,Steel,Steel,Steel,Japan,Tokyo,8257.0,,,1,1,1,0
1766789513-922,Rolex,Oyster Perpetual 36,116000,Automatic,Fair,Partner Certified Included,Steel,Steel,Steel,Japan,Tokyo,6207.0,,,1,1,1,0
1766789515-923,Rolex,Submariner (No Date),124060,Automatic,New,Professional dealer,Steel,Steel,Steel,Japan,Tokyo,12129.0,,,1,1,1,1
1766789517-924,Rolex,Datejust 36,16233G,Automatic,Fair,Partner Certified Included,Steel,Yellow gold,Steel,Japan,Tokyo,7403.0,,,1,1,1,0
1766789519-925,Rolex,Submariner Date,"16613
                     
                        (Submariner (1990-2010))",Automatic,Fair,Partner Certified Included,Steel,Yellow gold,Steel,Japan,Tokyo,9282.0,,,1,1,1,0
1766789521-926,Rolex,Sea-Dweller Deepsea,126660,Automatic,Fair,Partner Certified Included,Steel,Steel,Steel,Japan,Tokyo,9111.0,,,1,1,1,0
1766789523-927,Rolex,Oyster Perpetual 36,126000,Automatic,Very Good,Partner Certified Included,Steel,Steel,Steel,Japan,Tokyo,8852.0,,,1,1,1,0
1766789525-928,Rolex,Datejust II,"116300
                     
                        (Datejust smooth bezel)",Automatic,Fair,Partner Certified Included,Steel,Steel,Steel,Japan,Tokyo,6776.0,,,1,1,1,0
1766789528-929,Rolex,Submariner Date,116613LN,Automatic,Good,Partner Certified Included,Steel,Yellow gold,Steel,Japan,Tokyo,11388.0,,,1,1,1,0
1766789530-930,Rolex,Yacht-Master 40,16622,Automatic,Fair,Partner Certified Included,Steel,Platinum,Steel,Japan,Tokyo,7972.0,,,1,1,1,0
1766789532-931,Rolex,Datejust 36,16233,Automatic,Fair,Partner Certified Included,Steel,Yellow gold,Steel,Japan,Tokyo,5011.0,,,1,1,1,0
1766789534-932,Rolex,Lady-Datejust,69158MR,Automatic,Good,Partner Certified Included,Yellow gold,Yellow gold,Yellow Gold,Japan,Tokyo,13666.0,,,1,1,1,0
1766789536-933,Rolex,Daytona,116509,Automatic,Fair,Partner Certified Included,White gold,White gold,White Gold,Japan,Tokyo,25624.0,,,1,1,1,0
1766789538-934,Rolex,Daytona,"116523G
                     
                        (Daytona (1988-2015))",Automatic,Fair,Partner Certified Included,Steel,Yellow gold,Steel,Japan,Tokyo,14236.0,,,1,1,1,0
1766789540-935,Rolex,Sea-Dweller 4000,16600T,Automatic,Very Good,Partner Certified Included,Steel,Steel,Steel,Japan,Tokyo,8769.0,,,1,1,1,0
1766789542-936,Rolex,Submariner Date,116613LN,Automatic,Good,Partner Certified Included,Steel,Yellow gold,Steel,Japan,Tokyo,11130.0,,,1,1,1,0
1766789545-937,Rolex,Yacht-Master 40,126621,Automatic,Very Good,Partner Certified Included,Gold/Steel,Gold/Steel,Gold/Steel,Italy,Roma,14464.0,2021.0,3.0,1,1,1,0
1766789547-938,Rolex,Explorer II,226570,Automatic,New,Professional dealer,Steel,Steel,Steel,United States of America,New York,9688.0,2024.0,0.0,1,1,1,1
1766789549-939,Rolex,Oyster Perpetual 31,"6548
                     
                        (Oyster Perpetual Vintage)",Automatic,Very Good,Partner Certified Included,Yellow gold,Yellow gold,Yellow Gold,Italy,Roma,6566.0,1961.0,63.0,1,1,1,0
1766789551-940,Rolex,Daytona,126500ln,Automatic,New,Professional dealer,Steel,Steel,Steel,Italy,ROMA RM,27121.0,,,1,1,1,1
1766789553-941,Rolex,Daytona,116503,Automatic,Very Good,Partner Certified Included,Gold/Steel,Gold/Steel,Gold/Steel,Switzerland,Lugano,20840.0,2019.0,5.0,1,1,1,0
1766789555-942,Rolex,Datejust 41,"126334
                     
                        (Jubilee)",Automatic,Very Good,Professional dealer,Steel,Steel,Steel,United States of America,New York,14976.0,2023.0,1.0,1,1,1,1
1766789557-943,Rolex,Explorer,"14270
                     
                        (Arabic Dial)",Automatic,Good,Professional dealer,Steel,Steel,Steel,Japan,Yokohama,5011.0,2000.0,24.0,1,1,1,1
1766789559-944,Rolex,Daytona,126500LN,Automatic,Good,Professional dealer,Steel,Steel,Steel,Japan,Yokohama,25852.0,,,1,1,1,1
1766789561-945,Rolex,Lady-Datejust,"179178G
                     
                        (Datejust No Numerals)",Automatic,Good,Professional dealer,Yellow gold,Yellow gold,Yellow Gold,Japan,Yokohama,14236.0,,,1,1,1,1
1766789564-946,Rolex,Submariner (No Date),"14060M
                     
                        (Submariner (1990-2010))",Automatic,Good,Professional dealer,Steel,Steel,Steel,Japan,Yokohama,7972.0,2006.0,18.0,1,1,1,1
1766789566-947,Rolex,Oysterdate Precision,6694,Manual,Very Good,Partner Certified Included,Steel,Leather,Steel,Netherlands,Unknown,2850.0,1974.0,50.0,1,1,1,0
1766789568-948,Rolex,Datejust 36,1601,Automatic,Very Good,Partner Certified Included,Gold/Steel,Gold/Steel,Gold/Steel,Netherlands,Unknown,5515.0,1970.0,54.0,1,1,1,0
1766789570-949,Rolex,Submariner Date,126613lb,Automatic,Very Good,Private Seller,Gold/Steel,Gold/Steel,Gold/Steel,Bulgaria,Unknown,15046.0,2024.0,0.0,1,1,1,0
1766789572-950,Rolex,Datejust 41,126334,Automatic,New,Professional dealer,Steel,Steel,Steel,Italy,L'Aquila,13037.0,2024.0,0.0,1,1,1,1
1766789574-951,Rolex,Datejust 36,"16200
                     
                        (Datejust smooth bezel)",Automatic,Very Good,Partner Certified Included,Steel,Steel,Steel,Netherlands,Unknown,6276.0,1995.0,29.0,1,1,1,0
1766789576-952,Rolex,Datejust 41,126333,Automatic,Very Good,Professional dealer,Gold/Steel,Gold/Steel,Gold/Steel,United States of America,New York,14774.0,2023.0,1.0,1,1,1,1
1766789578-953,Rolex,GMT-Master II,"126710BLNR
                     
                        (Batman)",Automatic,New,Professional dealer,Steel,Steel,Steel,United States of America,Michigan,15021.0,,,1,1,1,1
1766789581-954,Rolex,Datejust 41,"126300
                     
                        (Datejust smooth bezel)",Automatic,New,Professional dealer,Steel,Steel,Steel,Italy,L'Aquila,9992.0,2024.0,0.0,1,1,1,1
1766789583-955,Rolex,Lady-Datejust,69174,Automatic,Very Good,Partner Certified Included,Steel,Steel,Steel,Netherlands,Unknown,5229.0,1989.0,35.0,1,1,1,0
1766789585-956,Rolex,Explorer II,226570,Automatic,Very Good,Professional dealer,Steel,Steel,Steel,Italy,Castellammare di Stabia (NA),9421.0,2022.0,2.0,1,1,1,1
1766789587-957,Rolex,Submariner Date,16610LV,Unknown,Good,Professional dealer,Steel,Steel,Steel,Japan,Saitama,11193.0,,,1,1,1,1
1766789589-958,Rolex,Explorer II,"16570
                     
                        (Explorer II 16570 Black)",Automatic,Very Good,Professional dealer,Steel,Steel,Steel,Italy,Roma,7494.0,2003.0,21.0,1,1,1,1
1766789591-959,Rolex,Oyster Perpetual 36,126000,Automatic,New,Private Seller,Steel,Steel,Steel,France,Unknown,9988.0,,,1,1,1,0
1766789598-961,Rolex,Daytona,126519LN,Unknown,Unknown,Professional dealer,White gold,Unknown,White Gold,United States of America,California,34312.0,2023.0,1.0,1,1,1,1
1766789600-962,Rolex,Sea-Dweller Deepsea,126660,Unknown,Unknown,Professional dealer,Steel,Unknown,Steel,United States of America,California,11541.0,2022.0,2.0,1,1,1,1
1766789604-964,Rolex,GMT-Master II,"116710BLNR
                     
                        (Batman)",Unknown,Unknown,Professional dealer,Steel,Unknown,Steel,United States of America,California,12913.0,2013.0,11.0,1,1,1,1
1766789606-965,Rolex,GMT-Master II,"116713LN
                     
                        (GMT-Master II black bezel)",Unknown,Unknown,Professional dealer,Yellow gold and steel,Unknown,Gold/Steel,United States of America,California,12106.0,2015.0,9.0,1,1,1,1
1766789608-966,Rolex,Day-Date 36,"18038
                     
                        (Day-Date 36mm (up to 2000))",Unknown,Unknown,Professional dealer,Unknown,Unknown,Other,United States of America,California,14528.0,,,1,1,1,1
1766789613-968,Rolex,GMT-Master,16750,Unknown,Very Good,Professional dealer,Steel,Unknown,Steel,United States of America,California,16143.0,,,1,1,1,1
1766789615-969,Rolex,GMT-Master II,"116719BLRO
                     
                        (Pepsi)",Unknown,Unknown,Professional dealer,White gold,Unknown,White Gold,United States of America,California,26638.0,2015.0,9.0,1,1,1,1
1766789619-971,Rolex,Sky-Dweller,326935,Unknown,Very Good,Professional dealer,Rose gold,Unknown,Rose Gold,United States of America,California,44400.0,2022.0,2.0,1,1,1,1
1766789625-974,Rolex,Oyster Perpetual 36,126000,Unknown,New,Professional dealer,Steel,Unknown,Steel,United States of America,California,10092.0,,,1,1,1,1
1766789627-975,Rolex,Oyster Perpetual,134300,Unknown,New,Professional dealer,Steel,Steel,Steel,United States of America,Texas,9166.0,,,1,1,1,1
1766789629-976,Rolex,Oyster Perpetual 36,126000,Automatic,Unknown,Professional dealer,Steel,Steel,Steel,United States of America,Texas,7602.0,,,1,1,1,1
1766789632-977,Rolex,Lady-Datejust,"279171NG
                     
                        (Datejust Gold/Steel)",Automatic,New,Professional dealer,Gold/Steel,Unknown,Gold/Steel,Japan,Osaka city,15934.0,,,1,1,1,1
1766789634-978,Rolex,GMT-Master II,"126720VTNR
                     
                        (Sprite)",Automatic,New,Professional dealer,Steel,Steel,Steel,Japan,Osaka city,15638.0,,,1,1,1,1
1766789636-979,Rolex,Submariner Date,116619LB,Automatic,Very Good,Private Seller,White gold,White gold,White Gold,France,Unknown,31308.0,2012.0,12.0,1,1,1,0
1766789638-980,Rolex,Day-Date 36,18238,Automatic,Very Good,Professional dealer,Yellow gold,Yellow gold,Yellow Gold,United States of America,New York,20022.0,1990.0,34.0,1,1,1,1
1766789640-981,Rolex,Daytona,"116520
                     
                        (Daytona (1988-2015))",Automatic,Very Good,Professional dealer,Steel,Steel,Steel,United Kingdom,London,18478.0,2006.0,18.0,1,1,1,1
1766789642-982,Rolex,Yacht-Master 40,16622,Automatic,Very Good,Partner Certified Included,Steel,Steel,Steel,Netherlands,Alkmaar,9039.0,2001.0,23.0,1,1,1,0
1766789644-983,Rolex,Daytona,"116520
                     
                        (Daytona (1988-2015))",Automatic,Very Good,Professional dealer,Steel,Steel,Steel,Italy,Sanremo (IM),18556.0,2006.0,18.0,1,1,1,1
1766789646-984,Rolex,Daytona,"116520
                     
                        (Daytona (1988-2015))",Unknown,Very Good,Professional dealer,Steel,Unknown,Steel,United Kingdom,London,19073.0,2015.0,9.0,1,1,1,1
1766789648-985,Rolex,Lady-Datejust,179171,Automatic,Very Good,Professional dealer,Rose gold and steel,Unknown,Gold/Steel,United Kingdom,London,8449.0,2013.0,11.0,1,1,1,1
1766789651-986,Rolex,GMT-Master II,"126710BLNR
                     
                        (Batman)",Automatic,New,Professional dealer,Steel,Unknown,Steel,United Kingdom,London,14990.0,,,1,1,1,1
1766789653-987,Rolex,,134300,Automatic,New,Professional dealer,Steel,Unknown,Steel,United Kingdom,London,8171.0,,,1,1,1,1
1766789655-988,Rolex,Yacht-Master 40,126622,Unknown,New,Professional dealer,Steel,Unknown,Steel,United Kingdom,London,11441.0,2023.0,1.0,1,1,1,1
1766789657-989,Rolex,Oyster Perpetual,134300,Automatic,New,Professional dealer,Steel,Unknown,Steel,United Kingdom,London,9261.0,,,1,1,1,1
1766789659-990,Rolex,Lady-Datejust,279174,Automatic,Good,Professional dealer,Steel,Steel,Steel,United States of America,California,8760.0,2022.0,2.0,1,1,1,1
1766789661-991,Rolex,Datejust 41,126333,Automatic,Good,Professional dealer,Steel,Yellow gold,Steel,United States of America,California,12106.0,,,1,1,1,1
1766789663-992,Rolex,Explorer II,"16570
                     
                        (Explorer II 16570 White)",Automatic,Good,Professional dealer,Steel,Steel,Steel,United States of America,California,8033.0,2003.0,21.0,1,1,1,1
1766789665-993,Rolex,Submariner Date,16610,Automatic,Good,Professional dealer,Steel,Steel,Steel,Italy,ZEVIO,7423.0,2002.0,22.0,1,1,1,1
1766789668-994,Rolex,Daytona,116515ln,Automatic,New,Professional dealer,Rose gold,Rubber,Rose Gold,Italy,Roma,36161.0,2015.0,9.0,1,1,1,1
1766789670-995,Rolex,Datejust Turn-O-Graph,"13/1625-8-16
                        (Two-tone)",Automatic,New,Private Seller,Steel,Gold/Steel,Steel,France,Unknown,9516.0,1976.0,48.0,1,1,1,0
1766789672-996,Rolex,GMT-Master II,"126710GRNR
                     
                        (Bruce Wayne)",Automatic,Very Good,Professional dealer,Steel,Steel,Steel,United Kingdom,St Albans,18151.0,,,1,1,1,1
1766789674-997,Rolex,Datejust Turn-O-Graph,116264,Automatic,Good,Professional dealer,Steel,Steel,Steel,Spain,Inca,9515.0,2000.0,24.0,1,1,1,1
1766789676-998,Rolex,Datejust 41,126334,Unknown,Unknown,Professional dealer,Unknown,Unknown,Other,United States of America,Florida,13721.0,2024.0,0.0,1,1,1,1
1766789678-999,Rolex,Daytona,116515LN,Unknown,Good,Professional dealer,Rose gold,Unknown,Rose Gold,United States of America,Florida,24624.0,2010.0,14.0,1,1,1,1
1766789680-1000,Rolex,,128236,Unknown,Unknown,Professional dealer,Unknown,Unknown,Other,United States of America,Florida,37541.0,,,1,1,1,1
1766789682-1001,Rolex,Day-Date 36,"118135
                     
                        (Chocolate)",Unknown,Unknown,Professional dealer,Unknown,Unknown,Other,United States of America,Florida,16066.0,,,1,1,1,1
1766789685-1002,Rolex,Yacht-Master II,116680,Automatic,Good,Professional dealer,Unknown,Unknown,Other,United States of America,Florida,12913.0,,,1,1,1,1
1766789687-1003,Rolex,Datejust 31,178240,Automatic,Very Good,Professional dealer,Steel,Steel,Steel,United Kingdom,Tunbridge Wells,6378.0,2008.0,16.0,1,1,1,1
1766789691-1005,Rolex,Submariner Date,16613,Automatic,Good,Private Seller,Steel,Gold/Steel,Steel,Germany,Unknown,10939.0,,,1,1,1,0
1766789693-1006,Rolex,Air King,5500,Automatic,Very Good,Partner Certified Included,Steel,Steel,Steel,United Kingdom,London,2998.0,1970.0,54.0,1,1,1,0
1766789695-1007,Rolex,Day-Date 36,18238,Automatic,Very Good,Professional dealer,Yellow gold,Yellow gold,Yellow Gold,United States of America,New York,16631.0,1999.0,25.0,1,1,1,1
1766789697-1008,Rolex,Oyster Perpetual,134300,Automatic,New,Professional dealer,Steel,Steel,Steel,United Kingdom,London,14990.0,,,1,1,1,1
1766789699-1009,Rolex,Sea-Dweller,"126603
                     
                        (Sea-Dweller (from 2017))",Automatic,Good,Professional dealer,Unknown,Unknown,Other,United Kingdom,Sutton,14167.0,2021.0,3.0,1,1,1,1
1766789702-1010,Rolex,Datejust 36,16220,Automatic,Good,Professional dealer,Steel,Steel,Steel,United Kingdom,Sutton,5227.0,,,1,1,1,1
1766789704-1011,Rolex,Datejust 36,1601,Automatic,Very Good,Professional dealer,Steel,Leather,Steel,United States of America,California,3955.0,,,1,1,1,1
1766789706-1012,Rolex,Datejust 36,1601,Automatic,Very Good,Professional dealer,Steel,Leather,Steel,United States of America,California,3955.0,,,1,1,1,1
1766789708-1013,Rolex,Daytona,"16520
                     
                        (Daytona (1988-2015))",Automatic,Very Good,Professional dealer,Steel,Steel,Steel,United States of America,California,17673.0,1990.0,34.0,1,1,1,1
1766789710-1014,Rolex,Lady-Datejust,69173,Automatic,Very Good,Professional dealer,Steel,Gold/Steel,Steel,United States of America,California,5001.0,,,1,1,1,1
1766789712-1015,Rolex,Datejust 36,16233,Automatic,Very Good,Professional dealer,Steel,Gold/Steel,Steel,United States of America,California,6781.0,,,1,1,1,1
1766789714-1016,Rolex,Submariner Date,"126610LN
                     
                        (Submariner Ceramic Bezel Dark)",Automatic,New,Professional dealer,Steel,Steel,Steel,Monaco,Monaco,12133.0,2024.0,0.0,1,1,1,1
1766789716-1017,Rolex,Datejust 36,1601,Automatic,Very Good,Partner Certified Included,Steel,Steel,Steel,Germany,Köln,3987.0,1972.0,52.0,1,1,1,0
1766789719-1018,Rolex,Datejust 36,1603,Automatic,Very Good,Partner Certified Included,Steel,Steel,Steel,Germany,Köln,3892.0,1973.0,51.0,1,1,1,0
1766789721-1019,Rolex,Datejust 36,1630,Automatic,Good,Professional dealer,Gold/Steel,Gold/Steel,Gold/Steel,United Kingdom,London,13077.0,1978.0,46.0,1,1,1,1
1766789723-1020,Rolex,Day-Date 36,"1803
                     
                        (Day-Date 36mm (up to 2000))",Automatic,Very Good,Private Seller,White gold,Leather,White Gold,Germany,Unknown,12276.0,1969.0,55.0,1,1,1,0
1766789725-1021,Rolex,Submariner Date,"116610LN
                     
                        (Submariner Ceramic Bezel Dark)",Automatic,Very Good,Professional dealer,Steel,Steel,Steel,Italy,Catania,9849.0,2014.0,10.0,1,1,1,1
1766789727-1022,Rolex,Sea-Dweller Deepsea,136660,Automatic,New,Professional dealer,Steel,Steel,Steel,United Kingdom,London,13573.0,2023.0,1.0,1,1,1,1
1766789729-1023,Rolex,Precision,9659,Manual,Very Good,Professional dealer,Yellow gold,Crocodile skin,Yellow Gold,Netherlands,Den Haag,3759.0,,,1,1,1,1
1766789731-1024,Rolex,Datejust 41,"126334
                     
                        (Jubilee)",Automatic,Good,Professional dealer,Steel,Steel,Steel,Italy,Arezzo,13132.0,,,1,1,1,1
1766789733-1025,Rolex,Yacht-Master 40,116621,Automatic,Very Good,Professional dealer,Gold/Steel,Gold/Steel,Gold/Steel,United Kingdom,London,12264.0,2016.0,8.0,1,1,1,1
1766789736-1026,Rolex,GMT-Master II,"126720VTNR
                     
                        (Sprite)",Automatic,Very Good,Professional dealer,Steel,Steel,Steel,United States of America,Texas,12917.0,2022.0,2.0,1,1,1,1
1766789738-1027,Rolex,Sky-Dweller,336934,Automatic,New,Professional dealer,Steel,Steel,Steel,United Kingdom,London,21749.0,,,1,1,1,1
1766789740-1028,Rolex,Daytona,"126515LN
                     
                        (Everose)",Automatic,New,Private Seller,Rose gold,Rubber,Rose Gold,Bulgaria,Unknown,44256.0,,,1,1,1,0
1766789742-1029,Rolex,Datejust 36,126233,Automatic,Very Good,Professional dealer,Gold/Steel,Gold/Steel,Gold/Steel,United Kingdom,London,10896.0,2019.0,5.0,1,1,1,1
1766789744-1030,Rolex,Datejust 41,"126334
                     
                        (Wimbledon)",Automatic,Very Good,Professional dealer,Steel,Steel,Steel,United Kingdom,London,11065.0,2020.0,4.0,1,1,1,1
1766789746-1031,Rolex,Daytona,"116520
                     
                        (Daytona (1988-2015))",Automatic,Very Good,Professional dealer,Steel,Steel,Steel,Italy,Campobasso,16606.0,2005.0,19.0,1,1,1,1
1766789748-1032,Rolex,Explorer,"124270
                     
                        (Arabic Dial)",Automatic,New,Professional dealer,Steel,Steel,Steel,United States of America,Massachusetts,7185.0,2024.0,0.0,1,1,1,1
1766789750-1033,Rolex,Sea-Dweller,126603,Automatic,New,Private Seller,Gold/Steel,Gold/Steel,Gold/Steel,Norway,Unknown,23137.0,,,1,1,1,0
1766789753-1034,Rolex,Day-Date 40,228236,Automatic,New,Professional dealer,Platinum,Platinum,Platinum,United States of America,Texas,69431.0,2023.0,1.0,1,1,1,1
1766789755-1035,Rolex,Datejust Oysterquartz,"17000
                     
                        (Datejust No Numerals)",Quartz,New,Professional dealer,Steel,Steel,Steel,United Kingdom,London,7904.0,1997.0,27.0,1,1,1,1
1766789757-1036,Rolex,Oyster Perpetual 36,"126000
                     
                        (Tiffany)",Automatic,Very Good,Professional dealer,Steel,Steel,Steel,United States of America,Texas,12110.0,2021.0,3.0,1,1,1,1
1766789759-1037,Rolex,Datejust 36,16233,Automatic,Very Good,Partner Certified Included,Gold/Steel,Gold/Steel,Gold/Steel,United States of America,New York,6378.0,2000.0,24.0,1,1,1,0
1766789761-1038,Rolex,Datejust Oysterquartz,"17000
                     
                        (Datejust No Numerals)",Quartz,Very Good,Professional dealer,Steel,Steel,Steel,United Kingdom,London,6536.0,1978.0,46.0,1,1,1,1
1766789763-1039,Rolex,Explorer II,"16550
                     
                        (Explorer II Vintage)",Automatic,Very Good,Professional dealer,Steel,Steel,Steel,United Kingdom,London,6537.0,1986.0,38.0,1,1,1,1
1766789765-1040,Rolex,Explorer II,"216570
                     
                        (Explorer II 216570 White)",Automatic,Very Good,Partner Certified Included,Steel,Steel,Steel,United States of America,Michigan,8049.0,2014.0,10.0,1,1,1,0
1766789767-1041,Rolex,Oyster Perpetual 39,114300,Automatic,Very Good,Professional dealer,Steel,Steel,Steel,Italy,Vigevano (PV),7137.0,2008.0,16.0,1,1,1,1
1766789769-1042,Rolex,Oysterdate Precision,6694,Manual,Very Good,Professional dealer,Steel,Steel,Steel,Italy,Vigevano (PV),3140.0,1973.0,51.0,1,1,1,1
1766789772-1043,Rolex,Submariner Date,16610LV,Unknown,Very Good,Partner Certified Included,Steel,Unknown,Steel,United States of America,New York,11218.0,2007.0,17.0,1,1,1,0
1766789774-1044,Rolex,Datejust 36,16014,Unknown,Very Good,Partner Certified Included,White gold and steel,Unknown,Gold/Steel,United States of America,New York,5244.0,1984.0,40.0,1,1,1,0
1766789776-1045,Rolex,Lady-Datejust,69173,Unknown,Very Good,Partner Certified Included,Yellow gold and steel,Unknown,Gold/Steel,United States of America,New York,4356.0,1996.0,28.0,1,1,1,0
1766789778-1046,Rolex,Oyster Perpetual 36,126000,Automatic,Very Good,Professional dealer,Steel,Steel,Steel,United States of America,Texas,8881.0,2022.0,2.0,1,1,1,1
1766789780-1047,Rolex,Day-Date 40,228239,Automatic,Very Good,Professional dealer,White gold,White gold,White Gold,United States of America,Texas,53284.0,2023.0,1.0,1,1,1,1
1766789782-1048,Rolex,Datejust 36,"1601
                     
                        (Jubilee)",Automatic,Very Good,Professional dealer,Steel,Steel,Steel,United States of America,New York,4278.0,1971.0,53.0,1,1,1,1
1766789784-1049,Rolex,Oyster Perpetual 41,"124300
                     
                        (Tiffany)",Automatic,Very Good,Professional dealer,Steel,Steel,Steel,United States of America,Texas,20991.0,2021.0,3.0,1,1,1,1
1766789787-1050,Rolex,Sea-Dweller Deepsea,126660,Automatic,Very Good,Partner Certified Included,Steel,Steel,Steel,United States of America,Michigan,11864.0,2023.0,1.0,1,1,1,0
1766789789-1051,Rolex,Datejust 31,"178274-0088
                     
                        (Datejust Diamonds)",Unknown,Very Good,Professional dealer,Unknown,Unknown,Other,United States of America,Georgia,9687.0,2017.0,7.0,1,1,1,1
1766789791-1052,Rolex,Sea-Dweller Deepsea,126660-0002,Unknown,Very Good,Professional dealer,Unknown,Steel,Other,United States of America,Georgia,11140.0,2021.0,3.0,1,1,1,1
1766789793-1053,Rolex,Submariner Date,116610LN,Unknown,Very Good,Professional dealer,Unknown,Unknown,Other,United States of America,Georgia,10010.0,2014.0,10.0,1,1,1,1
1766789795-1054,Rolex,Submariner Date,116610V,Unknown,Very Good,Professional dealer,Unknown,Unknown,Other,United States of America,Georgia,16950.0,2013.0,11.0,1,1,1,1
1766789797-1055,Rolex,Datejust 36,"16233
                     
                        (Two-tone)",Unknown,Very Good,Professional dealer,Unknown,Unknown,Other,United States of America,Georgia,5247.0,2002.0,22.0,1,1,1,1
1766789799-1056,Rolex,Datejust 31,"278273 OGDJ
                     
                        (Datejust Diamonds)",Unknown,Very Good,Professional dealer,Unknown,Unknown,Other,United States of America,Georgia,17358.0,,,1,1,1,1
1766789802-1057,Rolex,Daytona,116509 MT,Unknown,Very Good,Professional dealer,Unknown,Unknown,Other,United States of America,Georgia,42788.0,,,1,1,1,1
1766789804-1058,Rolex,Sky-Dweller,326934,Automatic,New,Professional dealer,Steel,Steel,Steel,United Kingdom,London,15913.0,2019.0,5.0,1,1,1,1
1766789806-1059,Rolex,Daytona,116500LN,Automatic,Very Good,Professional dealer,Steel,Steel,Steel,Italy,Firenze,25598.0,2023.0,1.0,1,1,1,1
1766789808-1060,Rolex,Datejust 31,68273,Automatic,Very Good,Professional dealer,Gold/Steel,Gold/Steel,Gold/Steel,Italy,Vigevano (PV),4282.0,1988.0,36.0,1,1,1,1
1766789813-1062,Rolex,Submariner Date,"126610LN
                     
                        (Submariner Ceramic Bezel Dark)",Automatic,New,Professional dealer,Steel,Steel,Steel,Italy,Piacenza,12561.0,,,1,1,1,1
1766789815-1063,Rolex,Datejust 41,126334,Automatic,New,Professional dealer,Steel,Steel,Steel,United Kingdom,London,13674.0,2019.0,5.0,1,1,1,1
1766789817-1064,Rolex,Datejust 41,126333,Automatic,New,Professional dealer,Gold/Steel,Gold/Steel,Gold/Steel,United Kingdom,London,11989.0,2021.0,3.0,1,1,1,1
1766789821-1066,Rolex,Cellini Prince,"5443/9
                     
                        (Arabic Dial)",Manual,Very Good,Professional dealer,Yellow gold,Leather,Yellow Gold,United States of America,Florida,16607.0,2000.0,24.0,1,1,1,1
1766789823-1067,Rolex,Day-Date 36,"1803
                     
                        (Day-Date 36mm (up to 2000))",Automatic,Very Good,Professional dealer,Yellow gold,Leather,Yellow Gold,Sweden,Solna,9387.0,1962.0,62.0,1,1,1,1
1766789825-1068,Rolex,Submariner Date,16610,Automatic,Good,Professional dealer,Steel,Steel,Steel,Sweden,Solna,9321.0,1991.0,33.0,1,1,1,1
1766789827-1069,Rolex,Submariner Date,126610lv,Automatic,New,Professional dealer,Steel,Steel,Steel,United Kingdom,London,12152.0,2022.0,2.0,1,1,1,1
1766789830-1070,Rolex,Sea-Dweller Deepsea,"136660
                     
                        (James Cameron)",Automatic,New,Professional dealer,Steel,Steel,Steel,United States of America,New York,13725.0,,,1,1,1,1
1766789834-1072,Rolex,GMT-Master II,"126710BLNR
                     
                        (Batman)",Automatic,New,Professional dealer,Steel,Steel,Steel,United States of America,Michigan,14476.0,2024.0,0.0,1,1,1,1
1766789836-1073,Rolex,Sea-Dweller Deepsea,"136660
                     
                        (James Cameron)",Automatic,New,Professional dealer,Steel,Steel,Steel,United States of America,New York,13725.0,,,1,1,1,1
1766789838-1074,Rolex,Datejust 36,126234,Automatic,New,Professional dealer,Steel,Steel,Steel,United States of America,New York,14532.0,,,1,1,1,1
1766789840-1075,Rolex,Oyster Perpetual 41,124300,Automatic,Very Good,Partner Certified Included,Steel,Steel,Steel,Japan,Tokyo,16580.0,2023.0,1.0,1,1,1,0
1766789842-1076,Rolex,Datejust 41,126334,Automatic,New,Professional dealer,Steel,Steel,Steel,United States of America,New York,13725.0,,,1,1,1,1
1766789844-1077,Rolex,Datejust 41,"126334
                     
                        (Jubilee)",Automatic,Very Good,Partner Certified Included,Steel,Steel,Steel,United States of America,New York,11626.0,2019.0,5.0,1,1,1,0
1766789847-1078,Rolex,,76080/2005,Automatic,Good,Professional dealer,Unknown,Unknown,Other,Hong Kong,Kowloon,3350.0,,,1,1,1,1
1766789849-1079,Rolex,Yacht-Master,"168622
                     
                        (Yacht-Master 35mm)",Automatic,Fair,Professional dealer,Unknown,Unknown,Other,Hong Kong,Kowloon,6141.0,,,1,1,1,1
1766789851-1080,Rolex,Submariner Date,16610,Automatic,Fair,Professional dealer,Unknown,Unknown,Other,Hong Kong,Kowloon,8151.0,,,1,1,1,1
1766789855-1081,Rolex,Datejust 41,126334,Automatic,New,Professional dealer,Steel,Steel,Steel,United States of America,New York,13725.0,,,1,1,1,1
1766789858-1082,Rolex,Datejust 36,"116200
                     
                        (Datejust smooth bezel)",Automatic,Very Good,Partner Certified Included,Steel,Steel,Steel,United States of America,New York,6620.0,2019.0,5.0,1,1,1,0
1766789860-1083,Rolex,Cellini Moonphase,50535,Automatic,Very Good,Professional dealer,Red gold,Leather,Other,United States of America,New York,19780.0,2020.0,4.0,1,1,1,1
1766789862-1084,Rolex,Datejust 41,"126300
                     
                        (Datejust smooth bezel)",Automatic,New,Private Seller,Steel,Steel,Steel,Netherlands,Unknown,10230.0,2024.0,0.0,1,1,1,0
1766789864-1085,Rolex,Day-Date 36,1803,Automatic,Good,Professional dealer,Rose gold,Leather,Rose Gold,United States of America,New York,9200.0,1973.0,51.0,1,1,1,1
1766789866-1086,Rolex,Daytona,"126515LN
                     
                        (Everose)",Automatic,New,Professional dealer,Rose gold,Rubber,Rose Gold,Switzerland,Lugano,43502.0,,,1,1,1,1
1766789868-1087,Rolex,Oyster Perpetual 36,126000,Automatic,Unknown,Professional dealer,Steel,Steel,Steel,Switzerland,Lugano,9000.0,2023.0,1.0,1,1,1,1
1766789870-1088,Rolex,Daytona,"126505
                     
                        (Everose)",Automatic,Unknown,Professional dealer,Rose gold,Rose gold,Rose Gold,Switzerland,Lugano,49002.0,2023.0,1.0,1,1,1,1
1766789873-1089,Rolex,Datejust 31,68273,Automatic,Very Good,Partner Certified Included,Gold/Steel,Gold/Steel,Gold/Steel,United States of America,New York,7508.0,1994.0,30.0,1,1,1,0
1766789875-1090,Rolex,Submariner Date,16610,Automatic,Very Good,Partner Certified Included,Steel,Steel,Steel,Italy,Firenze,8184.0,1992.0,32.0,1,1,1,0
1766789877-1091,Rolex,Milgauss,116400GV,Automatic,Very Good,Partner Certified Included,Steel,Steel,Steel,Italy,Firenze,8374.0,2011.0,13.0,1,1,1,0
1766789879-1092,Rolex,Datejust 36,"116200
                     
                        (Datejust smooth bezel)",Automatic,Very Good,Professional dealer,Steel,Steel,Steel,United States of America,New Jersey,5489.0,2015.0,9.0,1,1,1,1
1766789881-1093,Rolex,Daytona,"116520
                     
                        (Daytona (1988-2015))",Automatic,Very Good,Partner Certified Included,Steel,Steel,Steel,Italy,Firenze,18366.0,2010.0,14.0,1,1,1,0
1766789883-1094,Rolex,GMT-Master II,126715CHNR,Automatic,Very Good,Private Seller,Rose gold,Rose gold,Rose Gold,Mexico,Coahuila de Zaragoza,35176.0,2020.0,4.0,1,1,1,0
1766789885-1095,Rolex,Sea-Dweller Deepsea,"136660
                     
                        (James Cameron)",Automatic,Very Good,Professional dealer,Steel,Steel,Steel,United States of America,North Miami Beach,13119.0,,,1,1,1,1
1766789887-1096,Rolex,Datejust 41,126300,Automatic,New,Professional dealer,Steel,Steel,Steel,United States of America,New York,10092.0,,,1,1,1,1
1766789890-1097,Rolex,Explorer,"124270
                     
                        (Arabic Dial)",Automatic,Very Good,Professional dealer,Steel,Steel,Steel,United States of America,New York,7427.0,,,1,1,1,1
1766789892-1098,Rolex,Daytona,"116500LN
                     
                        (Daytona (from 2016))",Automatic,New,Professional dealer,Steel,Steel,Steel,United States of America,Illinois,27046.0,2023.0,1.0,1,1,1,1
1766789894-1099,Rolex,Datejust 31,178274,Automatic,Very Good,Partner Certified Included,Gold/Steel,Steel,Gold/Steel,United States of America,New York,8477.0,2010.0,14.0,1,1,1,0
1766789896-1100,Rolex,Daytona,"126500
                     
                        (Panda)",Automatic,New,Professional dealer,Steel,Steel,Steel,United States of America,New York,28055.0,2024.0,0.0,1,1,1,1
1766789898-1101,Rolex,Datejust 31,178240,Automatic,Very Good,Professional dealer,Steel,Steel,Steel,United States of America,Miami,5086.0,2007.0,17.0,1,1,1,1
1766789900-1102,Rolex,Daytona,126500,Automatic,New,Professional dealer,Steel,Steel,Steel,United States of America,New York,24664.0,2024.0,0.0,1,1,1,1
1766789903-1103,Rolex,Submariner Date,126610lv,Automatic,New,Professional dealer,Steel,Steel,Steel,United States of America,New York,12675.0,,,1,1,1,1
1766789905-1104,Rolex,GMT-Master II,"116758SARU
                     
                        (GMT-Master Ice)",Automatic,Very Good,Partner Certified Included,Yellow gold,Unknown,Yellow Gold,United States of America,Massachusetts,128367.0,,,1,1,1,0
1766789907-1105,Rolex,Day-Date II,218239,Automatic,Very Good,Partner Certified Included,White gold,Unknown,White Gold,United States of America,Massachusetts,31890.0,,,1,1,1,0
1766789909-1106,Rolex,Submariner Date,126618LB,Automatic,Very Good,Partner Certified Included,Yellow gold,Unknown,Yellow Gold,United States of America,Massachusetts,32213.0,,,1,1,1,0
1766789911-1107,Rolex,GMT-Master II,"126719BLRO
                     
                        (Pepsi)",Automatic,Very Good,Partner Certified Included,White gold,Unknown,White Gold,United States of America,Massachusetts,35927.0,,,1,1,1,0
1766789913-1108,Rolex,GMT-Master II,"116719BLRO
                     
                        (Pepsi)",Automatic,Very Good,Partner Certified Included,White gold,White gold,White Gold,United States of America,Massachusetts,31890.0,,,1,1,1,0
1766789915-1109,Rolex,Daytona,116509,Automatic,Very Good,Partner Certified Included,White gold,Unknown,White Gold,United States of America,Massachusetts,39156.0,,,1,1,1,0
1766789917-1110,Rolex,Land-Dweller,127334,Automatic,Very Good,Partner Certified Included,Steel,Unknown,Steel,United States of America,Massachusetts,27046.0,,,1,1,1,0
1766789920-1111,Rolex,Day-Date 40,228238,Automatic,Very Good,Partner Certified Included,Yellow gold,Unknown,Yellow Gold,United States of America,Massachusetts,56110.0,,,1,1,1,0
1766789922-1112,Rolex,Daytona,126500LN,Automatic,Very Good,Partner Certified Included,Steel,Unknown,Steel,United States of America,Massachusetts,26239.0,,,1,1,1,0
1766789924-1113,Rolex,Day-Date 36,128239,Automatic,Very Good,Partner Certified Included,White gold,Unknown,White Gold,United States of America,Massachusetts,33505.0,,,1,1,1,0
1766789926-1114,Rolex,Daytona,"116518LN
                     
                        (Daytona (from 2016))",Automatic,Very Good,Partner Certified Included,Yellow gold,Rubber,Yellow Gold,United States of America,Massachusetts,37541.0,,,1,1,1,0
1766789928-1115,Rolex,Daytona,116508,Automatic,Very Good,Partner Certified Included,Yellow gold,Unknown,Yellow Gold,United States of America,Massachusetts,61761.0,,,1,1,1,0
1766789930-1116,Rolex,Daytona,116508,Automatic,Very Good,Partner Certified Included,Yellow gold,Unknown,Yellow Gold,United States of America,Massachusetts,61277.0,,,1,1,1,0
1766789932-1117,Rolex,Daytona,116519,Automatic,Very Good,Partner Certified Included,White gold,Alligator skin,White Gold,United States of America,Massachusetts,24139.0,,,1,1,1,0
1766789934-1118,Rolex,Day-Date 40,"228235
                     
                        (Everose)",Automatic,Very Good,Private Seller,Rose gold,Rose gold,Rose Gold,Mexico,Coahuila de Zaragoza,37794.0,2022.0,2.0,1,1,1,0
1766789937-1119,Rolex,Sky-Dweller,"326235
                     
                        (Everose)",Automatic,Very Good,Professional dealer,Rose gold,Rubber,Rose Gold,United States of America,New York,30679.0,2022.0,2.0,1,1,1,1
1766789939-1120,Rolex,Datejust 36,116234,Automatic,Very Good,Professional dealer,Steel,Steel,Steel,United States of America,New York,5571.0,1990.0,34.0,1,1,1,1
1766789941-1121,Rolex,GMT-Master II,"116710LN
                     
                        (GMT-Master II black bezel)",Automatic,Very Good,Professional dealer,Steel,Steel,Steel,United States of America,New York,10294.0,2015.0,9.0,1,1,1,1
1766789943-1122,Rolex,,126234,Automatic,New,Professional dealer,Steel,Steel,Steel,United States of America,New York,11222.0,,,1,1,1,1
1766789945-1123,Rolex,Sea-Dweller Deepsea,126660,Automatic,New,Private Seller,Steel,Steel,Steel,Portugal,Unknown,10822.0,2011.0,13.0,1,1,1,0
1766789947-1124,Rolex,Lady-Datejust,69174,Automatic,Very Good,Professional dealer,Steel,Steel,Steel,United States of America,New York,4279.0,1996.0,28.0,1,1,1,1
1766789949-1125,Rolex,GMT-Master II,126710BLNR,Unknown,New,Private Seller,Steel,Steel,Steel,Germany,Unknown,16082.0,2024.0,0.0,1,1,1,0
1766789952-1126,Rolex,GMT-Master II,"116710LN
                     
                        (GMT-Master II black bezel)",Automatic,Very Good,Professional dealer,Steel,Steel,Steel,United States of America,New York,9364.0,2017.0,7.0,1,1,1,1
1766789954-1127,Rolex,Datejust 36,116233,Automatic,Very Good,Partner Certified Included,Gold/Steel,Gold/Steel,Gold/Steel,United States of America,New York,9284.0,2011.0,13.0,1,1,1,0
1766789958-1129,Rolex,Submariner (No Date),"14060M
                     
                        (Submariner (1990-2010))",Automatic,Good,Professional dealer,Steel,Steel,Steel,United States of America,Florida,8194.0,2000.0,24.0,1,1,1,1
1766789960-1130,Rolex,Explorer II,226570,Automatic,Very Good,Professional dealer,Steel,Steel,Steel,United States of America,New York,8718.0,2023.0,1.0,1,1,1,1
1766789962-1131,Rolex,Oyster Perpetual 28,276200,Automatic,New,Professional dealer,Steel,Steel,Steel,United States of America,Florida,6047.0,2024.0,0.0,1,1,1,1
1766789964-1132,Rolex,Datejust 31,278274,Automatic,Very Good,Professional dealer,White gold,Steel,White Gold,Germany,Oldenburg,10848.0,2023.0,1.0,1,1,1,1
1766789967-1133,Rolex,Oyster Perpetual Lady Date,79240,Automatic,Very Good,Professional dealer,Steel,Steel,Steel,United States of America,New York,3875.0,,,1,1,1,1
1766789969-1134,Rolex,Explorer,"214270
                     
                        (Arabic Dial)",Automatic,Very Good,Professional dealer,Steel,Steel,Steel,United States of America,New York,6862.0,2011.0,13.0,1,1,1,1
1766789971-1135,Rolex,Sky-Dweller,336938,Unknown,Very Good,Professional dealer,Yellow gold,Unknown,Yellow Gold,United States of America,New York,59638.0,,,1,1,1,1
1766789973-1136,Rolex,Oyster Perpetual 36,126000,Unknown,Very Good,Professional dealer,Steel,Unknown,Steel,United States of America,New York,10237.0,,,1,1,1,1
1766789975-1137,Rolex,Day-Date 40,"228238
                     
                        (Day-Date Roman numerals)",Unknown,Very Good,Professional dealer,Yellow gold,Unknown,Yellow Gold,United States of America,New York,40056.0,2020.0,4.0,1,1,1,1
1766789977-1138,Rolex,Day-Date 40,"228238
                     
                        (Day-Date Roman numerals)",Unknown,Very Good,Professional dealer,Yellow gold,Unknown,Yellow Gold,United States of America,New York,35604.0,2020.0,4.0,1,1,1,1
1766789979-1139,Rolex,Day-Date 36,118238,Unknown,Very Good,Professional dealer,Yellow gold,Unknown,Yellow Gold,United States of America,New York,24034.0,2009.0,15.0,1,1,1,1
1766789981-1140,Rolex,Datejust 36,"116233
                     
                        (Two-tone)",Unknown,New,Professional dealer,Yellow gold,Unknown,Yellow Gold,United States of America,Pennsylvania,9890.0,,,1,1,1,1
1766789984-1141,Rolex,Datejust 41,"126333
                     
                        (Two-tone)",Unknown,Very Good,Professional dealer,Yellow gold,Unknown,Yellow Gold,United States of America,Pennsylvania,13321.0,2024.0,0.0,1,1,1,1
1766789986-1142,Rolex,Lady-Datejust,178273,Unknown,Very Good,Professional dealer,Yellow gold,Unknown,Yellow Gold,United States of America,Pennsylvania,11302.0,2018.0,6.0,1,1,1,1
1766789988-1143,Rolex,Datejust 36,116201,Automatic,Very Good,Professional dealer,Gold/Steel,Gold/Steel,Gold/Steel,United States of America,New York,9446.0,2005.0,19.0,1,1,1,1
1766789990-1144,Rolex,Air King,"116900
                     
                        (Arabic Dial)",Automatic,Very Good,Partner Certified Included,Steel,Steel,Steel,United States of America,New York,6374.0,2017.0,7.0,1,1,1,0
1766789994-1146,Rolex,Datejust 41,"126300
                     
                        (Datejust smooth bezel)",Automatic,New,Professional dealer,Steel,Steel,Steel,United States of America,New Jersey,9769.0,,,1,1,1,1
1766789996-1147,Rolex,Oyster Perpetual,"76193
                     
                        (Two-tone)",Automatic,Very Good,Professional dealer,Gold/Steel,Gold/Steel,Gold/Steel,United States of America,New York,4844.0,2008.0,16.0,1,1,1,1
1766789999-1148,Rolex,Daytona,126518ln,Automatic,New,Professional dealer,Yellow gold,Rubber,Yellow Gold,United States of America,Michigan,79519.0,,,1,1,1,1
1766790001-1149,Rolex,Datejust 31,278271,Automatic,New,Professional dealer,Gold/Steel,Gold/Steel,Gold/Steel,United States of America,Nevada,12191.0,,,1,1,1,1
1766790003-1150,Rolex,Oyster Perpetual 31,177200,Automatic,Very Good,Professional dealer,Steel,Steel,Steel,United States of America,Illinois,5490.0,2010.0,14.0,1,1,1,1
1766790005-1151,Rolex,Oyster Perpetual 34,"6532
                     
                        (Oyster Perpetual Vintage)",Automatic,Very Good,Professional dealer,Steel,Unknown,Steel,Spain,el viso del alcor,3331.0,1970.0,54.0,1,1,1,1
1766790008-1152,Rolex,Explorer II,226570,Automatic,Very Good,Professional dealer,Steel,Steel,Steel,Germany,Weingarten,8802.0,2022.0,2.0,1,1,1,1
1766790010-1153,Rolex,Datejust 41,126334,Automatic,Very Good,Professional dealer,Steel,Steel,Steel,United States of America,New York,12756.0,2023.0,1.0,1,1,1,1
1766790012-1154,Rolex,Day-Date 36,18038,Automatic,Very Good,Professional dealer,Yellow gold,Yellow gold,Yellow Gold,United States of America,New York,14404.0,,,1,1,1,1
1766790014-1155,Rolex,Lady-Datejust,6917,Automatic,Very Good,Professional dealer,Steel,Gold/Steel,Steel,United States of America,New York,6169.0,,,1,1,1,1
1766790017-1156,Rolex,,126720 VTNR,Automatic,Very Good,Professional dealer,Steel,Steel,Steel,United States of America,New York,13004.0,2023.0,1.0,1,1,1,1
1766790019-1157,Rolex,Submariner Date,"126610LN
                     
                        (Submariner Ceramic Bezel Dark)",Automatic,Very Good,Professional dealer,Steel,Steel,Steel,United States of America,New York,11110.0,2021.0,3.0,1,1,1,1
1766790021-1158,Rolex,GMT-Master II,16710,Automatic,Very Good,Professional dealer,Steel,Steel,Steel,United States of America,New York,10286.0,2000.0,24.0,1,1,1,1
1766790024-1159,Rolex,Submariner Date,"126610LN
                     
                        (Submariner Ceramic Bezel Dark)",Automatic,Very Good,Professional dealer,Steel,Steel,Steel,United States of America,New York,11522.0,2023.0,1.0,1,1,1,1
1766790026-1160,Rolex,GMT-Master II,"126710GRNR
                     
                        (Bruce Wayne)",Automatic,Very Good,Professional dealer,Steel,Steel,Steel,United States of America,New York,16051.0,2024.0,0.0,1,1,1,1
1766790028-1161,Rolex,Yacht-Master 40,"16622
                     
                        (Red Face)",Automatic,Very Good,Professional dealer,Steel,Steel,Steel,United States of America,New York,8639.0,2012.0,12.0,1,1,1,1
1766790030-1162,Rolex,Yacht-Master 42,"226658
                     
                        (Yacht-Master rubber strap)",Automatic,Very Good,Professional dealer,Yellow gold,Rubber,Yellow Gold,United States of America,New York,26344.0,2024.0,0.0,1,1,1,1
1766790032-1163,Rolex,GMT-Master II,126720 VTNR,Automatic,Very Good,Professional dealer,Steel,Steel,Steel,United States of America,New York,13910.0,,,1,1,1,1
1766790034-1164,Rolex,Datejust 41,126334,Automatic,Very Good,Professional dealer,Steel,Steel,Steel,United States of America,New York,12102.0,2011.0,13.0,1,1,1,1
1766790036-1165,Rolex,Explorer,"124273
                     
                        (Two-tone)",Automatic,Very Good,Private Seller,Gold/Steel,Gold/Steel,Gold/Steel,France,Unknown,9878.0,2023.0,1.0,1,1,1,0
1766790038-1166,Rolex,Submariner Date,126613LN,Automatic,Very Good,Private Seller,Gold/Steel,Gold/Steel,Gold/Steel,Romania,Unknown,15714.0,2023.0,1.0,1,1,1,0
1766790041-1167,Rolex,Submariner Date,"116618LB
                     
                        (Submariner Ceramic Bezel Light)",Automatic,Very Good,Professional dealer,Yellow gold,Yellow gold,Yellow Gold,United States of America,New York,29831.0,2019.0,5.0,1,1,1,1
1766790043-1168,Rolex,Datejust 36,16233,Automatic,Very Good,Professional dealer,Gold/Steel,Gold/Steel,Gold/Steel,United States of America,New York,5894.0,1990.0,34.0,1,1,1,1
1766790045-1169,Rolex,Submariner Date,126610lv,Automatic,Very Good,Professional dealer,Steel,Steel,Steel,United States of America,New York,12110.0,2024.0,0.0,1,1,1,1
1766790047-1170,Rolex,Submariner Date,16610,Automatic,New,Private Seller,Unknown,Steel,Other,Italy,Unknown,9516.0,2000.0,24.0,1,1,1,0
1766790049-1171,Rolex,Datejust 41,126300,Automatic,New,Private Seller,Unknown,Steel,Other,Germany,Unknown,11419.0,,,1,1,1,0
1766790051-1172,Rolex,Daytona,"126515LN
                     
                        (Everose)",Automatic,New,Professional dealer,Rose gold,Rubber,Rose Gold,United States of America,New York,83963.0,,,1,1,1,1
1766790054-1173,Rolex,GMT-Master II,126710GRNR,Automatic,New,Professional dealer,Steel,Steel,Steel,United States of America,New York,19731.0,,,1,1,1,1
1766790056-1174,Rolex,Yacht-Master,"69623
                     
                        (Yacht-Master 29mm)",Automatic,Unknown,Professional dealer,Yellow gold and steel,Unknown,Gold/Steel,United States of America,New York,5452.0,,,1,1,1,1
1766790058-1175,Rolex,Sea-Dweller Deepsea,116660,Automatic,Unknown,Professional dealer,Steel,Steel,Steel,United States of America,New York,8307.0,,,1,1,1,1
1766790060-1176,Rolex,Yacht-Master II,116680,Automatic,Very Good,Professional dealer,Steel,Steel,Steel,United States of America,New York,12589.0,,,1,1,1,1
1766790062-1177,Rolex,GMT-Master II,126711 CHNR,Automatic,Unknown,Professional dealer,Unknown,Unknown,Other,United States of America,New York,14520.0,,,1,1,1,1
1766790064-1178,Rolex,Submariner Date,126613 LB,Automatic,Unknown,Professional dealer,Yellow gold and steel,Unknown,Gold/Steel,United States of America,New York,14856.0,,,1,1,1,1
1766790066-1179,Rolex,Lady-Datejust,"79173
                     
                        (Jubilee)",Automatic,Unknown,Professional dealer,Yellow gold and steel,Unknown,Gold/Steel,United States of America,New York,5032.0,,,1,1,1,1
1766790068-1180,Rolex,Submariner Date,126619 LB,Automatic,Unknown,Professional dealer,White gold,White gold,White Gold,United States of America,New York,27282.0,,,1,1,1,1
1766790070-1181,Rolex,Daytona,"116505
                     
                        (Everose)",Automatic,Very Good,Professional dealer,Rose gold,Rose gold,Rose Gold,United States of America,New York,87031.0,,,1,1,1,1
1766790073-1182,Rolex,Yacht-Master II,116680,Automatic,Very Good,Professional dealer,Steel,Steel,Steel,United States of America,Nevada,14694.0,2016.0,8.0,1,1,1,1
1766790075-1183,Rolex,Day-Date 36,118338,Automatic,Very Good,Professional dealer,Yellow gold,Yellow gold,Yellow Gold,United States of America,Nevada,23332.0,,,1,1,1,1
1766790077-1184,Rolex,Datejust 36,116231,Automatic,Very Good,Professional dealer,Gold/Steel,Gold/Steel,Gold/Steel,United States of America,New York,10294.0,,,1,1,1,1
1766790079-1185,Rolex,,8126,Automatic,Very Good,Professional dealer,Rose gold,Leather,Rose Gold,Spain,Madrid,4658.0,1952.0,72.0,1,1,1,1
1766790081-1186,Rolex,GMT-Master II,126713grnr,Automatic,New,Private Seller,Gold/Steel,Gold/Steel,Gold/Steel,United States of America,Arizona,17737.0,,,1,1,1,0
1766790083-1187,Rolex,Datejust 41,126334,Automatic,New,Private Seller,Steel,Steel,Steel,United States of America,Pennsylvania,13523.0,,,1,1,1,0
1766790086-1188,Rolex,Submariner Date,126613lb,Automatic,Very Good,Professional dealer,Gold/Steel,Gold/Steel,Gold/Steel,Australia,East Perth,16122.0,2023.0,1.0,1,1,1,1
1766790088-1189,Rolex,GMT-Master II,126710BLNR,Automatic,New,Professional dealer,Steel,Steel,Steel,Australia,East Perth,17312.0,,,1,1,1,1
1766790090-1190,Rolex,Lady-Datejust,"179384
                     
                        (Datejust No Numerals)",Manual,Very Good,Professional dealer,Steel,Steel,Steel,Hong Kong,Kwun Tong,9137.0,,,1,1,1,1
1766790092-1191,Rolex,Datejust 41,"m126331-0008
                     
                        (Two-tone)",Automatic,Very Good,Professional dealer,Unknown,Gold/Steel,Other,United States of America,Texas,14936.0,,,1,1,1,1
1766790094-1192,Rolex,Datejust 31,178240,Automatic,Very Good,Professional dealer,Steel,Steel,Steel,United States of America,New York,6217.0,,,1,1,1,1
1766790096-1193,Rolex,Explorer,"14270
                     
                        (Arabic Dial)",Automatic,Very Good,Professional dealer,Steel,Steel,Steel,United States of America,California,6661.0,2000.0,24.0,1,1,1,1
1766790098-1194,Rolex,Day-Date 36,"1803
                     
                        (Day-Date 36mm (up to 2000))",Automatic,Very Good,Professional dealer,Yellow gold,Unknown,Yellow Gold,United States of America,California,9083.0,1967.0,57.0,1,1,1,1
1766790101-1195,Rolex,Datejust Turn-O-Graph,"16250
                     
                        (Datejust No Numerals)",Automatic,Very Good,Professional dealer,Steel,Steel,Steel,United States of America,California,6418.0,1979.0,45.0,1,1,1,1
1766790103-1196,Rolex,Day-Date 36,"18238
                     
                        (Day-Date 36mm (up to 2000))",Automatic,Very Good,Professional dealer,Yellow gold,Yellow gold,Yellow Gold,United States of America,California,17721.0,1988.0,36.0,1,1,1,1
1766790105-1197,Rolex,Explorer II,"16570
                     
                        (Explorer II 16570 White)",Automatic,Very Good,Professional dealer,Steel,Steel,Steel,United States of America,California,8517.0,1995.0,29.0,1,1,1,1
1766790107-1198,Rolex,Lady-Datejust,69174,Automatic,Very Good,Professional dealer,Unknown,Unknown,Other,Hong Kong,Kwun Tong,3779.0,,,1,1,1,1
1766790109-1199,Rolex,Daytona,"116503
                     
                        (Two-tone)",Automatic,Very Good,Professional dealer,Unknown,Gold/Steel,Other,Hong Kong,Kwun Tong,17001.0,,,1,1,1,1
1766790111-1200,Rolex,Datejust 31,178241,Automatic,Very Good,Professional dealer,Rose gold,Gold/Steel,Rose Gold,United States of America,New York,10730.0,2016.0,8.0,1,1,1,1
1766790116-1201,Rolex,Daytona,"116505
                     
                        (Chocolate)",Unknown,Very Good,Partner Certified Included,Unknown,Unknown,Other,Japan,Chuo-ku,36019.0,2017.0,7.0,1,1,1,0
1766790118-1202,Rolex,Submariner Date,116618LB,Unknown,Very Good,Partner Certified Included,Yellow gold,Yellow gold,Yellow Gold,Japan,Chuo-ku,29817.0,2019.0,5.0,1,1,1,0
1766790120-1203,Rolex,Yacht-Master II,116689,Unknown,Very Good,Partner Certified Included,White gold,White gold,White Gold,Japan,Chuo-ku,25577.0,2016.0,8.0,1,1,1,0
1766790122-1204,Rolex,Explorer,124273,Unknown,Very Good,Partner Certified Included,Yellow gold and steel,Steel,Gold/Steel,Japan,Chuo-ku,9297.0,2023.0,1.0,1,1,1,0
1766790124-1205,Rolex,Sea-Dweller,"126600
                     
                        (Sea-Dweller (from 2017))",Unknown,Very Good,Partner Certified Included,Steel,Steel,Steel,Japan,Chuo-ku,10472.0,2023.0,1.0,1,1,1,0
1766790126-1206,Rolex,GMT-Master II,126710BLNR,Unknown,Very Good,Partner Certified Included,Steel,Steel,Steel,Japan,Chuo-ku,14557.0,2021.0,3.0,1,1,1,0
1766790129-1207,Rolex,Day-Date 36,"128238A
                     
                        (Day-Date Diamonds)",Unknown,Very Good,Partner Certified Included,Yellow gold,Yellow gold,Yellow Gold,Japan,Chuo-ku,39699.0,2019.0,5.0,1,1,1,0
1766790131-1208,Rolex,Explorer,14270,Unknown,Very Good,Partner Certified Included,Steel,Steel,Steel,Japan,Chuo-ku,5146.0,2000.0,24.0,1,1,1,0
1766790133-1209,Rolex,Submariner Date,"16618
                     
                        (Submariner (1990-2010))",Unknown,Very Good,Partner Certified Included,Yellow gold,Yellow gold,Yellow Gold,Japan,Chuo-ku,21814.0,,,1,1,1,0
1766790135-1210,Rolex,Lady-Datejust,"69174G
                     
                        (Datejust Diamonds)",Unknown,Very Good,Partner Certified Included,White gold and steel,Steel,Gold/Steel,Japan,Chuo-ku,4286.0,,,1,1,1,0
1766790137-1211,Rolex,Lady-Datejust,"79173G
                     
                        (Datejust Diamonds)",Unknown,Very Good,Partner Certified Included,Yellow gold and steel,Steel,Gold/Steel,Japan,Chuo-ku,5627.0,2003.0,21.0,1,1,1,0
1766790139-1212,Rolex,Yacht-Master 37,"268655
                     
                        (Yacht-Master rubber strap)",Unknown,Very Good,Partner Certified Included,Unknown,Rubber,Other,Japan,Chuo-ku,20401.0,2021.0,3.0,1,1,1,0
1766790141-1213,Rolex,Explorer,224270,Unknown,Very Good,Partner Certified Included,Steel,Steel,Steel,Japan,Chuo-ku,7439.0,2024.0,0.0,1,1,1,0
1766790144-1214,Rolex,Daytona,"116505
                     
                        (Chocolate)",Unknown,Very Good,Partner Certified Included,Unknown,Unknown,Other,Japan,Chuo-ku,42049.0,2023.0,1.0,1,1,1,0
1766790146-1215,Rolex,Lady-Datejust,179171,Unknown,Very Good,Partner Certified Included,Rose gold and steel,Steel,Gold/Steel,Japan,Chuo-ku,8024.0,,,1,1,1,0
1766790148-1216,Rolex,Yacht-Master 40,116622,Unknown,Very Good,Professional dealer,Steel,Steel,Steel,Japan,Shinjuku-ku,9152.0,,,1,1,1,1
1766790150-1217,Rolex,GMT-Master II,126711CHNR,Unknown,Very Good,Professional dealer,Gold/Steel,Gold/Steel,Gold/Steel,Japan,Shinjuku-ku,16824.0,,,1,1,1,1
1766790152-1218,Rolex,GMT-Master II,126710BLRO,Unknown,Very Good,Professional dealer,Steel,Steel,Steel,Japan,Shinjuku-ku,19153.0,,,1,1,1,1
1766790154-1219,Rolex,GMT-Master II,126710BLNR,Unknown,Very Good,Professional dealer,Steel,Steel,Steel,Japan,Shinjuku-ku,15271.0,,,1,1,1,1
1766790156-1220,Rolex,Yacht-Master 40,126622,Unknown,Good,Professional dealer,Steel,Steel,Steel,Japan,Shinjuku-ku,12010.0,,,1,1,1,1
1766790159-1221,Rolex,Submariner Date,"126610LN
                     
                        (Submariner Ceramic Bezel Dark)",Unknown,Very Good,Professional dealer,Steel,Steel,Steel,Japan,Shinjuku-ku,11854.0,,,1,1,1,1
1766790161-1222,Rolex,Submariner Date,126613LB,Unknown,Very Good,Professional dealer,Gold/Steel,Gold/Steel,Gold/Steel,Japan,Shinjuku-ku,14598.0,,,1,1,1,1
1766790163-1223,Rolex,Submariner Date,126613LB,Unknown,Very Good,Professional dealer,Gold/Steel,Gold/Steel,Gold/Steel,Japan,Shinjuku-ku,14598.0,,,1,1,1,1
1766790165-1224,Rolex,Explorer,124270,Unknown,Very Good,Professional dealer,Steel,Steel,Steel,Japan,Shinjuku-ku,6988.0,,,1,1,1,1
1766790167-1225,Rolex,Explorer,124270,Unknown,Very Good,Professional dealer,Steel,Steel,Steel,Japan,Shinjuku-ku,7195.0,,,1,1,1,1
1766790169-1226,Rolex,Explorer,"124273
                     
                        (Two-tone)",Unknown,Very Good,Professional dealer,Gold/Steel,Gold/Steel,Gold/Steel,Japan,Shinjuku-ku,9111.0,,,1,1,1,1
1766790171-1227,Rolex,GMT-Master II,"126710BLNR
                     
                        (Batman)",Unknown,Very Good,Professional dealer,Steel,Steel,Steel,Japan,Shinjuku-ku,14572.0,,,1,1,1,1
1766790174-1228,Rolex,GMT-Master II,"126710BLNR
                     
                        (Batman)",Unknown,Very Good,Professional dealer,Steel,Steel,Steel,Japan,Shinjuku-ku,14909.0,,,1,1,1,1
1766790176-1229,Rolex,Explorer,224270,Unknown,Very Good,Professional dealer,Steel,Steel,Steel,Japan,Shinjuku-ku,7506.0,,,1,1,1,1
1766790178-1230,Rolex,GMT-Master II,"126710
                        (Jubilee)",Unknown,Very Good,Professional dealer,Steel,Steel,Steel,Japan,Shinjuku-ku,17911.0,,,1,1,1,1
1766790180-1231,Rolex,Datejust 31,"178274
                     
                        (Datejust Gold/Steel)",Automatic,Very Good,Professional dealer,Gold/Steel,Steel,Gold/Steel,United States of America,New York,7896.0,2014.0,10.0,1,1,1,1
1766790182-1232,Rolex,Datejust II,116333,Automatic,Very Good,Professional dealer,Gold/Steel,Gold/Steel,Gold/Steel,Hong Kong,Hong Kong,10640.0,,,1,1,1,1
1766790184-1233,Rolex,Datejust 41,"126334
                     
                        (Datejust Diamonds)",Automatic,New,Private Seller,White gold,White gold,White Gold,Singapore,Unknown,15178.0,2021.0,3.0,1,1,1,0
1766790186-1234,Rolex,Lady-Datejust,179138XR11,Automatic,Very Good,Professional dealer,Yellow gold,Unknown,Yellow Gold,Hong Kong,Kwun Tong,28344.0,,,1,1,1,1
1766790188-1235,Rolex,Datejust 31,178240,Automatic,Very Good,Professional dealer,Steel,Steel,Steel,United States of America,New York,5813.0,,,1,1,1,1
1766790191-1236,Rolex,Oyster Perpetual 31,277200,Automatic,Very Good,Professional dealer,Steel,Steel,Steel,Hong Kong,Tsim Sha Tsui,7683.0,,,1,1,1,1
1766790193-1237,Rolex,Datejust 31,178240,Automatic,Very Good,Professional dealer,Steel,Steel,Steel,United States of America,New York,5821.0,,,1,1,1,1
1766790195-1238,Rolex,Day-Date 36,118388,Automatic,Very Good,Professional dealer,Yellow gold,Unknown,Yellow Gold,Hong Kong,Kwun Tong,28344.0,,,1,1,1,1
1766790197-1239,Rolex,GMT-Master II,"126710BLNR
                     
                        (Batman)",Unknown,Good,Professional dealer,Steel,Steel,Steel,Japan,Shinjuku-ku,14650.0,,,1,1,1,1
1766790199-1240,Rolex,Oyster Precision,6426,Manual,Good,Professional dealer,Steel,Steel,Steel,Japan,Tokyo,2035.0,,,1,1,1,1
1766790201-1241,Rolex,,224270,Automatic,Very Good,Professional dealer,Steel,Steel,Steel,Japan,Tokyo,6974.0,2024.0,0.0,1,1,1,1
1766790203-1242,Rolex,Explorer II,"16570
                     
                        (Explorer II 16570 Black)",Automatic,Good,Professional dealer,Steel,Steel,Steel,Japan,Tokyo,5477.0,2004.0,20.0,1,1,1,1
1766790206-1243,Rolex,Explorer II,"16570
                     
                        (Explorer II 16570 White)",Automatic,Good,Professional dealer,Steel,Steel,Steel,Japan,Tokyo,6125.0,2001.0,23.0,1,1,1,1
1766790208-1244,Rolex,Explorer II,"16570
                     
                        (Explorer II 16570 White)",Automatic,Very Good,Professional dealer,Steel,Steel,Steel,Japan,Tokyo,6225.0,2006.0,18.0,1,1,1,1
1766790210-1245,Rolex,GMT-Master II,126711CHNR,Automatic,New,Professional dealer,Gold/Steel,Gold/Steel,Gold/Steel,Japan,Tokyo,16202.0,,,1,1,1,1
1766790212-1246,Rolex,GMT-Master II,116713LN,Automatic,Very Good,Professional dealer,Gold/Steel,Gold/Steel,Gold/Steel,Japan,Tokyo,10465.0,2011.0,13.0,1,1,1,1
1766790214-1247,Rolex,Submariner Date,126613LN,Automatic,Very Good,Professional dealer,Gold/Steel,Gold/Steel,Gold/Steel,Japan,Tokyo,13209.0,2020.0,4.0,1,1,1,1
1766790216-1248,Rolex,Yacht-Master 40,116622,Automatic,Very Good,Professional dealer,Unknown,Steel,Other,Japan,Tokyo,9966.0,2018.0,6.0,1,1,1,1
1766790218-1249,Rolex,Datejust 36,16233,Automatic,Very Good,Professional dealer,Gold/Steel,Gold/Steel,Gold/Steel,Japan,Tokyo,4629.0,,,1,1,1,1
1766790220-1250,Rolex,Datejust 36,"1601
                     
                        (Datejust Gold/Steel)",Automatic,Good,Professional dealer,Gold/Steel,Steel,Gold/Steel,Japan,Tokyo,2983.0,,,1,1,1,1
1766790223-1251,Rolex,Lady-Datejust,69068G,Automatic,Very Good,Professional dealer,Yellow gold,Yellow gold,Yellow Gold,Japan,Tokyo,10465.0,,,1,1,1,1
1766790225-1252,Rolex,Lady-Datejust,69178G,Automatic,Very Good,Professional dealer,Yellow gold,Yellow gold,Yellow Gold,Japan,Tokyo,7273.0,,,1,1,1,1
1766790227-1253,Rolex,Lady-Datejust,"179174NR
                     
                        (Datejust Gold/Steel)",Automatic,Very Good,Professional dealer,Gold/Steel,Steel,Gold/Steel,Japan,Tokyo,4130.0,,,1,1,1,1
1766790229-1254,Rolex,Oyster Perpetual 34,"1005/8
                     
                        (Oyster Perpetual Vintage)",Automatic,Fair,Professional dealer,Gold/Steel,Leather,Gold/Steel,Japan,Tokyo,3482.0,,,1,1,1,1
1766790231-1255,Rolex,Air King,5500,Automatic,Fair,Professional dealer,Steel,Steel,Steel,Japan,Tokyo,1985.0,,,1,1,1,1
1766790233-1256,Rolex,Air King,14000,Automatic,Very Good,Professional dealer,Steel,Steel,Steel,Japan,Tokyo,3532.0,1998.0,26.0,1,1,1,1
1766790235-1257,Rolex,Datejust 31,178240,Automatic,Very Good,Professional dealer,Steel,Steel,Steel,United States of America,New York,6225.0,2017.0,7.0,1,1,1,1
1766790238-1258,Rolex,Oyster Precision,6422,Unknown,Very Good,Partner Certified Included,Steel,Steel,Steel,Germany,Stuttgart-Mitte,2960.0,1972.0,52.0,1,1,1,0
1766790240-1259,Rolex,Submariner Date,116610LV,Unknown,Very Good,Partner Certified Included,Steel,Steel,Steel,Germany,Stuttgart-Mitte,17335.0,2016.0,8.0,1,1,1,0
1766790242-1260,Rolex,Lady-Datejust,69178,Automatic,Good,Professional dealer,Yellow gold,Yellow gold,Yellow Gold,Japan,TOKYO  Toshima-ku,8818.0,1997.0,27.0,1,1,1,1
1766790244-1261,Rolex,Day-Date 36,"18038
                     
                        (Day-Date 36mm (up to 2000))",Automatic,Very Good,Professional dealer,Yellow gold,Yellow gold,Yellow Gold,Hong Kong,Hong Kong,14511.0,,,1,1,1,1
1766790246-1262,Rolex,Datejust 36,16013,Automatic,Good,Professional dealer,Gold/Steel,Gold/Steel,Gold/Steel,Japan,TOKYO  Toshima-ku,4760.0,1982.0,42.0,1,1,1,1
1766790248-1263,Rolex,Datejust 31,278344,Automatic,Very Good,Professional dealer,Gold/Steel,White gold,Gold/Steel,United States of America,New York,11077.0,,,1,1,1,1
1766790250-1264,Rolex,Datejust 31,178240,Automatic,Very Good,Professional dealer,Steel,Steel,Steel,United States of America,New York,6232.0,2018.0,6.0,1,1,1,1
1766790252-1265,Rolex,Day-Date 40,m228238-0005,Automatic,Very Good,Professional dealer,Yellow gold,Unknown,Yellow Gold,Hong Kong,Hong Kong,42235.0,,,1,1,1,1
1766790254-1266,Rolex,Lady-Datejust,279163,Automatic,Good,Professional dealer,Gold/Steel,Gold/Steel,Gold/Steel,Japan,TOKYO  Toshima-ku,7736.0,2020.0,4.0,1,1,1,1
1766790257-1267,Rolex,Datejust 36,16233,Automatic,Good,Professional dealer,Gold/Steel,Gold/Steel,Gold/Steel,Japan,TOKYO  Toshima-ku,5301.0,1994.0,30.0,1,1,1,1
1766790259-1268,Rolex,Datejust 31,"6824
                     
                        (Datejust Gold/Steel)",Automatic,Very Good,Professional dealer,Gold/Steel,Steel,Gold/Steel,United States of America,New York,4626.0,,,1,1,1,1
1766790261-1269,Rolex,Lady-Datejust,279384RBR,Automatic,New,Private Seller,Steel,Steel,Steel,Australia,Unknown,17044.0,2023.0,1.0,1,1,1,0
1766790263-1270,Rolex,GMT-Master II,"116758SARU
                     
                        (GMT-Master Ice)",Automatic,Very Good,Partner Certified Included,Unknown,Yellow gold,Other,Netherlands,Rotterdam,89213.0,2018.0,6.0,1,1,1,0
1766790265-1271,Rolex,GMT-Master,"1675
                     
                        (Pepsi)",Automatic,Very Good,Partner Certified Included,Steel,Steel,Steel,Netherlands,Rotterdam,17557.0,1970.0,54.0,1,1,1,0
1766790267-1272,Rolex,Lady-Datejust,179171,Automatic,Very Good,Partner Certified Included,Unknown,Unknown,Other,Netherlands,Rotterdam,9469.0,2011.0,13.0,1,1,1,0
1766790269-1273,Rolex,Lady-Datejust,69178,Automatic,Very Good,Partner Certified Included,Unknown,Unknown,Other,Netherlands,Rotterdam,10230.0,,,1,1,1,0
1766790272-1274,Rolex,Datejust 31,178274,Automatic,Very Good,Partner Certified Included,Gold/Steel,Steel,Gold/Steel,Netherlands,Rotterdam,10420.0,2019.0,5.0,1,1,1,0
1766790274-1275,Rolex,Submariner Date,16610LV,Automatic,Very Good,Partner Certified Included,Unknown,Steel,Other,Netherlands,Rotterdam,11372.0,2007.0,17.0,1,1,1,0
1766790276-1276,Rolex,Submariner Date,116610,Automatic,Very Good,Partner Certified Included,Unknown,Steel,Other,Netherlands,Rotterdam,9754.0,,,1,1,1,0
1766790278-1277,Rolex,Datejust 36,16203,Automatic,Very Good,Partner Certified Included,Unknown,Unknown,Other,Netherlands,Rotterdam,8517.0,2004.0,20.0,1,1,1,0
1766790280-1278,Rolex,Submariner Date,16610,Automatic,Very Good,Partner Certified Included,Unknown,Steel,Other,Netherlands,Rotterdam,8993.0,2006.0,18.0,1,1,1,0
1766790282-1279,Rolex,Datejust 36,16233,Automatic,Very Good,Partner Certified Included,Gold/Steel,Gold/Steel,Gold/Steel,Netherlands,Rotterdam,7375.0,1999.0,25.0,1,1,1,0
1766790284-1280,Rolex,Day-Date 36,18038,Automatic,Very Good,Partner Certified Included,Unknown,Yellow gold,Other,Netherlands,Rotterdam,16415.0,1978.0,46.0,1,1,1,0
1766790286-1281,Rolex,Air King,126900,Automatic,Very Good,Partner Certified Included,Steel,Steel,Steel,Netherlands,Rotterdam,7565.0,,,1,1,1,0
1766790289-1282,Rolex,GMT-Master II,16710,Automatic,Very Good,Partner Certified Included,Unknown,Steel,Other,Netherlands,Rotterdam,13085.0,2004.0,20.0,1,1,1,0
1766790291-1283,Rolex,Pearlmaster,"80318
                     
                        (Datejust Diamonds)",Automatic,Very Good,Partner Certified Included,Unknown,Yellow gold,Other,Netherlands,Rotterdam,13275.0,1998.0,26.0,1,1,1,0
1766790293-1284,Rolex,Daytona,"116520
                     
                        (Daytona (1988-2015))",Automatic,Very Good,Partner Certified Included,Steel,Steel,Steel,Netherlands,Rotterdam,18985.0,2008.0,16.0,1,1,1,0
1766790295-1285,Rolex,GMT-Master II,"116710LN
                     
                        (GMT-Master II black bezel)",Automatic,Very Good,Partner Certified Included,Steel,Steel,Steel,Netherlands,Rotterdam,11848.0,2014.0,10.0,1,1,1,0
1766790297-1286,Rolex,Sky-Dweller,336239,Automatic,Very Good,Partner Certified Included,Unknown,Rubber,Other,Netherlands,Rotterdam,34020.0,2023.0,1.0,1,1,1,0
1766790299-1287,Rolex,Datejust 41,126331,Automatic,Very Good,Partner Certified Included,Gold/Steel,Gold/Steel,Gold/Steel,Netherlands,Rotterdam,14227.0,2024.0,0.0,1,1,1,0
1766790301-1288,Rolex,Yacht-Master 37,268621,Automatic,Very Good,Partner Certified Included,Gold/Steel,Gold/Steel,Gold/Steel,Netherlands,Rotterdam,14512.0,2022.0,2.0,1,1,1,0
1766790303-1289,Rolex,Submariner Date,126610LN,Automatic,New,Professional dealer,Steel,Steel,Steel,Netherlands,Rotterdam,12799.0,,,1,1,1,1
1766790306-1290,Rolex,Yacht-Master 40,116621,Automatic,Very Good,Partner Certified Included,Gold/Steel,Gold/Steel,Gold/Steel,Netherlands,Rotterdam,14702.0,2019.0,5.0,1,1,1,0
1766790308-1291,Rolex,Oyster Perpetual 36,116000,Automatic,New,Professional dealer,Unknown,Unknown,Other,Hong Kong,Kwun Tong,6333.0,,,1,1,1,1
1766790310-1292,Rolex,Oyster,"6244
                     
                        (Oyster Royal)",Manual,Good,Professional dealer,Steel,Unknown,Steel,Japan,Tokyo,1294.0,,,1,1,1,1
1766790312-1293,Rolex,Oyster Perpetual 31,"67480
                     
                        (Arabic Dial)",Automatic,Good,Professional dealer,Steel,Steel,Steel,Japan,Tokyo,2537.0,1997.0,27.0,1,1,1,1
1766790314-1294,Rolex,Day-Date 36,128348RBR,Automatic,Very Good,Professional dealer,Yellow gold,Yellow gold,Yellow Gold,Hong Kong,Kwun Tong,73695.0,,,1,1,1,1
1766790316-1295,Rolex,GMT-Master II,126718grnr,Automatic,New,Private Seller,Yellow gold,Yellow gold,Yellow Gold,India,Unknown,38775.0,,,1,1,1,0
1766790318-1296,Rolex,Yacht-Master 40,"116655
                     
                        (Yacht-Master rubber strap)",Unknown,Very Good,Partner Certified Included,Unknown,Rubber,Other,Japan,Chuo-ku,19930.0,2018.0,6.0,1,1,1,0
1766790320-1297,Rolex,Cellini Moonphase,"m50535-0002
                     
                        (Everose)",Automatic,Very Good,Professional dealer,Rose gold,Leather,Rose Gold,Hong Kong,Kwun Tong,21284.0,,,1,1,1,1
1766790323-1298,Rolex,GMT-Master,1675,Automatic,Fair,Professional dealer,Steel,Steel,Steel,Japan,Tokyo,9318.0,1965.0,59.0,1,1,1,1
1766790325-1299,Rolex,Oyster Perpetual Date,"1505
                     
                        (Oyster Perpetual Vintage)",Automatic,Good,Professional dealer,Gold/Steel,Unknown,Gold/Steel,Japan,Tokyo,2433.0,1972.0,52.0,1,1,1,1
1766790327-1300,Rolex,Oyster Precision,6426,Manual,Good,Professional dealer,Steel,Unknown,Steel,Japan,Tokyo,1967.0,1962.0,62.0,1,1,1,1
1766790329-1301,Rolex,Oyster Precision,6426,Manual,Fair,Professional dealer,Steel,Unknown,Steel,Japan,Tokyo,1708.0,1970.0,54.0,1,1,1,1
1766790331-1302,Rolex,Sky-Dweller,326135,Automatic,Very Good,Professional dealer,Rose gold,Leather,Rose Gold,Hong Kong,hongkong,23049.0,,,1,1,1,1
1766790333-1303,Rolex,Datejust 36,1603,Automatic,Fair,Professional dealer,Steel,Unknown,Steel,Japan,Tokyo,2588.0,1973.0,51.0,1,1,1,1
1766790335-1304,Rolex,Oyster Perpetual 34,"6581
                     
                        (Oyster Perpetual Vintage)",Automatic,Fair,Professional dealer,Steel,Unknown,Steel,Japan,Tokyo,1864.0,1954.0,70.0,1,1,1,1
1766790337-1305,Rolex,Air King,14000,Automatic,Very Good,Partner Certified Included,Steel,Steel,Steel,United States of America,Georgia,3988.0,2000.0,24.0,1,1,1,0
1766790340-1306,Rolex,Datejust 31,"278384RBR
                     
                        (Datejust Diamonds)",Automatic,Very Good,Partner Certified Included,Steel,Steel,Steel,United States of America,Georgia,13854.0,,,1,1,1,0
1766790342-1307,Rolex,Datejust 41,126334,Automatic,Very Good,Partner Certified Included,Steel,Steel,Steel,United States of America,Georgia,12062.0,2021.0,3.0,1,1,1,0
1766790344-1308,Rolex,GMT-Master II,"126710BLNR
                     
                        (Batgirl)",Automatic,Very Good,Partner Certified Included,Steel,Steel,Steel,United States of America,Georgia,15485.0,,,1,1,1,0
1766790346-1309,Rolex,Sky-Dweller,336934,Automatic,Very Good,Partner Certified Included,Steel,Steel,Steel,United States of America,Georgia,19481.0,,,1,1,1,0
1766790348-1310,Rolex,Day-Date 36,118135,Automatic,Very Good,Partner Certified Included,Rose gold,Alligator skin,Rose Gold,United States of America,Georgia,19320.0,,,1,1,1,0
1766790350-1311,Rolex,Oyster Perpetual Date,15210,Automatic,Very Good,Partner Certified Included,Steel,Steel,Steel,United States of America,Georgia,4069.0,1997.0,27.0,1,1,1,0
1766790352-1312,Rolex,Explorer II,226570,Automatic,Very Good,Partner Certified Included,Steel,Steel,Steel,United States of America,Georgia,9777.0,,,1,1,1,0
1766790354-1313,Rolex,Datejust II,116300,Automatic,Very Good,Partner Certified Included,Steel,Steel,Steel,United States of America,Georgia,7662.0,2010.0,14.0,1,1,1,0
1766790357-1314,Rolex,Datejust 36,"126231
                     
                        (Two-tone)",Automatic,Very Good,Partner Certified Included,Steel,Gold/Steel,Steel,United States of America,Georgia,12142.0,2018.0,6.0,1,1,1,0
1766790359-1315,Rolex,Oyster Perpetual 26,176234,Automatic,Very Good,Partner Certified Included,Steel,Steel,Steel,United States of America,Georgia,5458.0,2006.0,18.0,1,1,1,0
1766790361-1316,Rolex,Oyster Perpetual 31,"177200
                     
                        (Arabic Dial)",Automatic,Very Good,Partner Certified Included,Steel,Steel,Steel,United States of America,Georgia,5538.0,2006.0,18.0,1,1,1,0
1766790363-1317,Rolex,Daytona,116523,Automatic,Very Good,Partner Certified Included,Yellow gold and steel,Gold/Steel,Gold/Steel,United States of America,Georgia,19400.0,2011.0,13.0,1,1,1,0
1766790365-1318,Rolex,Oyster Perpetual Lady Date,79160,Automatic,Very Good,Partner Certified Included,Steel,Steel,Steel,United States of America,Georgia,3988.0,1990.0,34.0,1,1,1,0
1766790367-1319,Rolex,Oyster Perpetual 31,"77080
                     
                        (Arabic Dial)",Automatic,Very Good,Partner Certified Included,Steel,Steel,Steel,United States of America,Georgia,4230.0,2000.0,24.0,1,1,1,0
1766790369-1320,Rolex,Oyster Perpetual 34,114200,Automatic,Very Good,Partner Certified Included,Steel,Steel,Steel,United States of America,Georgia,5538.0,,,1,1,1,0
1766790374-1321,Rolex,GMT-Master II,"126710BLNR
                     
                        (Batgirl)",Automatic,Very Good,Partner Certified Included,Steel,Steel,Steel,United States of America,Georgia,17850.0,2022.0,2.0,1,1,1,0
1766790376-1322,Rolex,Cellini Dual Time,"50525
                     
                        (Everose)",Automatic,Very Good,Partner Certified Included,Rose gold,Alligator skin,Rose Gold,United States of America,Georgia,12796.0,,,1,1,1,0
1766790378-1323,Rolex,Daytona,"116520
                     
                        (Daytona (1988-2015))",Automatic,Very Good,Partner Certified Included,Steel,Steel,Steel,United States of America,Georgia,17850.0,2007.0,17.0,1,1,1,0
1766790380-1324,Rolex,Submariner Date,"116613
                     
                        (Two-tone)",Automatic,Very Good,Partner Certified Included,Yellow gold and steel,Gold/Steel,Gold/Steel,United States of America,Georgia,12877.0,,,1,1,1,0
1766790382-1325,Rolex,Lady-Datejust,179173,Automatic,Very Good,Partner Certified Included,Steel,Gold/Steel,Steel,United States of America,Georgia,7662.0,,,1,1,1,0
1766790384-1326,Rolex,Lady-Datejust,179173,Automatic,Very Good,Partner Certified Included,Steel,Gold/Steel,Steel,United States of America,Georgia,7742.0,2009.0,15.0,1,1,1,0
1766790387-1327,Rolex,Lady-Datejust,179173,Automatic,Very Good,Partner Certified Included,Steel,Gold/Steel,Steel,United States of America,Georgia,7742.0,,,1,1,1,0
1766790389-1328,Rolex,Sea-Dweller 4000,16600,Automatic,Very Good,Partner Certified Included,Steel,Steel,Steel,United States of America,Georgia,8719.0,2007.0,17.0,1,1,1,0
1766790391-1329,Rolex,Datejust 36,6605,Automatic,Fair,Professional dealer,Steel,Unknown,Steel,Japan,Tokyo,2951.0,1954.0,70.0,1,1,1,1
1766790393-1330,Rolex,Lady-Datejust,"69179
                     
                        (Datejust Diamonds)",Automatic,Good,Professional dealer,White gold,White gold,White Gold,United States of America,New York,10082.0,1990.0,34.0,1,1,1,1
1766790395-1331,Rolex,Datejust 36,"16200
                     
                        (Datejust smooth bezel)",Automatic,Good,Professional dealer,Steel,Steel,Steel,United States of America,New York,6126.0,1999.0,25.0,1,1,1,1
1766790397-1332,Rolex,Oysterdate Precision,6494,Manual,Fair,Professional dealer,Steel,Unknown,Steel,Japan,Tokyo,1449.0,1958.0,66.0,1,1,1,1
1766790399-1333,Rolex,Oyster Perpetual 34,"6284
                     
                        (Oyster Perpetual Vintage)",Automatic,Good,Professional dealer,Steel,Leather,Steel,Japan,tokyo,2331.0,,,1,1,1,1
1766790402-1334,Rolex,Cellini,4083,Manual,Good,Professional dealer,Yellow gold,Leather,Yellow Gold,Japan,Kashihara-shi,2821.0,1975.0,49.0,1,1,1,1
1766790404-1335,Rolex,Cellini,4112,Manual,Good,Professional dealer,Yellow gold,Leather,Yellow Gold,Japan,Tokyo,2847.0,1991.0,33.0,1,1,1,1
1766790411-1338,Rolex,Datejust 36,16220,Automatic,Very Good,Partner Certified Included,Unknown,Unknown,Other,Belgium,Bruxelles,5805.0,1999.0,25.0,1,1,1,0
1766790413-1339,Rolex,Cellini,5115,Manual,Good,Professional dealer,Yellow gold,Leather,Yellow Gold,Japan,Tokyo,3002.0,2001.0,23.0,1,1,1,1
1766790415-1340,Rolex,Datejust 36,116234,Automatic,Very Good,Professional dealer,Unknown,Unknown,Other,United States of America,Texas,8639.0,,,1,1,1,1
1766790417-1341,Rolex,GMT-Master II,"116710BLNR
                     
                        (Batman)",Automatic,Very Good,Partner Certified Included,Steel,Steel,Steel,Belgium,KNOKKE-LE-ZOUTE,13365.0,2017.0,7.0,1,1,1,0
1766790419-1342,Rolex,Day-Date II,218206,Automatic,Very Good,Professional dealer,Platinum,Platinum,Platinum,Hong Kong,hongkong,39454.0,,,1,1,1,1
1766790421-1343,Rolex,Lady-Datejust,279171G,Automatic,New,Professional dealer,Unknown,Unknown,Other,Japan,Fukuoka Chuo-ku,15012.0,,,1,1,1,1
1766790423-1344,Rolex,Lady-Datejust,279171,Automatic,New,Professional dealer,Unknown,Unknown,Other,Japan,Fukuoka Chuo-ku,12165.0,,,1,1,1,1
1766790425-1345,Rolex,GMT-Master II,126710BLNR,Automatic,Good,Professional dealer,Unknown,Unknown,Other,Japan,Fukuoka Chuo-ku,14391.0,,,1,1,1,1
1766790428-1346,Rolex,GMT-Master II,"126710GRNR
                     
                        (Bruce Wayne)",Automatic,New,Professional dealer,Unknown,Unknown,Other,Japan,Fukuoka Chuo-ku,17859.0,,,1,1,1,1
1766790430-1347,Rolex,Daytona,"116528
                     
                        (Daytona (1988-2015))",Automatic,Good,Professional dealer,Yellow gold,Unknown,Yellow Gold,Japan,Fukuoka Chuo-ku,40791.0,,,1,1,1,1
1766790432-1348,Rolex,1908,52509,Automatic,New,Professional dealer,White gold,Unknown,White Gold,Japan,Fukuoka Chuo-ku,22777.0,,,1,1,1,1
1766790434-1349,Rolex,Submariner (No Date),"114060
                     
                        (Submariner Ceramic Bezel Dark)",Automatic,Very Good,Professional dealer,Steel,Steel,Steel,Hong Kong,Kwun Tong,8098.0,,,1,1,1,1
1766790436-1350,Rolex,Datejust 36,116231,Automatic,Very Good,Partner Certified Included,Gold/Steel,Gold/Steel,Gold/Steel,Netherlands,Maastricht,11181.0,2007.0,17.0,1,1,1,0
1766790438-1351,Rolex,Datejust 36,16233,Automatic,Very Good,Partner Certified Included,Gold/Steel,Gold/Steel,Gold/Steel,Netherlands,Maastricht,7851.0,2001.0,23.0,1,1,1,0
1766790440-1352,Rolex,Lady-Datejust,69173,Automatic,Very Good,Partner Certified Included,Gold/Steel,Gold/Steel,Gold/Steel,Netherlands,Maastricht,5948.0,1996.0,28.0,1,1,1,0
1766790442-1353,Rolex,Oyster Perpetual 34,114200,Automatic,Very Good,Partner Certified Included,Steel,Steel,Steel,Netherlands,Maastricht,6614.0,2018.0,6.0,1,1,1,0
1766790445-1354,Rolex,Datejust 31,178240,Automatic,Very Good,Partner Certified Included,Steel,Steel,Steel,Netherlands,Maastricht,6423.0,2011.0,13.0,1,1,1,0
1766790447-1355,Rolex,Air King,14000M,Automatic,Very Good,Partner Certified Included,Steel,Steel,Steel,Netherlands,Maastricht,4996.0,1992.0,32.0,1,1,1,0
1766790449-1356,Rolex,Datejust 36,116203,Automatic,Very Good,Partner Certified Included,Steel,Gold/Steel,Steel,United States of America,Florida,9373.0,,,1,1,1,0
1766790451-1357,Rolex,Oyster Perpetual Date,134300,Automatic,New,Professional dealer,Steel,Steel,Steel,Japan,Nagoya,9318.0,,,1,1,1,1
1766790453-1358,Rolex,Oyster Perpetual Date,15200,Automatic,Good,Professional dealer,Steel,Steel,Steel,Japan,Chiyoda-ku,4390.0,,,1,1,1,1
1766790455-1359,Rolex,,126900,Automatic,New,Professional dealer,Steel,Steel,Steel,Japan,Chiyoda-ku,7392.0,,,1,1,1,1
1766790457-1360,Rolex,Day-Date,"18026
                        (Day-Date Diamonds)",Automatic,Very Good,Professional dealer,Platinum,Platinum,Platinum,Germany,München,28529.0,1980.0,44.0,1,1,1,1
1766790459-1361,Rolex,GMT-Master II,126713grnr,Automatic,Very Good,Professional dealer,Steel,Gold/Steel,Steel,Greece,Thessaloniki,17985.0,2023.0,1.0,1,1,1,1
1766790462-1362,Rolex,Oyster Perpetual 36,"116000
                     
                        (Arabic Dial)",Automatic,Good,Professional dealer,Steel,Steel,Steel,United States of America,Florida,5853.0,2017.0,7.0,1,1,1,1
1766790464-1363,Rolex,Explorer,"114270
                     
                        (Arabic Dial)",Automatic,Good,Professional dealer,Steel,Steel,Steel,United States of America,Florida,5611.0,2006.0,18.0,1,1,1,1
1766790466-1364,Rolex,Lady-Datejust,179173,Automatic,Good,Professional dealer,Yellow gold and steel,Gold/Steel,Gold/Steel,United States of America,Florida,7468.0,2008.0,16.0,1,1,1,1
1766790468-1365,Rolex,Datejust 31,"68274
                     
                        (Jubilee)",Automatic,Good,Professional dealer,Steel,Steel,Steel,United States of America,Florida,6822.0,1999.0,25.0,1,1,1,1
1766790470-1366,Rolex,Submariner Date,116613LB,Automatic,Good,Professional dealer,Yellow gold and steel,Gold/Steel,Gold/Steel,United States of America,Florida,12473.0,2017.0,7.0,1,1,1,1
1766790472-1367,Rolex,Land-Dweller,"127334
                     
                        (Arabic Dial)",Automatic,New,Professional dealer,Steel,Steel,Steel,Greece,Thessaloniki,25408.0,,,1,1,1,1
1766790474-1368,Rolex,Sky-Dweller,,Automatic,Very Good,Professional dealer,Unknown,Rubber,Other,United States of America,California,32826.0,,,1,1,1,1
1766790477-1369,Rolex,Datejust 36,16233,Automatic,Good,Professional dealer,Gold/Steel,Gold/Steel,Gold/Steel,Greece,Thessaloniki,5329.0,,,1,1,1,1
1766790479-1370,Rolex,Day-Date 36,118139,Automatic,Very Good,Partner Certified Included,White gold,Crocodile skin,White Gold,Italy,Milano,19746.0,2019.0,5.0,1,1,1,0
1766790481-1371,Rolex,Daytona,126503,Automatic,Very Good,Partner Certified Included,Gold/Steel,Gold/Steel,Gold/Steel,Italy,Milano,21268.0,2024.0,0.0,1,1,1,0
1766790483-1372,Rolex,Oyster Perpetual 36,126000,Automatic,Good,Professional dealer,Steel,Steel,Steel,Hong Kong,Kowloon,7693.0,2020.0,4.0,1,1,1,1
1766790485-1373,Rolex,Datejust 41,126334-0015,Automatic,Very Good,Professional dealer,Unknown,Unknown,Other,United States of America,Florida,12110.0,,,1,1,1,1
1766790487-1374,Rolex,Sea-Dweller Deepsea,116660-0003,Automatic,Very Good,Professional dealer,Unknown,Unknown,Other,United States of America,Florida,10899.0,,,1,1,1,1
1766790489-1375,Rolex,Yacht-Master 40,"40 116621-0001
                     
                        (Chocolate)",Automatic,Very Good,Professional dealer,Unknown,Unknown,Other,United States of America,Florida,12837.0,,,1,1,1,1
1766790491-1376,Rolex,Day-Date 40,M228235-0032,Automatic,Very Good,Professional dealer,Unknown,Unknown,Other,United States of America,Florida,35119.0,,,1,1,1,1
1766790494-1377,Rolex,Datejust 41,126334-0005,Automatic,Very Good,Professional dealer,Unknown,Unknown,Other,United States of America,Florida,11706.0,,,1,1,1,1
1766790496-1378,Rolex,Lady-Datejust,79174,Automatic,Very Good,Partner Certified Included,Steel,Steel,Steel,Japan,Tokyo,4197.0,2002.0,22.0,1,1,1,0
1766790498-1379,Rolex,Lady-Datejust,179383G,Automatic,Very Good,Partner Certified Included,Steel,Steel,Steel,Japan,Tokyo,10631.0,2012.0,12.0,1,1,1,0
1766790500-1380,Rolex,Submariner Date,116610LN,Automatic,Very Good,Partner Certified Included,Steel,Steel,Steel,Japan,Tokyo,9920.0,2019.0,5.0,1,1,1,0
1766790502-1381,Rolex,Datejust 36,126200,Automatic,Very Good,Partner Certified Included,Steel,Steel,Steel,Japan,Tokyo,6399.0,2023.0,1.0,1,1,1,0
1766790504-1382,Rolex,Datejust 36,16220,Automatic,Very Good,Partner Certified Included,Steel,Steel,Steel,Japan,Tokyo,5301.0,2002.0,22.0,1,1,1,0
1766790506-1383,Rolex,Datejust 36,16233,Automatic,Very Good,Partner Certified Included,Steel,Steel,Steel,Japan,Tokyo,5678.0,1989.0,35.0,1,1,1,0
1766790509-1384,Rolex,Lady-Datejust,79173,Automatic,Very Good,Partner Certified Included,Steel,Steel,Steel,Japan,Tokyo,4725.0,2002.0,22.0,1,1,1,0
1766790511-1385,Rolex,Oyster Perpetual Date,15200,Automatic,Very Good,Partner Certified Included,Steel,Steel,Steel,Japan,Tokyo,4359.0,1997.0,27.0,1,1,1,0
1766790513-1386,Rolex,Sea-Dweller 4000,16600,Automatic,Very Good,Partner Certified Included,Steel,Steel,Steel,Japan,Tokyo,7185.0,1993.0,31.0,1,1,1,0
1766790515-1387,Rolex,Lady-Datejust,69173,Automatic,Very Good,Partner Certified Included,Steel,Steel,Steel,Japan,Tokyo,4725.0,,,1,1,1,0
1766790517-1388,Rolex,Lady-Datejust,69173G,Automatic,Very Good,Partner Certified Included,Steel,Steel,Steel,Japan,Tokyo,3955.0,,,1,1,1,0
1766790519-1389,Rolex,Datejust 36,16013,Automatic,Very Good,Partner Certified Included,Steel,Steel,Steel,Japan,Tokyo,4558.0,,,1,1,1,0
1766790521-1390,Rolex,Datejust 36,116201G,Automatic,Very Good,Partner Certified Included,Steel,Steel,Steel,Japan,Tokyo,8413.0,2008.0,16.0,1,1,1,0
1766790523-1391,Rolex,Datejust II,116334,Automatic,Very Good,Partner Certified Included,Steel,Steel,Steel,Japan,Tokyo,8197.0,2012.0,12.0,1,1,1,0
1766790526-1392,Rolex,Oyster Perpetual 31,177200,Automatic,Very Good,Partner Certified Included,Steel,Steel,Steel,Japan,Tokyo,4068.0,2014.0,10.0,1,1,1,0
1766790528-1393,Rolex,Datejust 31,68273,Automatic,Very Good,Partner Certified Included,Steel,Steel,Steel,Japan,Tokyo,5882.0,,,1,1,1,0
1766790530-1394,Rolex,Submariner Date,16610,Automatic,Very Good,Partner Certified Included,Steel,Steel,Steel,Japan,Tokyo,8612.0,2009.0,15.0,1,1,1,0
1766790532-1395,Rolex,Day-Date 36,"18238A
                     
                        (Day-Date 36mm (up to 2000))",Automatic,Very Good,Partner Certified Included,Yellow gold,Yellow gold,Yellow Gold,Japan,Tokyo,16472.0,,,1,1,1,0
1766790534-1396,Rolex,Datejust 36,116234G,Automatic,Very Good,Partner Certified Included,Steel,Steel,Steel,Japan,Tokyo,8827.0,2007.0,17.0,1,1,1,0
1766790536-1397,Rolex,Oyster Perpetual,76080,Automatic,Very Good,Partner Certified Included,Steel,Steel,Steel,Japan,Tokyo,2507.0,2001.0,23.0,1,1,1,0
1766790538-1398,Rolex,Lady-Datejust,79173,Automatic,Very Good,Partner Certified Included,Yellow gold and steel,Gold/Steel,Gold/Steel,Netherlands,Maastricht,6043.0,2001.0,23.0,1,1,1,0
1766790541-1399,Rolex,Datejust 36,"126200
                     
                        (Jubilee)",Automatic,Very Good,Partner Certified Included,Steel,Steel,Steel,Netherlands,Maastricht,7756.0,2019.0,5.0,1,1,1,0
1766790543-1400,Rolex,Explorer II,"16570
                     
                        (Explorer II 16570 Black)",Automatic,Very Good,Partner Certified Included,Steel,Steel,Steel,Netherlands,Maastricht,7756.0,2007.0,17.0,1,1,1,0
1766790545-1401,Rolex,Datejust 41,"126300
                     
                        (Datejust smooth bezel)",Automatic,Very Good,Partner Certified Included,Steel,Steel,Steel,Netherlands,Maastricht,7851.0,2019.0,5.0,1,1,1,0
1766790547-1402,Rolex,Lady-Datejust,179383,Automatic,Very Good,Partner Certified Included,Yellow gold and steel,Gold/Steel,Gold/Steel,Netherlands,Maastricht,11372.0,2014.0,10.0,1,1,1,0
1766790549-1403,Rolex,Daytona,"116500 LN
                     
                        (Daytona (from 2016))",Automatic,Very Good,Partner Certified Included,Steel,Steel,Steel,Netherlands,Maastricht,23077.0,2021.0,3.0,1,1,1,0
1766790551-1404,Rolex,Submariner Date,126610 LN,Automatic,New,Professional dealer,Steel,Steel,Steel,Netherlands,Maastricht,12799.0,,,1,1,1,1
1766790553-1405,Rolex,Submariner Date,"116613 LN
                     
                        (Two-tone)",Automatic,Very Good,Partner Certified Included,Yellow gold and steel,Gold/Steel,Gold/Steel,Netherlands,Maastricht,12133.0,2017.0,7.0,1,1,1,0
1766790555-1406,Rolex,Datejust 36,"116234
                     
                        (Jubilee)",Automatic,Very Good,Partner Certified Included,White gold and steel,Steel,Gold/Steel,Netherlands,Maastricht,8517.0,2019.0,5.0,1,1,1,0
1766790558-1407,Rolex,Oyster Perpetual 34,"1009
                     
                        (Oyster Perpetual Vintage)",Automatic,Very Good,Professional dealer,Unknown,Unknown,Other,Hong Kong,Kwun Tong,5564.0,,,1,1,1,1
1766790560-1408,Rolex,Sea-Dweller,"126600
                     
                        (Sea-Dweller (from 2017))",Automatic,Very Good,Professional dealer,Steel,Steel,Steel,Austria,Wien,12942.0,2020.0,4.0,1,1,1,1
1766790562-1409,Rolex,Submariner Date,116610LV,Automatic,Very Good,Professional dealer,Steel,Steel,Steel,Austria,Wien,18937.0,2019.0,5.0,1,1,1,1
1766790564-1410,Rolex,Milgauss,116400GV,Automatic,Very Good,Professional dealer,Steel,Steel,Steel,Austria,Wien,11657.0,2022.0,2.0,1,1,1,1
1766790566-1411,Rolex,Datejust 36,126231,Automatic,Very Good,Partner Certified Included,Unknown,Rose gold,Other,France,Unknown,12847.0,2020.0,4.0,1,1,1,0
1766790568-1412,Rolex,Submariner (No Date),124060,Automatic,Very Good,Partner Certified Included,Steel,Steel,Steel,France,Unknown,11324.0,2022.0,2.0,1,1,1,0
1766790570-1413,Rolex,Submariner Date,"16613
                     
                        (Submariner (1990-2010))",Automatic,Very Good,Partner Certified Included,Unknown,Yellow gold,Other,France,Unknown,10563.0,2003.0,21.0,1,1,1,0
1766790572-1414,Rolex,Sky-Dweller,326935,Automatic,Very Good,Professional dealer,Rose gold,Rose gold,Rose Gold,United States of America,Illinois,33101.0,,,1,1,1,1
1766790575-1415,Rolex,GMT-Master II,"M126710BLRO-0002
                     
                        (Pepsi)",Automatic,Very Good,Professional dealer,Steel,Steel,Steel,United States of America,Texas,17757.0,2021.0,3.0,1,1,1,1
1766790577-1416,Rolex,GMT-Master II,"126710BLRO
                     
                        (Pepsi)",Automatic,Very Good,Partner Certified Included,Steel,Steel,Steel,United Kingdom,London,16843.0,2021.0,3.0,1,1,1,0
1766790579-1417,Rolex,Sky-Dweller,"336938
                     
                        (Jubilee)",Automatic,Very Good,Partner Certified Included,Yellow gold,Yellow gold,Yellow Gold,United States of America,Pennsylvania,59178.0,,,1,1,1,0
1766790581-1418,Rolex,Sea-Dweller,"126600
                     
                        (Sea-Dweller (from 2017))",Automatic,Very Good,Partner Certified Included,Steel,Steel,Steel,United States of America,Florida,13321.0,2021.0,3.0,1,1,1,0
1766790583-1419,Rolex,Datejust 31,178341,Automatic,Very Good,Partner Certified Included,Steel,Gold/Steel,Steel,United States of America,Florida,11949.0,2013.0,11.0,1,1,1,0
1766790585-1420,Rolex,Daytona,"116505
                     
                        (Everose)",Automatic,Very Good,Partner Certified Included,Rose gold,Rose gold,Rose Gold,United States of America,New York,48238.0,2014.0,10.0,1,1,1,0
1766790587-1421,Rolex,Lady-Datejust,6927,Automatic,Very Good,Partner Certified Included,Yellow gold,Yellow gold,Yellow Gold,United States of America,New York,6055.0,1982.0,42.0,1,1,1,0
1766790589-1422,Rolex,Yacht-Master 40,126622,Automatic,Very Good,Partner Certified Included,Steel,Steel,Steel,United States of America,New York,11706.0,2021.0,3.0,1,1,1,0
1766790592-1423,Rolex,Datejust 41,126334,Automatic,Very Good,Partner Certified Included,Steel,Steel,Steel,United States of America,New York,12514.0,2023.0,1.0,1,1,1,0
1766790594-1424,Rolex,Datejust 41,126334,Automatic,Very Good,Partner Certified Included,Steel,Steel,Steel,United States of America,New York,11706.0,2020.0,4.0,1,1,1,0
1766790596-1425,Rolex,Milgauss,116400GV,Automatic,Very Good,Partner Certified Included,Steel,Steel,Steel,United Kingdom,London,10302.0,2022.0,2.0,1,1,1,0
1766790598-1426,Rolex,Oyster Perpetual 31,77080,Automatic,Very Good,Partner Certified Included,Steel,Steel,Steel,France,Paris,4882.0,2001.0,23.0,1,1,1,0
1766790600-1427,Rolex,Datejust 36,116188,Automatic,Very Good,Professional dealer,Yellow gold,Leather,Yellow Gold,Hong Kong,Tsim Sha Tsui,17339.0,,,1,1,1,1
1766790602-1428,Rolex,Day-Date 36,118139,Automatic,Very Good,Professional dealer,Unknown,Unknown,Other,Hong Kong,Kwun Tong,19103.0,,,1,1,1,1
1766790604-1429,Rolex,Datejust 41,"126333
                     
                        (Two-tone)",Automatic,Very Good,Partner Certified Included,Steel,Gold/Steel,Steel,United States of America,New York,13320.0,,,1,1,1,0
1766790606-1430,Rolex,Daytona,116518,Automatic,Very Good,Partner Certified Included,Yellow gold,Rubber,Yellow Gold,United States of America,New York,22605.0,2002.0,22.0,1,1,1,0
1766790609-1431,Rolex,Submariner (No Date),124060,Automatic,Good,Professional dealer,Steel,Unknown,Steel,Japan,Toshimaku,9436.0,,,1,1,1,1
1766790611-1432,Rolex,Daytona,"16528G
                     
                        (Daytona (1988-2015))",Automatic,Unknown,Professional dealer,Unknown,Unknown,Other,Japan,Toshimaku,29768.0,,,1,1,1,1
1766790613-1433,Rolex,Lady-Datejust,279173,Automatic,Unknown,Professional dealer,Unknown,Unknown,Other,Japan,Toshimaku,7021.0,,,1,1,1,1
1766790615-1434,Rolex,Datejust 36,126233G,Automatic,Unknown,Professional dealer,Unknown,Unknown,Other,Japan,Toshimaku,11121.0,,,1,1,1,1
1766790617-1435,Rolex,Explorer II,1655,Automatic,Unknown,Professional dealer,Steel,Unknown,Steel,Japan,Toshimaku,24893.0,,,1,1,1,1
1766790619-1436,Rolex,Lady-Datejust,69173,Automatic,Unknown,Professional dealer,Unknown,Unknown,Other,Japan,Toshimaku,4156.0,,,1,1,1,1
1766790621-1437,Rolex,Submariner (No Date),"14060M
                     
                        (Submariner (1990-2010))",Automatic,Good,Professional dealer,Steel,Unknown,Steel,Japan,Toshimaku,7302.0,,,1,1,1,1
1766790623-1438,Rolex,GMT-Master II,"126710BLRO
                     
                        (Pepsi)",Automatic,Unknown,Professional dealer,Steel,Unknown,Steel,Japan,Toshimaku,16569.0,,,1,1,1,1
1766790626-1439,Rolex,Datejust 41,"126300
                     
                        (Datejust smooth bezel)",Automatic,Good,Professional dealer,Steel,Unknown,Steel,Japan,Toshimaku,9548.0,,,1,1,1,1
1766790628-1440,Rolex,GMT-Master II,"126713GRNR
                     
                        (Zombie)",Automatic,Good,Professional dealer,Unknown,Unknown,Other,Japan,Toshimaku,17692.0,,,1,1,1,1
1766790632-1441,Rolex,Submariner Date,126613LN,Automatic,Good,Professional dealer,Unknown,Unknown,Other,Japan,Toshimaku,14603.0,,,1,1,1,1
1766790634-1442,Rolex,Datejust 36,16233,Automatic,Good,Professional dealer,Unknown,Unknown,Other,Japan,Toshimaku,5504.0,,,1,1,1,1
1766790636-1443,Rolex,Lady-Datejust,179174NR,Automatic,Unknown,Professional dealer,Unknown,Unknown,Other,Japan,Toshimaku,5336.0,,,1,1,1,1
1766790639-1444,Rolex,Datejust 31,278341RBR,Automatic,Good,Professional dealer,Unknown,Unknown,Other,Japan,Toshimaku,13929.0,,,1,1,1,1
1766790641-1445,Rolex,Oyster Perpetual 36,126000,Automatic,Unknown,Professional dealer,Steel,Unknown,Steel,Japan,Toshimaku,13199.0,,,1,1,1,1
1766790643-1446,Rolex,Submariner Date,126613LB,Automatic,Good,Professional dealer,Unknown,Unknown,Other,Japan,Toshimaku,14772.0,,,1,1,1,1
1766790645-1447,Rolex,Datejust 36,16220,Automatic,Good,Professional dealer,Steel,Unknown,Steel,Japan,Toshimaku,4212.0,,,1,1,1,1
1766790647-1448,Rolex,Lady-Datejust,279174,Automatic,Good,Professional dealer,Unknown,Unknown,Other,Japan,Toshimaku,7189.0,,,1,1,1,1
1766790649-1449,Rolex,Datejust 41,"126331
                     
                        (Everose)",Automatic,Good,Professional dealer,Rose gold,Unknown,Rose Gold,Japan,Toshimaku,12637.0,,,1,1,1,1
1766790652-1450,Rolex,Datejust 41,"126331
                     
                        (Everose)",Automatic,Unknown,Professional dealer,Rose gold,Unknown,Rose Gold,Japan,Toshimaku,12356.0,,,1,1,1,1
1766790654-1451,Rolex,GMT-Master II,126710BLNR,Automatic,Good,Professional dealer,Steel,Unknown,Steel,Japan,Toshimaku,15446.0,,,1,1,1,1
1766790656-1452,Rolex,Datejust 41,126333G,Automatic,Unknown,Professional dealer,Unknown,Unknown,Other,Japan,Toshimaku,12076.0,,,1,1,1,1
1766790658-1453,Rolex,Datejust 36,126200,Automatic,Unknown,Professional dealer,Steel,Unknown,Steel,Japan,Toshimaku,7302.0,,,1,1,1,1
1766790660-1454,Rolex,Oyster Perpetual Lady Date,6919,Automatic,Good,Professional dealer,Steel,Unknown,Steel,Japan,Toshimaku,2179.0,,,1,1,1,1
1766790662-1455,Rolex,Lady-Datejust,279173,Automatic,Unknown,Professional dealer,Unknown,Unknown,Other,Japan,Toshimaku,9267.0,,,1,1,1,1
1766790664-1456,Rolex,Daytona,"116500LN
                     
                        (Daytona (from 2016))",Automatic,Good,Professional dealer,Steel,Unknown,Steel,Japan,Toshimaku,22186.0,,,1,1,1,1
1766790666-1457,Rolex,Milgauss,116400GV,Automatic,Good,Professional dealer,Steel,Unknown,Steel,Japan,Toshimaku,7302.0,,,1,1,1,1
1766790669-1458,Rolex,Explorer II,226570,Automatic,Unknown,Professional dealer,Steel,Unknown,Steel,Japan,Toshimaku,8425.0,,,1,1,1,1
1766790671-1459,Rolex,,14060,Automatic,Unknown,Professional dealer,Steel,Unknown,Steel,Japan,Toshimaku,7526.0,,,1,1,1,1
1766790673-1460,Rolex,Datejust 41,"126301
                     
                        (Everose)",Automatic,Good,Professional dealer,Rose gold,Unknown,Rose Gold,Japan,Toshimaku,10672.0,,,1,1,1,1
1766790675-1461,Rolex,Daytona,126500LN,Automatic,Good,Professional dealer,Steel,Unknown,Steel,Japan,Toshimaku,29206.0,,,1,1,1,1
1766790677-1462,Rolex,Oyster Perpetual 31,177200,Automatic,Good,Professional dealer,Steel,Unknown,Steel,Japan,Toshimaku,4044.0,,,1,1,1,1
1766790679-1463,Rolex,GMT-Master II,"126710BLRO
                     
                        (Pepsi)",Automatic,Unknown,Professional dealer,Steel,Unknown,Steel,Japan,Toshimaku,16457.0,,,1,1,1,1
1766790681-1464,Rolex,Lady-Datejust,179175G,Automatic,Unknown,Professional dealer,Unknown,Unknown,Other,Japan,Toshimaku,14884.0,,,1,1,1,1
1766790684-1465,Rolex,Explorer,114270,Automatic,Good,Professional dealer,Steel,Unknown,Steel,Japan,Toshimaku,4662.0,,,1,1,1,1
1766790686-1466,Rolex,Datejust 41,126331,Automatic,Unknown,Professional dealer,Rose gold,Unknown,Rose Gold,Japan,Toshimaku,11514.0,,,1,1,1,1
1766790688-1467,Rolex,Datejust 36,16233,Automatic,Unknown,Professional dealer,Unknown,Unknown,Other,Japan,Toshimaku,4718.0,,,1,1,1,1
1766790690-1468,Rolex,Daytona,116503,Automatic,Unknown,Professional dealer,Unknown,Unknown,Other,Japan,Toshimaku,16569.0,,,1,1,1,1
1766790692-1469,Rolex,Daytona,126515LN,Automatic,Unknown,Professional dealer,Unknown,Unknown,Other,Japan,Toshimaku,39035.0,,,1,1,1,1
1766790694-1470,Rolex,Datejust 41,"126331
                     
                        (Everose)",Automatic,Unknown,Professional dealer,Rose gold,Unknown,Rose Gold,Japan,Toshimaku,12918.0,,,1,1,1,1
1766790696-1471,Rolex,Datejust 36,"116231G
                     
                        (Everose)",Automatic,Unknown,Professional dealer,Rose gold,Unknown,Rose Gold,Japan,Toshimaku,8987.0,,,1,1,1,1
1766790698-1472,Rolex,Sea-Dweller Deepsea,"12660
                        (Sea-Dweller (from 2017))",Automatic,Unknown,Professional dealer,Steel,Unknown,Steel,Japan,Toshimaku,8987.0,,,1,1,1,1
1766790701-1473,Rolex,GMT-Master II,"126713GRNR
                     
                        (Zombie)",Automatic,Unknown,Professional dealer,Unknown,Unknown,Other,Japan,Toshimaku,17861.0,,,1,1,1,1
1766790703-1474,Rolex,Lady-Datejust,179173NG,Automatic,Good,Professional dealer,Unknown,Unknown,Other,Japan,Toshimaku,8425.0,,,1,1,1,1
1766790705-1475,Rolex,Day-Date II,218206,Automatic,Unknown,Professional dealer,Unknown,Unknown,Other,Japan,Toshimaku,40439.0,,,1,1,1,1
1766790707-1476,Rolex,Datejust 41,"126300
                     
                        (Datejust smooth bezel)",Automatic,Good,Professional dealer,Steel,Unknown,Steel,Japan,Toshimaku,9267.0,,,1,1,1,1
1766790709-1477,Rolex,Explorer,114270,Automatic,Good,Professional dealer,Steel,Unknown,Steel,Japan,Toshimaku,4774.0,,,1,1,1,1
1766790711-1478,Rolex,Yacht-Master 40,16622,Automatic,Unknown,Professional dealer,Unknown,Unknown,Other,Japan,Toshimaku,7021.0,,,1,1,1,1
1766790713-1479,Rolex,Yacht-Master,"168628
                     
                        (Yacht-Master 35mm)",Automatic,Unknown,Professional dealer,Unknown,Unknown,Other,Japan,Toshimaku,14041.0,,,1,1,1,1
1766790715-1480,Rolex,Daytona,126503,Automatic,Good,Professional dealer,Unknown,Unknown,Other,Japan,Toshimaku,20557.0,,,1,1,1,1
1766790717-1481,Rolex,Explorer II,"16570
                     
                        (Explorer II 16570 Black)",Automatic,Unknown,Professional dealer,Steel,Unknown,Steel,Japan,Toshimaku,5729.0,,,1,1,1,1
1766790720-1482,Rolex,Cellini Moonphase,50535,Automatic,Unknown,Professional dealer,Unknown,Unknown,Other,Japan,Toshimaku,19096.0,,,1,1,1,1
1766790722-1483,Rolex,Yacht-Master 37,268655,Automatic,Unknown,Professional dealer,Unknown,Unknown,Other,Japan,Toshimaku,29206.0,,,1,1,1,1
1766790724-1484,Rolex,Datejust 31,"178241NG
                     
                        (Everose)",Automatic,Unknown,Professional dealer,Rose gold,Unknown,Rose Gold,Japan,Toshimaku,10391.0,,,1,1,1,1
1766790726-1485,Rolex,Datejust 41,"126300
                     
                        (Datejust smooth bezel)",Automatic,Unknown,Professional dealer,Steel,Unknown,Steel,Japan,Toshimaku,7302.0,,,1,1,1,1
1766790728-1486,Rolex,Oyster Perpetual 36,116000,Automatic,Good,Professional dealer,Steel,Unknown,Steel,Japan,Toshimaku,4549.0,,,1,1,1,1
1766790730-1487,Rolex,Datejust 36,126203,Automatic,Good,Professional dealer,Unknown,Unknown,Other,Japan,Toshimaku,9267.0,,,1,1,1,1
1766790732-1488,Rolex,GMT-Master II,"126713GRNR
                     
                        (Zombie)",Automatic,Good,Professional dealer,Unknown,Unknown,Other,Japan,Toshimaku,17973.0,,,1,1,1,1
1766790735-1489,Rolex,Datejust 36,"126231
                     
                        (Everose)",Automatic,Good,Professional dealer,Rose gold,Unknown,Rose Gold,Japan,Toshimaku,10784.0,,,1,1,1,1
1766790737-1490,Rolex,Submariner Date,126613LN,Automatic,Good,Professional dealer,Unknown,Unknown,Other,Japan,Toshimaku,14098.0,,,1,1,1,1
1766790739-1491,Rolex,Explorer II,226570,Automatic,Good,Professional dealer,Steel,Unknown,Steel,Japan,Toshimaku,8593.0,,,1,1,1,1
1766790741-1492,Rolex,Sea-Dweller Deepsea,126660,Automatic,Unknown,Professional dealer,Steel,Unknown,Steel,Japan,Toshimaku,8313.0,,,1,1,1,1
1766790743-1493,Rolex,Submariner Date,126613LB,Automatic,Good,Professional dealer,Unknown,Unknown,Other,Japan,Toshimaku,14772.0,,,1,1,1,1
1766790745-1494,Rolex,Submariner Date,"16613
                     
                        (Submariner (1990-2010))",Automatic,Unknown,Professional dealer,Unknown,Unknown,Other,Japan,Toshimaku,8762.0,,,1,1,1,1
1766790747-1495,Rolex,Oyster Perpetual 36,116000,Automatic,Good,Professional dealer,Steel,Unknown,Steel,Japan,Toshimaku,5448.0,,,1,1,1,1
1766790750-1496,Rolex,GMT-Master II,126711CHNR,Automatic,Good,Professional dealer,Rose gold,Unknown,Rose Gold,Japan,Toshimaku,16288.0,,,1,1,1,1
1766790752-1497,Rolex,Lady-Datejust,179173G,Automatic,Unknown,Professional dealer,Unknown,Unknown,Other,Japan,Toshimaku,6571.0,,,1,1,1,1
1766790754-1498,Rolex,Lady-Datejust,69174,Automatic,Good,Professional dealer,Unknown,Unknown,Other,Japan,Toshimaku,2921.0,,,1,1,1,1
1766790756-1499,Rolex,Lady-Datejust,179173G,Automatic,Unknown,Professional dealer,Unknown,Unknown,Other,Japan,Toshimaku,4437.0,,,1,1,1,1
1766790759-1500,Rolex,Lady-Datejust,179171G,Automatic,Good,Professional dealer,Unknown,Unknown,Other,Japan,Toshimaku,7582.0,,,1,1,1,1
1766790761-1501,Rolex,Yacht-Master 40,16622,Automatic,Unknown,Professional dealer,Unknown,Unknown,Other,Japan,Toshimaku,8144.0,,,1,1,1,1
1766790763-1502,Rolex,Submariner Date,116613LB,Automatic,Unknown,Professional dealer,Unknown,Unknown,Other,Japan,Toshimaku,12076.0,,,1,1,1,1
1766790765-1503,Rolex,Oyster Perpetual 39,114300,Automatic,Unknown,Professional dealer,Steel,Unknown,Steel,Japan,Toshimaku,6459.0,,,1,1,1,1
1766790767-1504,Rolex,Oyster Perpetual 41,124300,Automatic,Unknown,Professional dealer,Steel,Unknown,Steel,Japan,Toshimaku,7021.0,,,1,1,1,1
1766790769-1505,Rolex,GMT-Master II,"116710BLNR
                     
                        (Batman)",Automatic,Unknown,Professional dealer,Steel,Unknown,Steel,Japan,Toshimaku,12356.0,,,1,1,1,1
1766790771-1506,Rolex,Yacht-Master 40,126622,Automatic,Unknown,Professional dealer,Unknown,Unknown,Other,Japan,Toshimaku,10784.0,,,1,1,1,1
1766790773-1507,Rolex,Submariner Date,126610LV,Automatic,Unknown,Professional dealer,Unknown,Unknown,Other,Japan,Toshimaku,11907.0,,,1,1,1,1
1766790775-1508,Rolex,Yacht-Master 40,126655,Automatic,Unknown,Professional dealer,Unknown,Unknown,Other,Japan,Toshimaku,36395.0,,,1,1,1,1
1766790778-1509,Rolex,Cellini Dual Time,50529,Automatic,Unknown,Professional dealer,White gold,Unknown,White Gold,Japan,Toshimaku,10110.0,,,1,1,1,1
1766790780-1510,Rolex,Lady-Datejust,179174,Automatic,Good,Professional dealer,Unknown,Unknown,Other,Japan,Toshimaku,5055.0,,,1,1,1,1
1766790782-1511,Rolex,Lady-Datejust,179160,Automatic,Good,Professional dealer,Steel,Unknown,Steel,Japan,Toshimaku,3482.0,,,1,1,1,1
1766790784-1512,Rolex,Yacht-Master 37,"268622
                     
                        (Yacht-Master 35mm)",Automatic,Unknown,Professional dealer,Unknown,Unknown,Other,Japan,Toshimaku,8987.0,,,1,1,1,1
1766790786-1513,Rolex,Explorer,124270,Automatic,Good,Professional dealer,Steel,Unknown,Steel,Japan,Toshimaku,6740.0,,,1,1,1,1
1766790788-1514,Rolex,GMT-Master II,"126710BLRO
                     
                        (Pepsi)",Automatic,Good,Professional dealer,Steel,Unknown,Steel,Japan,Toshimaku,16850.0,,,1,1,1,1
1766790790-1515,Rolex,Daytona,"116523
                     
                        (Daytona (1988-2015))",Unknown,Unknown,Professional dealer,Unknown,Unknown,Other,Japan,Toshimaku,16569.0,,,1,1,1,1
1766790792-1516,Rolex,Lady-Datejust,79173,Automatic,Unknown,Professional dealer,Unknown,Unknown,Other,Japan,Toshimaku,4381.0,,,1,1,1,1
1766790794-1517,Rolex,Daytona,"116500LN
                     
                        (Daytona (from 2016))",Automatic,Unknown,Professional dealer,Steel,Unknown,Steel,Japan,Toshimaku,21849.0,,,1,1,1,1
1766790797-1518,Rolex,Air King,116900,Automatic,Unknown,Professional dealer,Steel,Unknown,Steel,Japan,Toshimaku,5617.0,,,1,1,1,1
1766790799-1519,Rolex,Lady-Datejust,279174G,Automatic,Good,Professional dealer,Unknown,Unknown,Other,Japan,Toshimaku,3763.0,,,1,1,1,1
1766790801-1520,Rolex,Daytona,"16518
                     
                        (Daytona (1988-2015))",Automatic,Unknown,Professional dealer,Unknown,Unknown,Other,Japan,Toshimaku,19209.0,,,1,1,1,1
1766790803-1521,Rolex,GMT-Master II,"116710BLNR
                     
                        (Batman)",Automatic,Good,Professional dealer,Steel,Unknown,Steel,Japan,Toshimaku,12356.0,,,1,1,1,1
1766790805-1522,Rolex,GMT-Master II,"126720VTNR
                     
                        (Sprite)",Automatic,Good,Professional dealer,Steel,Unknown,Steel,Japan,Toshimaku,13929.0,,,1,1,1,1
1766790807-1523,Rolex,Air King,116900,Automatic,Good,Professional dealer,Steel,Unknown,Steel,Japan,Toshimaku,5560.0,,,1,1,1,1
1766790809-1524,Rolex,GMT-Master II,"126710BLRO
                     
                        (Pepsi)",Automatic,Unknown,Professional dealer,Steel,Unknown,Steel,Japan,Toshimaku,16850.0,,,1,1,1,1
1766790812-1525,Rolex,Submariner Date,116610LN,Automatic,Unknown,Professional dealer,Steel,Unknown,Steel,Japan,Toshimaku,8762.0,,,1,1,1,1
1766790814-1526,Rolex,Datejust 31,278275,Automatic,Unknown,Professional dealer,Unknown,Unknown,Other,Japan,Toshimaku,30891.0,,,1,1,1,1
1766790816-1527,Rolex,Datejust 41,"126300
                     
                        (Datejust smooth bezel)",Automatic,Unknown,Professional dealer,Steel,Unknown,Steel,Japan,Toshimaku,8537.0,,,1,1,1,1
1766790818-1528,Rolex,GMT-Master II,"126710GRNR
                     
                        (Bruce Wayne)",Automatic,Unknown,Professional dealer,Steel,Unknown,Steel,Japan,Toshimaku,15333.0,,,1,1,1,1
1766790820-1529,Rolex,Explorer,214270,Automatic,Good,Professional dealer,Steel,Unknown,Steel,Japan,Toshimaku,5897.0,,,1,1,1,1
1766790822-1530,Rolex,Explorer II,"216570
                     
                        (Explorer II 216570 Black)",Automatic,Good,Professional dealer,Steel,Unknown,Steel,Japan,Toshimaku,6965.0,,,1,1,1,1
1766790824-1531,Rolex,Submariner Date,116610LN,Automatic,Unknown,Professional dealer,Steel,Unknown,Steel,Japan,Toshimaku,9155.0,,,1,1,1,1
1766790826-1532,Rolex,Datejust 36,16233,Automatic,Good,Professional dealer,Unknown,Unknown,Other,Japan,Toshimaku,4325.0,,,1,1,1,1
1766790829-1533,Rolex,GMT-Master II,126711CHNR,Automatic,Unknown,Professional dealer,Rose gold,Unknown,Rose Gold,Japan,Toshimaku,15895.0,,,1,1,1,1
1766790831-1534,Rolex,Daytona,116503,Automatic,Unknown,Professional dealer,Unknown,Unknown,Other,Japan,Toshimaku,20220.0,,,1,1,1,1
1766790833-1535,Rolex,Daytona,"116515LN
                     
                        (Chocolate)",Automatic,Unknown,Professional dealer,Unknown,Unknown,Other,Japan,Toshimaku,25218.0,,,1,1,1,1
1766790835-1536,Rolex,Sky-Dweller,326934,Automatic,Good,Professional dealer,Unknown,Unknown,Other,Japan,Toshimaku,16850.0,,,1,1,1,1
1766790837-1537,Rolex,Datejust 36,16014,Automatic,Unknown,Professional dealer,Steel,Unknown,Steel,Japan,Toshimaku,3707.0,,,1,1,1,1
1766790839-1538,Rolex,Milgauss,116400GV,Automatic,Unknown,Professional dealer,Steel,Unknown,Steel,Japan,Toshimaku,8987.0,,,1,1,1,1
1766790841-1539,Rolex,Datejust 36,16233,Automatic,Unknown,Professional dealer,Unknown,Unknown,Other,Japan,Toshimaku,4830.0,,,1,1,1,1
1766790843-1540,Rolex,Datejust 31,"278241
                     
                        (Everose)",Automatic,Unknown,Professional dealer,Rose gold,Unknown,Rose Gold,Japan,Toshimaku,11514.0,,,1,1,1,1
1766790846-1541,Rolex,Submariner Date,16610LV,Automatic,Unknown,Professional dealer,Steel,Unknown,Steel,Japan,Toshimaku,10952.0,,,1,1,1,1
1766790848-1542,Rolex,Daytona,"116505
                     
                        (Chocolate)",Unknown,Good,Professional dealer,Unknown,Unknown,Other,Japan,Toshimaku,42124.0,,,1,1,1,1
1766790850-1543,Rolex,Explorer II,226570,Automatic,Good,Professional dealer,Steel,Unknown,Steel,Japan,Toshimaku,9155.0,,,1,1,1,1
1766790852-1544,Rolex,Datejust 36,16233,Automatic,Good,Professional dealer,Unknown,Unknown,Other,Japan,Toshimaku,5504.0,,,1,1,1,1
1766790854-1545,Rolex,Daytona,126500LN,Automatic,Unknown,Professional dealer,Steel,Unknown,Steel,Japan,Toshimaku,24151.0,,,1,1,1,1
1766790856-1546,Rolex,Daytona,116403,Unknown,Unknown,Professional dealer,Unknown,Unknown,Other,Japan,Toshimaku,15726.0,,,1,1,1,1
1766790858-1547,Rolex,Explorer,124270,Automatic,Good,Professional dealer,Steel,Unknown,Steel,Japan,Toshimaku,6178.0,,,1,1,1,1
1766790860-1548,Rolex,Lady-Datejust,"179171G
                     
                        (Everose)",Automatic,Good,Professional dealer,Rose gold,Unknown,Rose Gold,Japan,Toshimaku,6628.0,,,1,1,1,1
1766790863-1549,Rolex,Datejust 31,278274,Automatic,Unknown,Professional dealer,Unknown,Unknown,Other,Japan,Toshimaku,9829.0,,,1,1,1,1
1766790865-1550,Rolex,Daytona,126500LN,Automatic,Good,Professional dealer,Steel,Unknown,Steel,Japan,Toshimaku,29206.0,,,1,1,1,1
1766790867-1551,Rolex,Datejust 41,126334,Automatic,Unknown,Professional dealer,Unknown,Unknown,Other,Japan,Toshimaku,11514.0,,,1,1,1,1
1766790869-1552,Rolex,Explorer,124270,Automatic,Good,Professional dealer,Steel,Unknown,Steel,Japan,Toshimaku,6571.0,,,1,1,1,1
1766790871-1553,Rolex,GMT-Master II,126710BLNR,Automatic,Unknown,Professional dealer,Steel,Unknown,Steel,Japan,Toshimaku,14210.0,,,1,1,1,1
1766790873-1554,Rolex,Submariner Date,126610LV,Automatic,Unknown,Professional dealer,Steel,Unknown,Steel,Japan,Toshimaku,12188.0,,,1,1,1,1
1766790876-1555,Rolex,Daytona,126500LN,Automatic,Unknown,Professional dealer,Steel,Unknown,Steel,Japan,Toshimaku,29599.0,,,1,1,1,1
1766790878-1556,Rolex,Daytona,116508,Automatic,Unknown,Professional dealer,Unknown,Unknown,Other,Japan,Toshimaku,65714.0,,,1,1,1,1
1766790880-1557,Rolex,Daytona,"116515LN
                     
                        (Chocolate)",Automatic,Unknown,Professional dealer,Unknown,Unknown,Other,Japan,Toshimaku,36789.0,,,1,1,1,1
1766790882-1558,Rolex,Submariner Date,126613LB,Automatic,Good,Professional dealer,Unknown,Unknown,Other,Japan,Toshimaku,15165.0,,,1,1,1,1
1766790884-1559,Rolex,Datejust 36,126234,Automatic,Unknown,Professional dealer,Unknown,Unknown,Other,Japan,Toshimaku,9548.0,,,1,1,1,1
1766790886-1560,Rolex,GMT-Master II,"126710BLRO
                     
                        (Pepsi)",Automatic,Good,Professional dealer,Steel,Unknown,Steel,Japan,Toshimaku,17074.0,,,1,1,1,1
1766790891-1561,Rolex,Lady-Datejust,279174,Automatic,Unknown,Professional dealer,Unknown,Unknown,Other,Japan,Toshimaku,6908.0,,,1,1,1,1
1766790893-1562,Rolex,Lady-Datejust,"279171
                     
                        (Everose)",Automatic,Unknown,Professional dealer,Rose gold,Unknown,Rose Gold,Japan,Toshimaku,9829.0,,,1,1,1,1
1766790895-1563,Rolex,Lady-Datejust,69166,Automatic,Unknown,Professional dealer,Platinum,Unknown,Platinum,Japan,Toshimaku,9885.0,,,1,1,1,1
1766790897-1564,Rolex,Explorer II,"16570
                     
                        (Explorer II 16570 White)",Automatic,Unknown,Professional dealer,Steel,Unknown,Steel,Japan,Toshimaku,6515.0,,,1,1,1,1
1766790899-1565,Rolex,GMT-Master II,"116710LN
                     
                        (GMT-Master II black bezel)",Automatic,Unknown,Professional dealer,Steel,Unknown,Steel,Japan,Toshimaku,10391.0,,,1,1,1,1
1766790901-1566,Rolex,Oyster Perpetual 26,176200,Automatic,Unknown,Professional dealer,Steel,Unknown,Steel,Japan,Toshimaku,2808.0,,,1,1,1,1
1766790903-1567,Rolex,Submariner Date,126613LB,Automatic,Good,Professional dealer,Unknown,Unknown,Other,Japan,Toshimaku,14884.0,,,1,1,1,1
1766790905-1568,Rolex,Oyster Perpetual 41,134300,Automatic,Good,Professional dealer,Steel,Unknown,Steel,Japan,Toshimaku,9998.0,,,1,1,1,1
1766790908-1569,Rolex,Daytona,,Automatic,Good,Professional dealer,Steel,Unknown,Steel,Japan,Toshimaku,17411.0,,,1,1,1,1
1766790910-1570,Rolex,Submariner Date,126610LN,Automatic,Unknown,Professional dealer,Steel,Unknown,Steel,Japan,Toshimaku,12356.0,,,1,1,1,1
1766790912-1571,Rolex,Lady-Datejust,79174,Automatic,Good,Professional dealer,Unknown,Unknown,Other,Japan,Toshimaku,3932.0,,,1,1,1,1
1766790914-1572,Rolex,Datejust 36,16233,Automatic,Unknown,Professional dealer,Unknown,Unknown,Other,Japan,Toshimaku,5897.0,,,1,1,1,1
1766790916-1573,Rolex,GMT-Master II,"126710BLRO
                     
                        (Pepsi)",Automatic,Good,Professional dealer,Steel,Unknown,Steel,Japan,Toshimaku,16850.0,,,1,1,1,1
1766790918-1574,Rolex,GMT-Master II,"116710LN
                     
                        (GMT-Master II black bezel)",Automatic,Good,Professional dealer,Steel,Unknown,Steel,Japan,Toshimaku,9998.0,,,1,1,1,1
1766790920-1575,Rolex,Datejust 36,16233,Automatic,Unknown,Professional dealer,Unknown,Unknown,Other,Japan,Toshimaku,5448.0,,,1,1,1,1
1766790922-1576,Rolex,Datejust II,116333,Automatic,Unknown,Professional dealer,Unknown,Unknown,Other,Japan,Toshimaku,9829.0,,,1,1,1,1
1766790925-1577,Rolex,Datejust 41,"126300
                     
                        (Datejust smooth bezel)",Automatic,Unknown,Professional dealer,Steel,Unknown,Steel,Japan,Toshimaku,8425.0,,,1,1,1,1
1766790927-1578,Rolex,Datejust 36,16233G,Automatic,Good,Professional dealer,Unknown,Unknown,Other,Japan,Toshimaku,5504.0,,,1,1,1,1
1766790929-1579,Rolex,Datejust 41,"126331NG
                     
                        (Everose)",Automatic,Unknown,Professional dealer,Rose gold,Unknown,Rose Gold,Japan,Toshimaku,14940.0,,,1,1,1,1
1766790931-1580,Rolex,Daytona,126500LN,Automatic,Good,Professional dealer,Steel,Unknown,Steel,Japan,Toshimaku,29487.0,,,1,1,1,1
1766790933-1581,Rolex,Lady-Datejust,279160,Automatic,Good,Professional dealer,Steel,Unknown,Steel,Japan,Toshimaku,5336.0,,,1,1,1,1
1766790935-1582,Rolex,Lady-Datejust,69173,Automatic,Unknown,Professional dealer,Unknown,Unknown,Other,Japan,Toshimaku,4156.0,,,1,1,1,1
1766790937-1583,Rolex,Day-Date 40,228238,Automatic,Good,Professional dealer,Unknown,Unknown,Other,Japan,Toshimaku,51673.0,,,1,1,1,1
1766790939-1584,Rolex,Explorer,214270,Automatic,Good,Professional dealer,Steel,Unknown,Steel,Japan,Toshimaku,6066.0,,,1,1,1,1
1766790942-1585,Rolex,Oyster Perpetual 34,14238,Automatic,Unknown,Professional dealer,Unknown,Unknown,Other,Japan,Toshimaku,10896.0,,,1,1,1,1
1766790944-1586,Rolex,GMT-Master II,"126710BLRO
                     
                        (Pepsi)",Automatic,Unknown,Professional dealer,Steel,Unknown,Steel,Japan,Toshimaku,17692.0,,,1,1,1,1
1766790946-1587,Rolex,Datejust 36,16233,Automatic,Good,Professional dealer,Unknown,Unknown,Other,Japan,Toshimaku,4606.0,,,1,1,1,1
1766790948-1588,Rolex,Datejust 31,68273,Automatic,Unknown,Professional dealer,Unknown,Unknown,Other,Japan,Toshimaku,5617.0,,,1,1,1,1
1766790950-1589,Rolex,Oyster Perpetual 36,126000,Automatic,Good,Professional dealer,Steel,Unknown,Steel,Japan,Toshimaku,9267.0,,,1,1,1,1
1766790952-1590,Rolex,Daytona,126503,Automatic,Unknown,Professional dealer,Unknown,Unknown,Other,Japan,Toshimaku,20781.0,,,1,1,1,1
1766790954-1591,Rolex,Oyster Perpetual 34,124200,Automatic,Good,Professional dealer,Steel,Unknown,Steel,Japan,Toshimaku,7919.0,,,1,1,1,1
1766790956-1592,Rolex,Lady-Datejust,179163,Automatic,Unknown,Professional dealer,Unknown,Unknown,Other,Japan,Toshimaku,4718.0,,,1,1,1,1
1766790959-1593,Rolex,Datejust 36,126200,Automatic,Unknown,Professional dealer,Steel,Unknown,Steel,Japan,Toshimaku,7302.0,,,1,1,1,1
1766790961-1594,Rolex,Oyster Perpetual 41,134300,Automatic,Good,Professional dealer,Steel,Unknown,Steel,Japan,Toshimaku,8706.0,,,1,1,1,1
1766790963-1595,Rolex,Datejust 41,126333,Automatic,Unknown,Professional dealer,Unknown,Unknown,Other,Japan,Toshimaku,10559.0,,,1,1,1,1
1766790965-1596,Rolex,Submariner Date,126610LV,Automatic,Unknown,Professional dealer,Steel,Unknown,Steel,Japan,Toshimaku,12356.0,,,1,1,1,1
1766790967-1597,Rolex,GMT-Master II,126711CHNR,Automatic,Unknown,Professional dealer,Rose gold,Unknown,Rose Gold,Japan,Toshimaku,15446.0,,,1,1,1,1
1766790969-1598,Rolex,Daytona,116509,Automatic,Good,Professional dealer,Unknown,Unknown,Other,Japan,Toshimaku,33700.0,,,1,1,1,1
1766790971-1599,Rolex,Yacht-Master 40,16622,Automatic,Unknown,Professional dealer,Unknown,Unknown,Other,Japan,Toshimaku,7302.0,,,1,1,1,1
1766790973-1600,Rolex,Lady-Datejust,69173G,Automatic,Good,Professional dealer,Unknown,Unknown,Other,Japan,Toshimaku,4493.0,,,1,1,1,1
1766790976-1601,Rolex,GMT-Master II,"126719BLRO
                     
                        (Pepsi)",Automatic,Very Good,Professional dealer,White gold,White gold,White Gold,France,Paris,33306.0,2023.0,1.0,1,1,1,1
1766790978-1602,Rolex,Submariner Date,"126610LN
                     
                        (Submariner Ceramic Bezel Dark)",Automatic,Very Good,Partner Certified Included,Steel,Steel,Steel,United Kingdom,London,11937.0,2024.0,0.0,1,1,1,0
1766790980-1603,Rolex,Datejust 36,"16233
                     
                        (Two-tone)",Automatic,Unknown,Professional dealer,Steel,Gold/Steel,Steel,United States of America,Texas,6451.0,,,1,1,1,1
1766790982-1604,Rolex,Datejust 36,116203,Automatic,Unknown,Professional dealer,Steel,Gold/Steel,Steel,United States of America,Texas,7952.0,,,1,1,1,1
1766790984-1605,Rolex,Daytona,16523,Automatic,Good,Partner Certified Included,Gold/Steel,Steel,Gold/Steel,Japan,Nara,14494.0,1997.0,27.0,1,1,1,0
1766790986-1606,Rolex,Day-Date 36,118346A,Unknown,Very Good,Partner Certified Included,Platinum,Platinum,Platinum,Japan,Chuo-ku,27933.0,2006.0,18.0,1,1,1,0
1766790988-1607,Rolex,Datejust 41,126301,Unknown,Very Good,Partner Certified Included,Rose gold and steel,Steel,Gold/Steel,Japan,Chuo-ku,10048.0,2020.0,4.0,1,1,1,0
1766790990-1608,Rolex,Day-Date,18946A,Unknown,Very Good,Partner Certified Included,Platinum,Platinum,Platinum,Japan,Chuo-ku,37344.0,,,1,1,1,0
1766790993-1609,Rolex,GMT-Master II,"116710BLNR
                     
                        (Batman)",Automatic,Very Good,Professional dealer,Steel,Steel,Steel,Hong Kong,Mong Kok,11878.0,2019.0,5.0,1,1,1,1
1766790995-1610,Rolex,Datejust 31,178240,Automatic,Very Good,Professional dealer,Steel,Steel,Steel,United States of America,New York,6229.0,2015.0,9.0,1,1,1,1
1766790997-1611,Rolex,Datejust 36,16234,Automatic,Very Good,Professional dealer,Steel,Steel,Steel,UAE,Dubai,5958.0,1996.0,28.0,1,1,1,1
1766790999-1612,Rolex,GMT-Master II,"116710BLNR
                     
                        (Batman)",Automatic,Very Good,Professional dealer,Steel,Steel,Steel,Hong Kong,Mong Kok,11711.0,2016.0,8.0,1,1,1,1
1766791002-1613,Rolex,Sea-Dweller Deepsea,116660,Automatic,Very Good,Private Seller,Steel,Steel,Steel,Czech Republic,Unknown,10649.0,2017.0,7.0,1,1,1,0
1766791004-1614,Rolex,Lady-Datejust,178273,Automatic,Very Good,Professional dealer,Gold/Steel,Gold/Steel,Gold/Steel,United States of America,New York,10608.0,,,1,1,1,1
1766791006-1615,Rolex,Oyster Perpetual 36,116000,Unknown,Very Good,Professional dealer,Steel,Unknown,Steel,United States of America,California,5957.0,,,1,1,1,1
1766791009-1616,Rolex,Datejust 41,"126334
                     
                        (Wimbledon)",Unknown,New,Professional dealer,Unknown,Unknown,Other,United States of America,California,12867.0,,,1,1,1,1
1766791011-1617,Rolex,Submariner Date,16610,Unknown,Very Good,Professional dealer,Steel,Unknown,Steel,United States of America,California,11140.0,2020.0,4.0,1,1,1,1
1766791013-1618,Rolex,Datejust 41,"126334
                     
                        (Wimbledon)",Unknown,Very Good,Professional dealer,Unknown,Unknown,Other,United States of America,California,12004.0,2023.0,1.0,1,1,1,1
1766791015-1619,Rolex,GMT-Master II,"126720VTNR
                     
                        (Sprite)",Automatic,New,Private Seller,Steel,Steel,Steel,Germany,Unknown,14750.0,2023.0,1.0,1,1,1,0
1766791017-1620,Rolex,Datejust 36,16233,Automatic,Very Good,Professional dealer,Gold/Steel,Gold/Steel,Gold/Steel,Germany,Castrop-Rauxel,6994.0,1995.0,29.0,1,1,1,1
1766791019-1621,Rolex,Datejust 31,178240,Automatic,Very Good,Professional dealer,Steel,Steel,Steel,United States of America,New York,6228.0,,,1,1,1,1
1766791021-1622,Rolex,Land-Dweller,"127234
                     
                        (Arabic Dial)",Automatic,New,Professional dealer,Steel,Steel,Steel,Poland,Warszawa,18985.0,,,1,1,1,1
1766791023-1623,Rolex,Datejust 36,1601,Automatic,Very Good,Partner Certified Included,Yellow gold,Steel,Yellow Gold,Italy,Milano,7613.0,1973.0,51.0,1,1,1,0
1766791026-1624,Rolex,Sky-Dweller,"326933
                     
                        (Two-tone)",Automatic,Very Good,Private Seller,Gold/Steel,Gold/Steel,Gold/Steel,Spain,Unknown,18205.0,2021.0,3.0,1,1,1,0
1766791028-1625,Rolex,Datejust 31,"178240
                     
                        (Jubilee)",Automatic,Unknown,Professional dealer,Steel,Steel,Steel,United States of America,New York,7799.0,2015.0,9.0,1,1,1,1
1766791030-1626,Rolex,Datejust 31,68278,Automatic,Unknown,Professional dealer,Yellow gold,Yellow gold,Yellow Gold,United States of America,New York,15469.0,1986.0,38.0,1,1,1,1
1766791032-1627,Rolex,Datejust 31,"68278
                     
                        (Datejust Diamonds)",Automatic,Unknown,Professional dealer,Yellow gold,Yellow gold,Yellow Gold,United States of America,New York,15679.0,2010.0,14.0,1,1,1,1
1766791034-1628,Rolex,Datejust 31,"68278
                     
                        (Datejust Diamonds)",Automatic,Unknown,Professional dealer,Yellow gold,Yellow gold,Yellow Gold,United States of America,New York,16615.0,2010.0,14.0,1,1,1,1
1766791036-1629,Rolex,GMT-Master II,"116710BLNR
                     
                        (Batman)",Automatic,Unknown,Professional dealer,Steel,Steel,Steel,United States of America,New York,13797.0,2015.0,9.0,1,1,1,1
1766791038-1630,Rolex,Daytona,"116523
                     
                        (Daytona (1988-2015))",Automatic,Unknown,Professional dealer,Steel,Yellow gold,Steel,United States of America,New York,16906.0,2014.0,10.0,1,1,1,1
1766791040-1631,Rolex,Submariner Date,116610LN,Unknown,Very Good,Professional dealer,Steel,Steel,Steel,United Kingdom,Epping,11729.0,2014.0,10.0,1,1,1,1
1766791043-1632,Rolex,Datejust 41,126334,Automatic,New,Private Seller,Steel,Steel,Steel,Czech Republic,Unknown,12370.0,,,1,1,1,0
1766791045-1633,Rolex,Datejust 36,116234,Automatic,Very Good,Professional dealer,Steel,Steel,Steel,United States of America,Texas,11787.0,2010.0,14.0,1,1,1,1
1766791047-1634,Rolex,Lady-Datejust,"279173
                     
                        (Datejust Diamonds)",Automatic,Very Good,Professional dealer,Steel,Unknown,Steel,United States of America,Texas,12223.0,2010.0,14.0,1,1,1,1
1766791049-1635,Rolex,Datejust 36,116233,Automatic,Very Good,Professional dealer,Steel,Unknown,Steel,United States of America,Texas,10011.0,2000.0,24.0,1,1,1,1
1766791051-1636,Rolex,Sky-Dweller,326934,Automatic,Very Good,Professional dealer,Steel,Steel,Steel,United States of America,Texas,14007.0,,,1,1,1,1
1766791053-1637,Rolex,Oyster Perpetual,134300,Automatic,New,Professional dealer,Steel,Unknown,Steel,United Kingdom,London,9266.0,,,1,1,1,1
1766791055-1638,Rolex,Cellini Date,"50515
                     
                        (Everose)",Automatic,Very Good,Professional dealer,Rose gold,Leather,Rose Gold,Hong Kong,hongkong,9863.0,,,1,1,1,1
1766791058-1639,Rolex,Datejust 36,16013,Automatic,Good,Professional dealer,Steel,Yellow gold,Steel,United States of America,California,6782.0,,,1,1,1,1
1766791060-1640,Rolex,GMT-Master II,"126710GRNR
                     
                        (Bruce Wayne)",Automatic,Good,Professional dealer,Steel,Steel,Steel,United States of America,California,19457.0,,,1,1,1,1
1766791062-1641,Rolex,Datejust 41,"126334
                     
                        (Wimbledon)",Automatic,Good,Professional dealer,Steel,Steel,Steel,United States of America,California,15582.0,,,1,1,1,1
1766791064-1642,Rolex,Datejust 31,278383RBR,Automatic,Good,Professional dealer,Steel,Yellow gold,Steel,United States of America,California,23494.0,,,1,1,1,1
1766791066-1643,Rolex,Datejust 31,278273,Automatic,Good,Professional dealer,Steel,Yellow gold,Steel,United States of America,California,18165.0,,,1,1,1,1
1766791068-1644,Rolex,Submariner Date,126610LV,Automatic,Good,Professional dealer,Steel,Steel,Steel,United States of America,California,13805.0,,,1,1,1,1
1766791070-1645,Rolex,Datejust 41,"126333
                     
                        (Wimbledon)",Automatic,Good,Professional dealer,Steel,Yellow gold,Steel,United States of America,California,14209.0,2019.0,5.0,1,1,1,1
1766791072-1646,Rolex,Oyster Perpetual 41,124300,Automatic,Very Good,Professional dealer,Steel,Steel,Steel,United States of America,California,8154.0,,,1,1,1,1
1766791075-1647,Rolex,GMT-Master II,"126710GRNR
                     
                        (Bruce Wayne)",Automatic,Very Good,Professional dealer,Steel,Steel,Steel,United States of America,California,16793.0,,,1,1,1,1
1766791077-1648,Rolex,Datejust 36,126234,Automatic,Good,Professional dealer,Steel,Steel,Steel,United States of America,California,13805.0,,,1,1,1,1
1766791079-1649,Rolex,Sky-Dweller,336934,Automatic,Very Good,Professional dealer,Steel,Steel,Steel,United States of America,California,21879.0,,,1,1,1,1
1766791081-1650,Rolex,Datejust 31,278273,Automatic,Good,Professional dealer,Steel,Yellow gold,Steel,United States of America,California,14613.0,,,1,1,1,1
1766791083-1651,Rolex,Yacht-Master 40,126622,Automatic,Very Good,Professional dealer,Steel,Steel,Steel,United States of America,California,12998.0,2024.0,0.0,1,1,1,1
1766791085-1652,Rolex,Datejust 36,16220,Automatic,Good,Professional dealer,Steel,Steel,Steel,United States of America,California,6297.0,,,1,1,1,1
1766791089-1654,Rolex,Cellini Time,"50705RBR
                     
                        (Everose)",Automatic,Very Good,Professional dealer,Rose gold,Leather,Rose Gold,Hong Kong,hongkong,10902.0,,,1,1,1,1
1766791092-1655,Rolex,GMT-Master II,"126710BLRO
                     
                        (Pepsi)",Automatic,Very Good,Professional dealer,Steel,Steel,Steel,Germany,Koblenz,17595.0,2019.0,5.0,1,1,1,1
1766791094-1656,Rolex,1908,"52508
                     
                        (Arabic Dial)",Automatic,Very Good,Professional dealer,Yellow gold,Leather,Yellow Gold,Hong Kong,Tsim Sha Tsui,20038.0,,,1,1,1,1
1766791096-1657,Rolex,Oyster Perpetual 36,126000,Automatic,New,Professional dealer,Steel,Steel,Steel,Germany,München,9040.0,,,1,1,1,1
1766791098-1658,Rolex,Oyster Perpetual Lady Date,6917,Automatic,Good,Partner Certified Included,Unknown,Unknown,Other,Japan,osaka,2201.0,,,1,1,1,0
1766791100-1659,Rolex,Lady-Datejust,79174,Automatic,Good,Partner Certified Included,Unknown,Unknown,Other,Japan,osaka,3903.0,,,1,1,1,0
1766791102-1660,Rolex,,,Manual,Good,Partner Certified Included,Unknown,Leather,Other,Japan,osaka,1343.0,,,1,1,1,0
1766791104-1661,Rolex,Sea-Dweller,"126600
                     
                        (Sea-Dweller (from 2017))",Automatic,New,Private Seller,Unknown,Steel,Other,Greece,Unknown,10848.0,2020.0,4.0,1,1,1,0
1766791107-1662,Rolex,Sea-Dweller,"126600
                     
                        (Sea-Dweller (from 2017))",Automatic,Very Good,Partner Certified Included,Steel,Steel,Steel,Germany,Chemnitz,9564.0,,,1,1,1,0
1766791109-1663,Rolex,Datejust 31,178240,Automatic,Very Good,Professional dealer,Steel,Steel,Steel,United States of America,New York,6231.0,2018.0,6.0,1,1,1,1
1766791111-1664,Rolex,GMT-Master II,,Automatic,Unknown,Professional dealer,White gold,White gold,White Gold,United States of America,New York,31287.0,,,1,1,1,1
1766791113-1665,Rolex,Datejust 36,116233,Automatic,Very Good,Partner Certified Included,Gold/Steel,Gold/Steel,Gold/Steel,Belgium,Zaventem,9754.0,2007.0,17.0,1,1,1,0
1766791115-1666,Rolex,Lady-Datejust,69173G,Automatic,Good,Professional dealer,Gold/Steel,Gold/Steel,Gold/Steel,Japan,Nagoya City Aichi,3629.0,,,1,1,1,1
1766791117-1667,Rolex,Daytona,16523NA,Automatic,Very Good,Professional dealer,Gold/Steel,Gold/Steel,Gold/Steel,Japan,Nagoya City Aichi,13416.0,,,1,1,1,1
1766791119-1668,Rolex,Daytona,126529LN,Automatic,Very Good,Professional dealer,White gold,Unknown,White Gold,United Kingdom,Newcastle Upon Tyne,179824.0,2024.0,0.0,1,1,1,1
1766791121-1669,Rolex,Daytona,126519LN,Automatic,Very Good,Professional dealer,White gold,Rubber,White Gold,United Kingdom,Newcastle Upon Tyne,43552.0,2024.0,0.0,1,1,1,1
1766791124-1670,Rolex,Yacht-Master 40,126655,Automatic,Very Good,Professional dealer,Rose gold,Rubber,Rose Gold,United Kingdom,Newcastle Upon Tyne,23929.0,2022.0,2.0,1,1,1,1
1766791126-1671,Rolex,GMT-Master II,"126710BLRO
                     
                        (Pepsi)",Automatic,Very Good,Professional dealer,Steel,Unknown,Steel,United Kingdom,Newcastle Upon Tyne,15208.0,,,1,1,1,1
1766791128-1672,Rolex,Datejust 41,126334,Automatic,Very Good,Professional dealer,Steel,Unknown,Steel,United Kingdom,Newcastle Upon Tyne,12482.0,2023.0,1.0,1,1,1,1
1766791130-1673,Rolex,Lady-Datejust,179173,Automatic,Very Good,Professional dealer,Yellow gold and steel,Unknown,Gold/Steel,United Kingdom,Newcastle Upon Tyne,7359.0,2009.0,15.0,1,1,1,1
1766791132-1674,Rolex,Day-Date 36,"18238
                     
                        (Day-Date 36mm (up to 2000))",Automatic,Very Good,Partner Certified Included,Yellow gold,Yellow gold,Yellow Gold,Belgium,Zaventem,18985.0,1991.0,33.0,1,1,1,0
1766791134-1675,Rolex,Submariner Date,116610LV,Automatic,Very Good,Professional dealer,Steel,Steel,Steel,Germany,Koblenz,16739.0,2016.0,8.0,1,1,1,1
1766791136-1676,Rolex,Submariner Date,126613LN,Automatic,Very Good,Professional dealer,Gold/Steel,Gold/Steel,Gold/Steel,Denmark,Aarhus c,13418.0,2022.0,2.0,1,1,1,1
1766791138-1677,Rolex,Datejust 41,126334,Automatic,Very Good,Private Seller,Steel,Steel,Steel,Hungary,Unknown,13798.0,2021.0,3.0,1,1,1,0
1766791141-1678,Rolex,Sea-Dweller,126603,Automatic,New,Professional dealer,Gold/Steel,Gold/Steel,Gold/Steel,Belgium,Antwerpen,14988.0,2024.0,0.0,1,1,1,1
1766791143-1679,Rolex,Sea-Dweller,126600,Automatic,Very Good,Professional dealer,Steel,Steel,Steel,Denmark,Aarhus c,10373.0,2018.0,6.0,1,1,1,1
1766791145-1680,Rolex,Submariner Date,116610LV,Automatic,Very Good,Professional dealer,Steel,Steel,Steel,Denmark,Aarhus c,16796.0,2019.0,5.0,1,1,1,1
1766791149-1681,Rolex,Explorer II,"16570
                     
                        (Explorer II 16570 Black)",Automatic,Good,Professional dealer,Steel,Steel,Steel,Denmark,Aarhus c,6501.0,1999.0,25.0,1,1,1,1
1766791152-1682,Rolex,Submariner Date,"116610LN
                     
                        (Submariner Ceramic Bezel Dark)",Automatic,Very Good,Professional dealer,Steel,Steel,Steel,Belgium,Antwerpen,9088.0,2011.0,13.0,1,1,1,1
1766791154-1683,Rolex,Submariner Date,116610LV,Automatic,Very Good,Professional dealer,Steel,Steel,Steel,Belgium,Antwerpen,15939.0,2013.0,11.0,1,1,1,1
1766791156-1684,Rolex,Submariner (No Date),,Unknown,Very Good,Professional dealer,Unknown,Unknown,Other,United States of America,Florida,13644.0,1968.0,56.0,1,1,1,1
1766791158-1685,Rolex,Daytona,116503,Automatic,Good,Professional dealer,Gold/Steel,Gold/Steel,Gold/Steel,France,paris,17605.0,2020.0,4.0,1,1,1,1
1766791160-1686,Rolex,GMT-Master II,126713grnr,Automatic,New,Private Seller,Unknown,Gold/Steel,Other,France,Unknown,20460.0,2004.0,20.0,1,1,1,0
1766791162-1687,Rolex,Datejust 41,126333,Automatic,New,Professional dealer,Gold/Steel,Gold/Steel,Gold/Steel,France,paris,12276.0,,,1,1,1,1
1766791164-1688,Rolex,Datejust 36,126283RBR,Automatic,Good,Professional dealer,Gold/Steel,Gold/Steel,Gold/Steel,France,paris,17605.0,2019.0,5.0,1,1,1,1
1766791167-1689,Rolex,Lady-Datejust,69178G,Automatic,Unknown,Professional dealer,Yellow gold,Yellow gold,Yellow Gold,Japan,Tokyo,7599.0,,,1,1,1,1
1766791169-1690,Rolex,Oyster Perpetual Date,15200,Automatic,Very Good,Professional dealer,Steel,Steel,Steel,United States of America,New York,3899.0,,,1,1,1,1
1766791171-1691,Rolex,Datejust 41,126334,Automatic,New,Professional dealer,Steel,Steel,Steel,Serbia,Beograd,13798.0,,,1,1,1,1
1766791173-1692,Rolex,Datejust 36,"126233
                     
                        (Two-tone)",Automatic,New,Professional dealer,Yellow gold and steel,Gold/Steel,Gold/Steel,Japan,Nagoya Shi Naka Ku,13271.0,,,1,1,1,1
1766791175-1693,Rolex,Oyster Perpetual Lady Date,79160,Automatic,Very Good,Partner Certified Included,Steel,Steel,Steel,Japan,Nagoya Shi Naka Ku,3128.0,,,1,1,1,0
1766791177-1694,Rolex,Explorer,124270,Automatic,New,Professional dealer,Steel,Unknown,Steel,Japan,Tokyo,7261.0,,,1,1,1,1
1766791179-1695,Rolex,Day-Date 36,128345RBR,Automatic,Good,Professional dealer,Unknown,Unknown,Other,Japan,Tokyo,47017.0,2023.0,1.0,1,1,1,1
1766791181-1696,Rolex,Explorer,224270,Automatic,New,Professional dealer,Steel,Unknown,Steel,Japan,Tokyo,7659.0,,,1,1,1,1
1766791184-1697,Rolex,Oyster Perpetual Lady Date,79190,Automatic,Very Good,Professional dealer,Unknown,Unknown,Other,Japan,gifushi,3529.0,,,1,1,1,1
1766791186-1698,Rolex,Explorer II,16570,Automatic,Very Good,Professional dealer,Steel,Steel,Steel,Japan,gifushi,6202.0,,,1,1,1,1
1766791188-1699,Rolex,Datejust 41,"126300
                     
                        (Datejust smooth bezel)",Automatic,Very Good,Professional dealer,Steel,Steel,Steel,Japan,gifushi,7755.0,,,1,1,1,1
1766791190-1700,Rolex,Submariner Date,16613,Automatic,Very Good,Professional dealer,Gold/Steel,Unknown,Gold/Steel,Japan,gifushi,9307.0,,,1,1,1,1
1766791192-1701,Rolex,Submariner Date,16610,Automatic,Very Good,Professional dealer,Steel,Steel,Steel,Japan,gifushi,8272.0,,,1,1,1,1
1766791194-1702,Rolex,Daytona,"116520
                     
                        (Daytona (1988-2015))",Automatic,New,Private Seller,Steel,Steel,Steel,Spain,Unknown,33306.0,2002.0,22.0,1,1,1,0
1766791196-1703,Rolex,Explorer,114270,Automatic,Very Good,Partner Certified Included,Steel,Steel,Steel,Japan,Tokyo,5487.0,,,1,1,1,0
1766791198-1704,Rolex,Lady-Datejust,79174,Automatic,Good,Partner Certified Included,Steel,White gold,Steel,Japan,Tokyo,4146.0,,,1,1,1,0
1766791201-1705,Rolex,Lady-Datejust,179171,Automatic,Good,Partner Certified Included,Steel,Rose gold,Steel,Japan,Tokyo,7144.0,,,1,1,1,0
1766791203-1706,Rolex,Daytona,"16520
                     
                        (Daytona (1988-2015))",Automatic,Good,Partner Certified Included,Steel,Steel,Steel,Japan,Tokyo,23088.0,,,1,1,1,0
1766791205-1707,Rolex,Submariner Date,116613LN,Automatic,Fair,Partner Certified Included,Steel,Yellow gold,Steel,Japan,Tokyo,11285.0,,,1,1,1,0
1766791207-1708,Rolex,Lady-Datejust,79173G,Automatic,Very Good,Partner Certified Included,Steel,Yellow gold,Steel,Japan,Tokyo,5151.0,,,1,1,1,0
1766791209-1709,Rolex,Datejust 36,16233G,Automatic,Very Good,Partner Certified Included,Steel,Yellow gold,Steel,Japan,Tokyo,7144.0,,,1,1,1,0
1766791211-1710,Rolex,Submariner Date,"16613
                     
                        (Submariner (1990-2010))",Automatic,Good,Partner Certified Included,Steel,Yellow gold,Steel,Japan,Tokyo,9370.0,,,1,1,1,0
1766791213-1711,Rolex,Datejust 36,126233,Automatic,Very Good,Partner Certified Included,Steel,Yellow gold,Steel,Japan,Tokyo,13097.0,,,1,1,1,0
1766791215-1712,Rolex,Explorer,124273,Automatic,Very Good,Partner Certified Included,Steel,Yellow gold,Steel,Japan,Tokyo,9473.0,,,1,1,1,0
1766791218-1713,Rolex,Datejust 36,126234G,Automatic,Good,Partner Certified Included,Steel,White gold,Steel,Japan,Tokyo,12165.0,,,1,1,1,0
1766791220-1714,Rolex,Day-Date 36,"18238
                     
                        (Day-Date 36mm (up to 2000))",Automatic,Fair,Partner Certified Included,Yellow gold,Yellow gold,Yellow Gold,Japan,Tokyo,18946.0,,,1,1,1,0
1766791222-1715,Rolex,Explorer,124270,Automatic,Very Good,Partner Certified Included,Steel,Steel,Steel,Japan,Tokyo,7144.0,,,1,1,1,0
1766791224-1716,Rolex,Lady-Datejust,179174NG,Automatic,Very Good,Partner Certified Included,Steel,White gold,Steel,Japan,Tokyo,7403.0,,,1,1,1,0
1766791226-1717,Rolex,GMT-Master,16700,Unknown,Fair,Partner Certified Included,Steel,Steel,Steel,Japan,Tokyo,9111.0,,,1,1,1,0
1766791228-1718,Rolex,Submariner Date,126610LV,Automatic,Fair,Partner Certified Included,Steel,Steel,Steel,Japan,Tokyo,13040.0,,,1,1,1,0
1766791230-1719,Rolex,Submariner (No Date),114060,Automatic,Very Good,Partner Certified Included,Steel,Steel,Steel,Japan,Tokyo,9887.0,,,1,1,1,0
1766791233-1720,Rolex,Oyster Perpetual Date,115210,Automatic,Very Good,Partner Certified Included,Steel,Steel,Steel,Japan,Tokyo,5694.0,,,1,1,1,0
1766791235-1721,Rolex,,,Automatic,Fair,Partner Certified Included,Steel,Yellow gold,Steel,Japan,Tokyo,3417.0,,,1,1,1,0
1766791237-1722,Rolex,Oyster Perpetual 26,176200,Automatic,Very Good,Partner Certified Included,Steel,Steel,Steel,Japan,Tokyo,3257.0,,,1,1,1,0
1766791239-1723,Rolex,Datejust 36,116234,Automatic,Fair,Partner Certified Included,Steel,White gold,Steel,Japan,Tokyo,7391.0,,,1,1,1,0
1766791241-1724,Rolex,Oyster Perpetual Lady Date,69240,Automatic,Fair,Partner Certified Included,Steel,Steel,Steel,Japan,Tokyo,2688.0,,,1,1,1,0
1766791244-1725,Rolex,Datejust 36,"116200
                     
                        (Datejust smooth bezel)",Automatic,Very Good,Partner Certified Included,Steel,Steel,Steel,Japan,Tokyo,5438.0,,,1,1,1,0
1766791246-1726,Rolex,Yacht-Master 40,126622,Automatic,Fair,Partner Certified Included,Steel,Platinum,Steel,Japan,Tokyo,11673.0,,,1,1,1,0
1766791248-1727,Rolex,Submariner Date,126613LB,Automatic,Fair,Partner Certified Included,Steel,Yellow gold,Steel,Japan,Tokyo,15488.0,,,1,1,1,0
1766791250-1728,Rolex,GMT-Master II,126710BLNR,Unknown,Very Good,Partner Certified Included,Steel,Steel,Steel,Japan,Tokyo,17880.0,,,1,1,1,0
1766791252-1729,Rolex,Datejust 36,16233G,Automatic,Fair,Partner Certified Included,Steel,Yellow gold,Steel,Japan,Tokyo,5113.0,,,1,1,1,0
1766791254-1730,Rolex,Explorer,114270,Automatic,Fair,Partner Certified Included,Steel,Steel,Steel,Japan,Tokyo,5284.0,,,1,1,1,0
1766791256-1731,Rolex,Datejust 31,78240,Automatic,Fair,Partner Certified Included,Steel,Steel,Steel,Japan,Tokyo,3986.0,,,1,1,1,0
1766791258-1732,Rolex,Day-Date 36,"18038A
                     
                        (Day-Date 36mm (up to 2000))",Automatic,Fair,Partner Certified Included,Yellow gold,Yellow gold,Yellow Gold,Japan,Tokyo,16684.0,,,1,1,1,0
1766791261-1733,Rolex,Submariner Date,116613LN,Automatic,Fair,Partner Certified Included,Steel,Yellow gold,Steel,Japan,Tokyo,12197.0,,,1,1,1,0
1766791263-1734,Rolex,Datejust 36,16233G,Automatic,Fair,Partner Certified Included,Steel,Yellow gold,Steel,Japan,Tokyo,6195.0,,,1,1,1,0
1766791265-1735,Rolex,Lady-Datejust,69173,Automatic,Fair,Partner Certified Included,Steel,Yellow gold,Steel,Japan,Tokyo,4504.0,,,1,1,1,0
1766791267-1736,Rolex,GMT-Master II,"126710BLRO
                     
                        (Pepsi)",Unknown,Fair,Partner Certified Included,Steel,Steel,Steel,Japan,Tokyo,19930.0,,,1,1,1,0
1766791269-1737,Rolex,Lady-Datejust,69178,Automatic,Fair,Partner Certified Included,Yellow gold,Yellow gold,Yellow Gold,Japan,Tokyo,8593.0,,,1,1,1,0
1766791271-1738,Rolex,Lady-Datejust,69178G,Automatic,Fair,Partner Certified Included,Yellow gold,Yellow gold,Yellow Gold,Japan,Tokyo,9473.0,,,1,1,1,0
1766791274-1739,Rolex,Daytona,126500LN,Automatic,Very Good,Partner Certified Included,Steel,Steel,Steel,Japan,Tokyo,25112.0,,,1,1,1,0
1766791276-1740,Rolex,Datejust 36,16233G,Automatic,Good,Partner Certified Included,Steel,Yellow gold,Steel,Japan,Tokyo,5280.0,,,1,1,1,0
1766791278-1741,Rolex,Oyster Perpetual 31,177200,Automatic,Fair,Partner Certified Included,Steel,Steel,Steel,Japan,Tokyo,4442.0,,,1,1,1,0
1766791280-1742,Rolex,Lady-Datejust,69178G,Automatic,Fair,Partner Certified Included,Yellow gold,Yellow gold,Yellow Gold,Japan,Tokyo,8541.0,,,1,1,1,0
1766791282-1743,Rolex,Day-Date 36,"18238A
                     
                        (Day-Date 36mm (up to 2000))",Automatic,Good,Partner Certified Included,Yellow gold,Yellow gold,Yellow Gold,Japan,Tokyo,14520.0,,,1,1,1,0
1766791284-1744,Rolex,Lady-Datejust,279174,Automatic,Very Good,Partner Certified Included,Steel,White gold,Steel,Japan,Tokyo,7144.0,,,1,1,1,0
1766791286-1745,Rolex,Submariner (No Date),124060,Automatic,New,Professional dealer,Steel,Steel,Steel,United Kingdom,Salisbury,11064.0,,,1,1,1,1
1766791288-1746,Rolex,Oyster Perpetual 36,126000,Automatic,New,Professional dealer,Steel,Steel,Steel,United Kingdom,Salisbury,9563.0,,,1,1,1,1
1766791291-1747,Rolex,Submariner Date,16610,Automatic,Very Good,Professional dealer,Steel,Steel,Steel,United Kingdom,Salisbury,8451.0,1996.0,28.0,1,1,1,1
1766791293-1748,Rolex,Oyster,"6427
                     
                        (Oyster Royal)",Unknown,Fair,Professional dealer,Steel,Steel,Steel,Japan,Tokyo,2578.0,1962.0,62.0,1,1,1,1
1766791295-1749,Rolex,Air King,5500,Unknown,Fair,Professional dealer,Steel,Steel,Steel,Japan,Tokyo,3096.0,1972.0,52.0,1,1,1,1
1766791297-1750,Rolex,Oysterdate Precision,6694,Unknown,Fair,Professional dealer,Steel,Steel,Steel,Japan,Tokyo,2371.0,1968.0,56.0,1,1,1,1
1766791299-1751,Rolex,GMT-Master II,116713LN,Automatic,Very Good,Professional dealer,Gold/Steel,Gold/Steel,Gold/Steel,Belgium,Temse,11286.0,2012.0,12.0,1,1,1,1
1766791302-1752,Rolex,Datejust 36,"116234
                     
                        (Datejust Diamonds)",Automatic,Very Good,Partner Certified Included,Steel,Steel,Steel,Germany,Potsdam,6747.0,1991.0,33.0,1,1,1,0
1766791304-1753,Rolex,Oyster Perpetual 31,277200,Automatic,Good,Professional dealer,Steel,Steel,Steel,Japan,Yokohama,8427.0,,,1,1,1,1
1766791306-1754,Rolex,Lady-Datejust,69173,Automatic,Good,Professional dealer,Gold/Steel,Gold/Steel,Gold/Steel,Japan,Yokohama,4316.0,1993.0,31.0,1,1,1,1
1766791309-1755,Rolex,Lady-Datejust,"69178G
                     
                        (Datejust No Numerals)",Automatic,Good,Professional dealer,Yellow gold,Yellow gold,Yellow Gold,Japan,Yokohama,8826.0,1987.0,37.0,1,1,1,1
1766791311-1756,Rolex,Daytona,116523,Automatic,Good,Professional dealer,Gold/Steel,Gold/Steel,Gold/Steel,Japan,Yokohama,15944.0,2008.0,16.0,1,1,1,1
1766791313-1757,Rolex,Datejust 31,278240/OYS,Automatic,Good,Professional dealer,Steel,Steel,Steel,Japan,Yokohama,6150.0,,,1,1,1,1
1766791315-1758,Rolex,Lady-Datejust,79173G,Automatic,Good,Professional dealer,Gold/Steel,Gold/Steel,Gold/Steel,Japan,Yokohama,5341.0,2000.0,24.0,1,1,1,1
1766791317-1759,Rolex,Datejust 41,126331/OYS,Automatic,Good,Professional dealer,Gold/Steel,Gold/Steel,Gold/Steel,Japan,Yokohama,12983.0,,,1,1,1,1
1766791319-1760,Rolex,Lady-Datejust,179174G,Automatic,Good,Professional dealer,Gold/Steel,Steel,Gold/Steel,Japan,Yokohama,6378.0,,,1,1,1,1
1766791321-1761,Rolex,Lady-Datejust,79174,Automatic,Unknown,Professional dealer,Gold/Steel,Steel,Gold/Steel,Japan,Yokohama,3747.0,2000.0,24.0,1,1,1,1
1766791323-1762,Rolex,Datejust 36,"116234G
                     
                        (Datejust Gold/Steel)",Automatic,Good,Professional dealer,Gold/Steel,Steel,Gold/Steel,Japan,Yokohama,8541.0,,,1,1,1,1
1766791326-1763,Rolex,Datejust 36,126200/J,Automatic,Good,Professional dealer,Steel,Steel,Steel,Japan,Yokohama,7858.0,,,1,1,1,1
1766791328-1764,Rolex,Day-Date 36,"118235A
                     
                        (Everose)",Automatic,Good,Professional dealer,Rose gold,Rose gold,Rose Gold,Japan,Yokohama,35760.0,2008.0,16.0,1,1,1,1
1766791330-1765,Rolex,Lady-Datejust,69173,Automatic,Good,Professional dealer,Gold/Steel,Gold/Steel,Gold/Steel,Japan,Yokohama,3861.0,1993.0,31.0,1,1,1,1
1766791332-1766,Rolex,Datejust 36,"16234
                     
                        (Datejust Gold/Steel)",Automatic,Very Good,Professional dealer,Gold/Steel,Steel,Gold/Steel,Japan,Yokohama,6434.0,1990.0,34.0,1,1,1,1
1766791334-1767,Rolex,Oyster Perpetual 36,116000,Automatic,Very Good,Partner Certified Included,Steel,Unknown,Steel,United States of America,Florida,6015.0,2019.0,5.0,1,1,1,0
1766791336-1768,Rolex,Oyster Perpetual 34,1008,Automatic,Very Good,Partner Certified Included,Yellow gold and steel,Unknown,Gold/Steel,United States of America,Florida,2927.0,1966.0,58.0,1,1,1,0
1766791338-1769,Rolex,Lady-Datejust,69168,Automatic,Very Good,Partner Certified Included,Yellow gold,Unknown,Yellow Gold,United States of America,Florida,6451.0,1983.0,41.0,1,1,1,0
1766791340-1770,Rolex,Oyster Perpetual Date,"1501
                     
                        (Oyster Perpetual Vintage)",Automatic,Very Good,Professional dealer,Steel,Unknown,Steel,United States of America,Florida,3189.0,1963.0,61.0,1,1,1,1
1766791343-1771,Rolex,Oyster Perpetual 34,"1003
                     
                        (Oyster Perpetual Vintage)",Automatic,Very Good,Partner Certified Included,Steel,Unknown,Steel,United States of America,Florida,3088.0,1972.0,52.0,1,1,1,0
1766791345-1772,Rolex,Explorer II,"216570
                     
                        (Explorer II 216570 Black)",Unknown,Very Good,Professional dealer,Steel,Steel,Steel,United States of America,California,7827.0,2016.0,8.0,1,1,1,1
1766791347-1773,Rolex,Explorer II,"216570
                     
                        (Explorer II 216570 White)",Unknown,Very Good,Professional dealer,Steel,Steel,Steel,United States of America,California,8392.0,2013.0,11.0,1,1,1,1
1766791350-1774,Rolex,Lady-Datejust,279171,Unknown,Very Good,Professional dealer,Steel,Gold/Steel,Steel,United States of America,California,12913.0,2021.0,3.0,1,1,1,1
1766791352-1775,Rolex,GMT-Master II,116710,Unknown,Very Good,Professional dealer,Steel,Steel,Steel,United States of America,California,10249.0,2012.0,12.0,1,1,1,1
1766791354-1776,Rolex,Oyster Perpetual,"76193
                     
                        (Two-tone)",Unknown,Very Good,Professional dealer,Steel,Gold/Steel,Steel,United States of America,California,4840.0,2001.0,23.0,1,1,1,1
1766791356-1777,Rolex,Datejust 36,16233,Unknown,Very Good,Professional dealer,Steel,Gold/Steel,Steel,United States of America,California,8877.0,2004.0,20.0,1,1,1,1
1766791358-1778,Rolex,Datejust 36,126283RBR,Unknown,Very Good,Professional dealer,Steel,Gold/Steel,Steel,United States of America,California,20987.0,2019.0,5.0,1,1,1,1
1766791361-1779,Rolex,Sky-Dweller,"326934
                     
                        (Jubilee)",Automatic,Very Good,Partner Certified Included,Gold/Steel,Steel,Gold/Steel,Netherlands,Amsterdam,20222.0,2023.0,1.0,1,1,1,0
1766791363-1780,Rolex,Day-Date 40,228239,Unknown,Unknown,Professional dealer,White gold,Unknown,White Gold,United States of America,California,38748.0,2022.0,2.0,1,1,1,1
1766791365-1781,Rolex,GMT-Master II,"126710BLNR
                     
                        (Batgirl)",Unknown,Unknown,Professional dealer,Steel,Unknown,Steel,United States of America,California,14048.0,2019.0,5.0,1,1,1,1
1766791367-1782,Rolex,Daytona,126509,Automatic,New,Professional dealer,White gold,White gold,White Gold,Japan,Osaka city,52439.0,,,1,1,1,1
1766791369-1783,Rolex,Lady-Datejust,"279171
                     
                        (Datejust Gold/Steel)",Automatic,New,Professional dealer,Gold/Steel,Unknown,Gold/Steel,Japan,Osaka city,16146.0,,,1,1,1,1
1766791371-1784,Rolex,Daytona,126500LN,Automatic,New,Professional dealer,Steel,Steel,Steel,Japan,Osaka city,33529.0,,,1,1,1,1
1766791373-1785,Rolex,,134300,Automatic,New,Professional dealer,Steel,Steel,Steel,Japan,Osaka city,13863.0,,,1,1,1,1
1766791375-1786,Rolex,Day-Date 36,118238NCA,Automatic,Fair,Professional dealer,Yellow gold,Yellow gold,Yellow Gold,Japan,Osaka city,23709.0,,,1,1,1,1
1766791377-1787,Rolex,Cellini Prince,5441/9,Manual,Unknown,Professional dealer,White gold,Leather,White Gold,Spain,Inca,11895.0,2008.0,16.0,1,1,1,1
1766791380-1788,Rolex,Yacht-Master,"168622 K
                     
                        (Yacht-Master 35mm)",Automatic,Good,Professional dealer,Steel,Steel,Steel,Japan,Tokyo,4509.0,,,1,1,1,1
1766791382-1789,Rolex,Datejust 36,116244,Automatic,Very Good,Professional dealer,Steel,Steel,Steel,Germany,Hamburg,10373.0,,,1,1,1,1
1766791384-1790,Rolex,Datejust 36,16030,Automatic,Good,Professional dealer,Steel,Steel,Steel,Turkey,Mersin,5710.0,,,1,1,1,1
1766791386-1791,Rolex,Datejust 41,126331,Automatic,New,Professional dealer,Steel,Rose gold,Steel,United States of America,California,16510.0,2024.0,0.0,1,1,1,1
1766791388-1792,Rolex,Datejust 36,"126234
                     
                        (Datejust Diamonds)",Automatic,New,Professional dealer,Steel,Steel,Steel,United States of America,California,12393.0,2024.0,0.0,1,1,1,1
1766791390-1793,Rolex,Datejust 36,"126234
                     
                        (Datejust Diamonds)",Automatic,New,Professional dealer,Steel,Steel,Steel,United States of America,California,12433.0,2024.0,0.0,1,1,1,1
1766791392-1794,Rolex,Datejust 36,126231,Automatic,Good,Professional dealer,Steel,Rose gold,Steel,United States of America,California,13721.0,2020.0,4.0,1,1,1,1
1766791395-1795,Rolex,Datejust 36,126201,Automatic,New,Professional dealer,Steel,Rose gold,Steel,United States of America,California,14492.0,2024.0,0.0,1,1,1,1
1766791397-1796,Rolex,Datejust 36,"126234
                     
                        (Jubilee)",Automatic,New,Professional dealer,Steel,Steel,Steel,United States of America,California,10455.0,2024.0,0.0,1,1,1,1
1766791399-1797,Rolex,Datejust 41,126331,Automatic,New,Professional dealer,Steel,Rose gold,Steel,United States of America,California,16106.0,2024.0,0.0,1,1,1,1
1766791401-1798,Rolex,Datejust 36,"126234
                     
                        (Datejust Diamonds)",Automatic,New,Professional dealer,Steel,Steel,Steel,United States of America,California,13119.0,2024.0,0.0,1,1,1,1
1766791403-1799,Rolex,Datejust 41,126300,Automatic,New,Professional dealer,Steel,Steel,Steel,United States of America,California,9527.0,2024.0,0.0,1,1,1,1
1766791405-1800,Rolex,Datejust 36,126234,Automatic,New,Professional dealer,Steel,Steel,Steel,United States of America,California,11383.0,2024.0,0.0,1,1,1,1
1766791410-1801,Rolex,Datejust 41,"126300
                     
                        (Datejust smooth bezel)",Automatic,New,Professional dealer,Steel,Steel,Steel,United States of America,California,9123.0,2024.0,0.0,1,1,1,1
1766791412-1802,Rolex,Datejust 36,126233,Automatic,New,Professional dealer,Steel,Yellow gold,Steel,United States of America,California,18892.0,2024.0,0.0,1,1,1,1
1766791414-1803,Rolex,Datejust 36,126231,Automatic,New,Professional dealer,Steel,Rose gold,Steel,United States of America,California,14250.0,2024.0,0.0,1,1,1,1
1766791416-1804,Rolex,Datejust 41,126331,Automatic,New,Professional dealer,Steel,Rose gold,Steel,United States of America,California,15541.0,2024.0,0.0,1,1,1,1
1766791418-1805,Rolex,Datejust 41,"126300
                     
                        (Datejust smooth bezel)",Automatic,New,Professional dealer,Steel,Steel,Steel,United States of America,California,8800.0,2024.0,0.0,1,1,1,1
1766791420-1806,Rolex,Datejust 36,"126234
                     
                        (Jubilee)",Automatic,New,Professional dealer,Steel,Steel,Steel,United States of America,California,11868.0,2024.0,0.0,1,1,1,1
1766791422-1807,Rolex,Datejust 36,126231,Automatic,New,Professional dealer,Steel,Rose gold,Steel,United States of America,California,14492.0,2024.0,0.0,1,1,1,1
1766791425-1808,Rolex,Datejust 36,126233,Automatic,New,Professional dealer,Steel,Yellow gold,Steel,United States of America,California,16106.0,2024.0,0.0,1,1,1,1
1766791427-1809,Rolex,Datejust 41,"126333
                     
                        (Two-tone)",Automatic,New,Professional dealer,Steel,Yellow gold,Steel,United States of America,California,14815.0,2024.0,0.0,1,1,1,1
1766791429-1810,Rolex,Datejust 36,"126234
                     
                        (Datejust Diamonds)",Automatic,New,Professional dealer,Steel,Steel,Steel,United States of America,California,12877.0,2024.0,0.0,1,1,1,1
1766791431-1811,Rolex,Datejust 41,126333,Automatic,New,Professional dealer,Steel,Yellow gold,Steel,United States of America,California,14895.0,2024.0,0.0,1,1,1,1
1766791433-1812,Rolex,Datejust 41,126300,Automatic,New,Professional dealer,Steel,Steel,Steel,United States of America,California,9648.0,2024.0,0.0,1,1,1,1
1766791435-1813,Rolex,Datejust 36,126201,Automatic,New,Professional dealer,Steel,Rose gold,Steel,United States of America,California,14411.0,2024.0,0.0,1,1,1,1
1766791437-1814,Rolex,Datejust 36,"126201
                     
                        (Two-tone)",Automatic,New,Professional dealer,Steel,Rose gold,Steel,United States of America,California,14007.0,2024.0,0.0,1,1,1,1
1766791439-1815,Rolex,Datejust 41,"126331
                     
                        (Two-tone)",Automatic,Good,Professional dealer,Steel,Rose gold,Steel,United States of America,California,13442.0,2018.0,6.0,1,1,1,1
1766791442-1816,Rolex,Datejust 36,"126234
                     
                        (Datejust Diamonds)",Automatic,New,Professional dealer,Steel,Steel,Steel,United States of America,California,15622.0,2024.0,0.0,1,1,1,1
1766791444-1817,Rolex,Datejust 36,126234,Automatic,New,Professional dealer,Steel,Steel,Steel,United States of America,California,14088.0,2024.0,0.0,1,1,1,1
1766791446-1818,Rolex,Datejust 41,126300,Automatic,New,Professional dealer,Steel,Steel,Steel,United States of America,California,9648.0,2024.0,0.0,1,1,1,1
1766791448-1819,Rolex,Datejust 36,126234,Automatic,New,Professional dealer,Steel,Steel,Steel,United States of America,California,10051.0,2024.0,0.0,1,1,1,1
1766791450-1820,Rolex,Datejust 41,126331,Automatic,New,Professional dealer,Steel,Rose gold,Steel,United States of America,California,16026.0,2024.0,0.0,1,1,1,1
1766791452-1821,Rolex,Datejust 36,126231,Automatic,New,Professional dealer,Steel,Rose gold,Steel,United States of America,California,14371.0,2024.0,0.0,1,1,1,1
1766791454-1822,Rolex,Datejust 36,"126200
                     
                        (Jubilee)",Automatic,New,Professional dealer,Steel,Steel,Steel,United States of America,California,9648.0,2024.0,0.0,1,1,1,1
1766791456-1823,Rolex,Datejust 36,126231,Automatic,New,Professional dealer,Steel,Rose gold,Steel,United States of America,California,14492.0,2024.0,0.0,1,1,1,1
1766791459-1824,Rolex,Datejust 41,126331,Automatic,New,Professional dealer,Steel,Rose gold,Steel,United States of America,California,17156.0,2024.0,0.0,1,1,1,1
1766791461-1825,Rolex,Datejust 41,"126300
                     
                        (Datejust smooth bezel)",Automatic,New,Professional dealer,Steel,Steel,Steel,United States of America,California,9163.0,2024.0,0.0,1,1,1,1
1766791463-1826,Rolex,Datejust 36,126200,Automatic,Good,Professional dealer,Steel,Steel,Steel,United States of America,California,8033.0,2020.0,4.0,1,1,1,1
1766791465-1827,Rolex,Datejust 36,126231,Automatic,New,Professional dealer,Steel,Rose gold,Steel,United States of America,California,16833.0,2024.0,0.0,1,1,1,1
1766791467-1828,Rolex,Datejust 36,"126200
                     
                        (Jubilee)",Automatic,New,Professional dealer,Steel,Steel,Steel,United States of America,California,8558.0,2024.0,0.0,1,1,1,1
1766791469-1829,Rolex,Datejust 41,126331,Automatic,New,Professional dealer,Steel,Rose gold,Steel,United States of America,California,17640.0,2024.0,0.0,1,1,1,1
1766791471-1830,Rolex,Datejust 36,"126234
                     
                        (Datejust Diamonds)",Automatic,Good,Professional dealer,Steel,Steel,Steel,United States of America,California,15057.0,2023.0,1.0,1,1,1,1
1766791474-1831,Rolex,Datejust 36,126234,Automatic,New,Professional dealer,Steel,Steel,Steel,United States of America,California,16106.0,2024.0,0.0,1,1,1,1
1766791476-1832,Rolex,Datejust 36,126234,Automatic,New,Professional dealer,Steel,Steel,Steel,United States of America,California,12877.0,2024.0,0.0,1,1,1,1
1766791478-1833,Rolex,Datejust 36,126233,Automatic,New,Professional dealer,Steel,Yellow gold,Steel,United States of America,California,16429.0,2024.0,0.0,1,1,1,1
1766791480-1834,Rolex,Datejust 36,126201,Automatic,New,Professional dealer,Steel,Rose gold,Steel,United States of America,California,14088.0,2024.0,0.0,1,1,1,1
1766791482-1835,Rolex,Datejust 36,126203,Automatic,New,Professional dealer,Steel,Yellow gold,Steel,United States of America,California,14007.0,2024.0,0.0,1,1,1,1
1766791484-1836,Rolex,Milgauss,116400GV,Automatic,Good,Professional dealer,Steel,Steel,Steel,United States of America,California,8840.0,2009.0,15.0,1,1,1,1
1766791486-1837,Rolex,Datejust 36,"126234
                     
                        (Datejust Diamonds)",Automatic,New,Professional dealer,Steel,Steel,Steel,United States of America,California,13684.0,2024.0,0.0,1,1,1,1
1766791488-1838,Rolex,Datejust 36,"126200
                     
                        (Jubilee)",Automatic,New,Professional dealer,Steel,Steel,Steel,United States of America,California,10455.0,2024.0,0.0,1,1,1,1
1766791491-1839,Rolex,Datejust 41,126333,Automatic,New,Professional dealer,Steel,Yellow gold,Steel,United States of America,California,15057.0,2024.0,0.0,1,1,1,1
1766791493-1840,Rolex,Datejust 36,126203,Automatic,New,Professional dealer,Steel,Yellow gold,Steel,United States of America,California,14492.0,2024.0,0.0,1,1,1,1
1766791495-1841,Rolex,Datejust 36,126231,Automatic,New,Professional dealer,Steel,Rose gold,Steel,United States of America,California,16429.0,2024.0,0.0,1,1,1,1
1766791497-1842,Rolex,Datejust 36,126234,Automatic,New,Professional dealer,Steel,Steel,Steel,United States of America,California,13281.0,2024.0,0.0,1,1,1,1
1766791499-1843,Rolex,Datejust 36,126234,Automatic,New,Professional dealer,Steel,Steel,Steel,United States of America,California,12837.0,2024.0,0.0,1,1,1,1
1766791501-1844,Rolex,Datejust 36,126201,Automatic,New,Professional dealer,Steel,Rose gold,Steel,United States of America,California,14007.0,2024.0,0.0,1,1,1,1
1766791503-1845,Rolex,Datejust 36,126231,Automatic,New,Professional dealer,Steel,Rose gold,Steel,United States of America,California,18125.0,2024.0,0.0,1,1,1,1
1766791505-1846,Rolex,Datejust 36,"126231
                     
                        (Two-tone)",Automatic,New,Professional dealer,Steel,Rose gold,Steel,United States of America,California,13523.0,2023.0,1.0,1,1,1,1
1766791508-1847,Rolex,Datejust 41,"126333
                     
                        (Two-tone)",Automatic,New,Professional dealer,Steel,Yellow gold,Steel,United States of America,California,14492.0,2024.0,0.0,1,1,1,1
1766791510-1848,Rolex,Datejust 36,"126234
                     
                        (Datejust Diamonds)",Automatic,New,Professional dealer,Steel,Steel,Steel,United States of America,California,12231.0,2024.0,0.0,1,1,1,1
1766791512-1849,Rolex,Datejust 36,126231,Automatic,New,Professional dealer,Steel,Rose gold,Steel,United States of America,California,14653.0,2024.0,0.0,1,1,1,1
1766791514-1850,Rolex,Datejust 36,126234,Automatic,New,Professional dealer,Steel,Steel,Steel,United States of America,California,12635.0,2024.0,0.0,1,1,1,1
1766791516-1851,Rolex,Datejust 36,126200,Automatic,New,Professional dealer,Steel,Steel,Steel,United States of America,California,10051.0,2024.0,0.0,1,1,1,1
1766791518-1852,Rolex,Datejust 36,"126231
                     
                        (Two-tone)",Automatic,New,Professional dealer,Steel,Rose gold,Steel,United States of America,California,14088.0,2024.0,0.0,1,1,1,1
1766791520-1853,Rolex,Datejust 36,126200,Automatic,Good,Professional dealer,Steel,Steel,Steel,United States of America,California,11262.0,2023.0,1.0,1,1,1,1
1766791523-1854,Rolex,Datejust 41,126300,Automatic,New,Professional dealer,Steel,Steel,Steel,United States of America,California,9850.0,2024.0,0.0,1,1,1,1
1766791525-1855,Rolex,Datejust 41,"126300
                     
                        (Datejust smooth bezel)",Automatic,Good,Professional dealer,Steel,Steel,Steel,United States of America,California,8275.0,2023.0,1.0,1,1,1,1
1766791527-1856,Rolex,Datejust 36,"126231
                     
                        (Two-tone)",Automatic,New,Professional dealer,Steel,Rose gold,Steel,United States of America,California,14088.0,2024.0,0.0,1,1,1,1
1766791529-1857,Rolex,Datejust 41,126331,Automatic,New,Professional dealer,Steel,Rose gold,Steel,United States of America,California,14492.0,2024.0,0.0,1,1,1,1
1766791531-1858,Rolex,Datejust 36,"126200
                     
                        (Jubilee)",Automatic,New,Professional dealer,Steel,Steel,Steel,United States of America,California,8437.0,2024.0,0.0,1,1,1,1
1766791533-1859,Rolex,Datejust 36,126233,Automatic,New,Professional dealer,Steel,Yellow gold,Steel,United States of America,California,16026.0,2024.0,0.0,1,1,1,1
1766791535-1860,Rolex,Datejust 36,"126234
                     
                        (Wimbledon)",Automatic,New,Professional dealer,Steel,Steel,Steel,United States of America,California,10334.0,2024.0,0.0,1,1,1,1
1766791537-1861,Rolex,Datejust 36,"126200
                     
                        (Jubilee)",Automatic,New,Professional dealer,Steel,Steel,Steel,United States of America,California,9204.0,2024.0,0.0,1,1,1,1
1766791539-1862,Rolex,Datejust 36,126231,Automatic,New,Professional dealer,Steel,Rose gold,Steel,United States of America,California,16833.0,2024.0,0.0,1,1,1,1
1766791542-1863,Rolex,Datejust 36,126234,Automatic,New,Professional dealer,Steel,Steel,Steel,United States of America,California,10294.0,2024.0,0.0,1,1,1,1
1766791544-1864,Rolex,Datejust 36,126231,Automatic,New,Professional dealer,Steel,Rose gold,Steel,United States of America,California,14492.0,2024.0,0.0,1,1,1,1
1766791546-1865,Rolex,Datejust 36,126233,Automatic,New,Professional dealer,Steel,Yellow gold,Steel,United States of America,California,13927.0,2024.0,0.0,1,1,1,1
1766791548-1866,Rolex,Datejust 36,126233,Automatic,New,Professional dealer,Steel,Yellow gold,Steel,United States of America,California,15703.0,2024.0,0.0,1,1,1,1
1766791550-1867,Rolex,Datejust 36,"126233
                     
                        (Two-tone)",Automatic,New,Professional dealer,Steel,Yellow gold,Steel,United States of America,California,13240.0,2024.0,0.0,1,1,1,1
1766791552-1868,Rolex,Datejust 36,126200,Automatic,New,Professional dealer,Steel,Steel,Steel,United States of America,California,8558.0,2024.0,0.0,1,1,1,1
1766791554-1869,Rolex,Datejust 36,126234,Automatic,New,Professional dealer,Steel,Steel,Steel,United States of America,California,10011.0,2024.0,0.0,1,1,1,1
1766791557-1870,Rolex,Datejust 36,"126233
                     
                        (Two-tone)",Automatic,New,Professional dealer,Steel,Yellow gold,Steel,United States of America,California,13281.0,2024.0,0.0,1,1,1,1
1766791559-1871,Rolex,Datejust 36,126234,Automatic,New,Professional dealer,Steel,Steel,Steel,United States of America,California,13523.0,2024.0,0.0,1,1,1,1
1766791561-1872,Rolex,Datejust 41,126333,Automatic,New,Professional dealer,Steel,Yellow gold,Steel,United States of America,California,14411.0,2024.0,0.0,1,1,1,1
1766791563-1873,Rolex,Datejust 36,126231,Automatic,New,Professional dealer,Steel,Rose gold,Steel,United States of America,California,16672.0,2024.0,0.0,1,1,1,1
1766791565-1874,Rolex,Datejust 36,126231,Automatic,New,Professional dealer,Steel,Rose gold,Steel,United States of America,California,13886.0,2024.0,0.0,1,1,1,1
1766791567-1875,Rolex,Datejust 36,126234,Automatic,New,Professional dealer,Steel,Steel,Steel,United States of America,California,13721.0,2024.0,0.0,1,1,1,1
1766791569-1876,Rolex,Datejust 41,"126300
                     
                        (Datejust smooth bezel)",Automatic,New,Professional dealer,Steel,Steel,Steel,United States of America,California,9446.0,2024.0,0.0,1,1,1,1
1766791571-1877,Rolex,Datejust 36,126231,Automatic,New,Professional dealer,Steel,Rose gold,Steel,United States of America,California,16429.0,2024.0,0.0,1,1,1,1
1766791574-1878,Rolex,Datejust 36,126231,Automatic,New,Professional dealer,Steel,Rose gold,Steel,United States of America,California,17721.0,2024.0,0.0,1,1,1,1
1766791576-1879,Rolex,Datejust 36,126234,Automatic,New,Professional dealer,Steel,Steel,Steel,United States of America,California,11464.0,2024.0,0.0,1,1,1,1
1766791578-1880,Rolex,Datejust 36,126200,Automatic,New,Professional dealer,Steel,Steel,Steel,United States of America,California,8073.0,2024.0,0.0,1,1,1,1
1766791580-1881,Rolex,Datejust 41,126333,Automatic,New,Professional dealer,Steel,Yellow gold,Steel,United States of America,California,15299.0,2024.0,0.0,1,1,1,1
1766791582-1882,Rolex,Datejust 41,126331,Automatic,Good,Professional dealer,Steel,Rose gold,Steel,United States of America,California,14088.0,2023.0,1.0,1,1,1,1
1766791584-1883,Rolex,Datejust 36,"126234
                     
                        (Jubilee)",Automatic,New,Professional dealer,Steel,Steel,Steel,United States of America,California,11787.0,2024.0,0.0,1,1,1,1
1766791586-1884,Rolex,Datejust 36,126201,Automatic,New,Professional dealer,Steel,Rose gold,Steel,United States of America,California,14492.0,2024.0,0.0,1,1,1,1
1766791589-1885,Rolex,Datejust 41,126300,Automatic,New,Professional dealer,Steel,Steel,Steel,United States of America,California,10051.0,2024.0,0.0,1,1,1,1
1766791591-1886,Rolex,Datejust 36,126233,Automatic,New,Professional dealer,Steel,Yellow gold,Steel,United States of America,California,13644.0,2024.0,0.0,1,1,1,1
1766791593-1887,Rolex,Datejust 41,"126331
                     
                        (Two-tone)",Automatic,New,Professional dealer,Steel,Rose gold,Steel,United States of America,California,15057.0,2024.0,0.0,1,1,1,1
1766791595-1888,Rolex,Oyster Perpetual 36,126000,Automatic,Very Good,Professional dealer,Steel,Steel,Steel,United States of America,New York,6581.0,2021.0,3.0,1,1,1,1
1766791597-1889,Rolex,Daytona,116508,Automatic,Very Good,Professional dealer,Yellow gold,Yellow gold,Yellow Gold,United States of America,New York,48578.0,,,1,1,1,1
1766791599-1890,Rolex,Submariner Date,"126610LN
                     
                        (Submariner Ceramic Bezel Dark)",Automatic,Very Good,Professional dealer,Steel,Steel,Steel,United States of America,New York,12757.0,,,1,1,1,1
1766791602-1891,Rolex,GMT-Master II,126711CHNR,Automatic,Very Good,Professional dealer,Steel,Gold/Steel,Steel,United States of America,New York,16462.0,2020.0,4.0,1,1,1,1
1766791604-1892,Rolex,GMT-Master,"16700
                     
                        (Pepsi)",Automatic,Very Good,Professional dealer,Steel,Steel,Steel,United States of America,New York,10204.0,,,1,1,1,1
1766791606-1893,Rolex,Datejust 41,"126300
                     
                        (Datejust smooth bezel)",Automatic,New,Professional dealer,Steel,Steel,Steel,Germany,Düsseldorf,9421.0,,,1,1,1,1
1766791608-1894,Rolex,Datejust 41,126300,Automatic,New,Professional dealer,Steel,Steel,Steel,Germany,Düsseldorf,10182.0,,,1,1,1,1
1766791611-1895,Rolex,GMT-Master II,126710GRNR,Automatic,New,Private Seller,Steel,Steel,Steel,Poland,Unknown,17605.0,,,1,1,1,0
1766791613-1896,Rolex,Lady-Datejust,69173G,Automatic,Very Good,Professional dealer,Steel,Unknown,Steel,Japan,Osaka,5928.0,,,1,1,1,1
1766791615-1897,Rolex,Lady-Datejust,79173,Automatic,Good,Professional dealer,Unknown,Unknown,Other,United Kingdom,Sutton,4355.0,2000.0,24.0,1,1,1,1
1766791617-1898,Rolex,Air King,14000M,Automatic,Good,Professional dealer,Steel,Steel,Steel,United Kingdom,Sutton,3592.0,2006.0,18.0,1,1,1,1
1766791619-1899,Rolex,Datejust 41,126334,Automatic,New,Private Seller,Steel,Steel,Steel,Netherlands,Unknown,10944.0,2020.0,4.0,1,1,1,0
1766791621-1900,Rolex,Submariner Date,16613,Automatic,New,Professional dealer,Gold/Steel,Gold/Steel,Gold/Steel,Sweden,Lund,15346.0,2007.0,17.0,1,1,1,1
1766791623-1901,Rolex,Submariner (No Date),5512,Automatic,Very Good,Professional dealer,Steel,Steel,Steel,Sweden,Lund,41614.0,,,1,1,1,1
1766791625-1902,Rolex,Datejust 31,278271,Automatic,New,Professional dealer,Gold/Steel,Gold/Steel,Gold/Steel,Germany,Düsseldorf,17510.0,2024.0,0.0,1,1,1,1
1766791628-1903,Rolex,Datejust 41,"126300
                     
                        (Datejust smooth bezel)",Automatic,New,Professional dealer,Steel,Steel,Steel,Sweden,Lund,12186.0,,,1,1,1,1
1766791630-1904,Rolex,Oyster Perpetual Date,"1501
                     
                        (Oyster Perpetual Vintage)",Automatic,Good,Professional dealer,Steel,Steel,Steel,Turkey,Mersin,4758.0,1970.0,54.0,1,1,1,1
1766791632-1905,Rolex,Day-Date 36,18048,Automatic,Very Good,Professional dealer,Yellow gold,Yellow gold,Yellow Gold,Sweden,Lund,24192.0,,,1,1,1,1
1766791634-1906,Rolex,Day-Date 36,18038,Automatic,Very Good,Professional dealer,Yellow gold,Yellow gold,Yellow Gold,Sweden,Lund,22115.0,,,1,1,1,1
1766791636-1907,Rolex,Datejust 36,16014,Automatic,Very Good,Professional dealer,Steel,Steel,Steel,Sweden,Lund,6319.0,,,1,1,1,1
1766791638-1908,Rolex,Air King,126900,Automatic,Very Good,Partner Certified Included,Steel,Steel,Steel,United Kingdom,London,7032.0,2022.0,2.0,1,1,1,0
1766791640-1909,Rolex,Explorer II,"16570
                     
                        (Explorer II 16570 White)",Automatic,Very Good,Partner Certified Included,Steel,Steel,Steel,United Kingdom,London,7577.0,2010.0,14.0,1,1,1,0
1766791643-1910,Rolex,Submariner (No Date),114060,Automatic,Very Good,Partner Certified Included,Steel,Steel,Steel,United Kingdom,London,9403.0,2019.0,5.0,1,1,1,0
1766791645-1911,Rolex,Yacht-Master 40,126622,Automatic,Very Good,Partner Certified Included,Steel,Unknown,Steel,United Kingdom,London,11120.0,2023.0,1.0,1,1,1,0
1766791647-1912,Rolex,Explorer II,216570,Automatic,Very Good,Partner Certified Included,Steel,Steel,Steel,United Kingdom,London,8067.0,2014.0,10.0,1,1,1,0
1766791649-1913,Rolex,Datejust 36,"16234
                     
                        (Datejust Diamonds)",Automatic,Very Good,Professional dealer,Steel,Steel,Steel,Sweden,Lund,7673.0,,,1,1,1,1
1766791651-1914,Rolex,Oyster Perpetual 34,124200,Automatic,New,Professional dealer,Steel,Steel,Steel,Germany,Düsseldorf,7042.0,,,1,1,1,1
1766791653-1915,Rolex,Yacht-Master,"168622
                     
                        (Yacht-Master 35mm)",Automatic,Very Good,Professional dealer,Steel,Steel,Steel,Sweden,Lund,8033.0,,,1,1,1,1
1766791655-1916,Rolex,Yacht-Master 40,116622,Automatic,Very Good,Professional dealer,Steel,Steel,Steel,Sweden,Lund,13631.0,,,1,1,1,1
1766791657-1917,Rolex,Lady-Datejust,"69178
                     
                        (Datejust No Numerals)",Automatic,Very Good,Professional dealer,Yellow gold,Yellow gold,Yellow Gold,Sweden,Lund,11194.0,,,1,1,1,1
1766791659-1918,Rolex,Lady-Datejust,179178,Automatic,Very Good,Professional dealer,Yellow gold,Yellow gold,Yellow Gold,Sweden,Lund,15346.0,,,1,1,1,1
1766791662-1919,Rolex,Datejust 31,68273,Automatic,Very Good,Professional dealer,Gold/Steel,Gold/Steel,Gold/Steel,Sweden,Lund,9027.0,,,1,1,1,1
1766791664-1920,Rolex,Lady-Datejust,69173,Automatic,Very Good,Professional dealer,Gold/Steel,Gold/Steel,Gold/Steel,Sweden,Lund,4874.0,,,1,1,1,1
1766791668-1921,Rolex,Datejust 41,"126334
                     
                        (Jubilee)",Automatic,New,Professional dealer,Steel,Steel,Steel,United States of America,New York,13684.0,,,1,1,1,1
1766791670-1922,Rolex,Datejust 36,"126234
                     
                        (Jubilee)",Automatic,New,Professional dealer,Steel,Steel,Steel,United States of America,New York,11949.0,,,1,1,1,1
1766791673-1923,Rolex,Datejust 41,126334,Automatic,New,Professional dealer,Steel,Steel,Steel,United States of America,New York,13119.0,,,1,1,1,1
1766791675-1924,Rolex,Datejust 41,"126334
                     
                        (Jubilee)",Automatic,Very Good,Professional dealer,Silver,Steel,Other,United States of America,New York,12312.0,2022.0,2.0,1,1,1,1
1766791677-1925,Rolex,Daytona,126503,Automatic,Very Good,Professional dealer,Gold/Steel,Gold/Steel,Gold/Steel,United States of America,New York,21758.0,2024.0,0.0,1,1,1,1
1766791679-1926,Rolex,Datejust 36,116233,Automatic,Very Good,Partner Certified Included,Gold/Steel,Gold/Steel,Gold/Steel,United States of America,New York,9123.0,2014.0,10.0,1,1,1,0
1766791681-1927,Rolex,Sky-Dweller,326934,Automatic,New,Private Seller,Steel,Steel,Steel,United Kingdom,Unknown,18307.0,2021.0,3.0,1,1,1,0
1766791683-1928,Rolex,GMT-Master II,126711CHNR,Automatic,Very Good,Professional dealer,Gold/Steel,Gold/Steel,Gold/Steel,United States of America,New York,15945.0,2023.0,1.0,1,1,1,1
1766791685-1929,Rolex,GMT-Master II,126713grnr,Automatic,Very Good,Professional dealer,Gold/Steel,Gold/Steel,Gold/Steel,United States of America,New York,17358.0,2024.0,0.0,1,1,1,1
1766791687-1930,Rolex,Day-Date 36,118209,Automatic,Very Good,Professional dealer,White gold,White gold,White Gold,United States of America,New York,23211.0,2006.0,18.0,1,1,1,1
1766791690-1931,Rolex,Submariner (No Date),"14060M
                     
                        (Submariner (1990-2010))",Automatic,Very Good,Professional dealer,Steel,Steel,Steel,Germany,Hirschaid,8545.0,2009.0,15.0,1,1,1,1
1766791692-1932,Rolex,Daytona,116519,Automatic,Very Good,Professional dealer,White gold,Leather,White Gold,Sweden,Lund,30601.0,2006.0,18.0,1,1,1,1
1766791694-1933,Rolex,Oyster Perpetual Date,"1500
                     
                        (Oyster Perpetual Vintage)",Automatic,Very Good,Professional dealer,Yellow gold,Steel,Yellow Gold,Sweden,Lund,11283.0,1968.0,56.0,1,1,1,1
1766791696-1934,Rolex,Datejust 41,126334,Automatic,Very Good,Professional dealer,Steel,Steel,Steel,Sweden,Lund,14443.0,2022.0,2.0,1,1,1,1
1766791698-1935,Rolex,Oyster Perpetual,67180,Automatic,Good,Professional dealer,Unknown,Unknown,Other,Hong Kong,Kowloon,2456.0,,,1,1,1,1
1766791700-1936,Rolex,Lady-Datejust,"69173G
                     
                        (Red Face)",Automatic,Good,Professional dealer,Unknown,Unknown,Other,Hong Kong,Kowloon,4801.0,,,1,1,1,1
1766791702-1937,Rolex,Datejust 36,16013,Automatic,Fair,Professional dealer,Unknown,Unknown,Other,Hong Kong,Kowloon,4131.0,,,1,1,1,1
1766791704-1938,Rolex,,126600/2022,Automatic,Good,Professional dealer,Unknown,Unknown,Other,Hong Kong,Kowloon,10385.0,,,1,1,1,1
1766791707-1939,Rolex,Oyster Perpetual 31,277200,Automatic,Good,Professional dealer,Unknown,Unknown,Other,Hong Kong,Kowloon,5582.0,,,1,1,1,1
1766791709-1940,Rolex,Oyster Perpetual,67243,Automatic,Good,Professional dealer,Unknown,Unknown,Other,Hong Kong,Kowloon,3350.0,,,1,1,1,1
1766791711-1941,Rolex,GMT-Master II,,Automatic,Good,Professional dealer,Unknown,Unknown,Other,Hong Kong,Kowloon,10049.0,,,1,1,1,1
1766791713-1942,Rolex,Air King,116900/19yr,Automatic,Fair,Professional dealer,Unknown,Unknown,Other,Hong Kong,Kowloon,6700.0,,,1,1,1,1
1766791715-1943,Rolex,Datejust Turn-O-Graph,16264,Automatic,Good,Professional dealer,Unknown,Unknown,Other,Hong Kong,Kowloon,5918.0,,,1,1,1,1
1766791717-1944,Rolex,Submariner Date,16613/2005,Automatic,Good,Professional dealer,Unknown,Unknown,Other,Hong Kong,Kowloon,8486.0,,,1,1,1,1
1766791719-1945,Rolex,,116000/2007,Automatic,Good,Professional dealer,Unknown,Unknown,Other,Hong Kong,Kowloon,5360.0,,,1,1,1,1
1766791722-1946,Rolex,Oyster Perpetual Date,"1500
                     
                        (Oyster Perpetual Vintage)",Automatic,Good,Professional dealer,Yellow gold,Steel,Yellow Gold,Sweden,Lund,11283.0,1978.0,46.0,1,1,1,1
1766791724-1947,Rolex,Datejust 36,116233,Automatic,Very Good,Partner Certified Included,Gold/Steel,Gold/Steel,Gold/Steel,United States of America,New York,9365.0,2013.0,11.0,1,1,1,0
1766791726-1948,Rolex,Lady-Datejust,69173,Automatic,Good,Professional dealer,Gold/Steel,Gold/Steel,Gold/Steel,Germany,Frankfurt,5415.0,1989.0,35.0,1,1,1,1
1766791728-1949,Rolex,Datejust 31,68278G,Automatic,Very Good,Partner Certified Included,Yellow gold,Yellow gold,Yellow Gold,Japan,Tokyo,12542.0,,,1,1,1,0
1766791730-1950,Rolex,Datejust 41,126300,Automatic,New,Professional dealer,Steel,Steel,Steel,Germany,Frankfurt,10458.0,,,1,1,1,1
1766791732-1951,Rolex,Datejust 31,"278384RBR
                     
                        (Datejust Diamonds)",Automatic,New,Professional dealer,Steel,Steel,Steel,United States of America,Oakland Gardens,18407.0,,,1,1,1,1
1766791734-1952,Rolex,GMT-Master II,"16710
                     
                        (GMT-Master II (up to 2007))",Automatic,Very Good,Professional dealer,Steel,Steel,Steel,United States of America,California,10088.0,2000.0,24.0,1,1,1,1
1766791736-1953,Rolex,Submariner Date,126610lv,Automatic,Very Good,Professional dealer,Steel,Steel,Steel,United States of America,California,11424.0,2022.0,2.0,1,1,1,1
1766791739-1954,Rolex,Submariner Date,116610LN,Automatic,New,Private Seller,Steel,Steel,Steel,United Kingdom,Unknown,10629.0,2018.0,6.0,1,1,1,0
1766791741-1955,Rolex,GMT-Master II,"116710BLNR
                     
                        (Batman)",Automatic,Very Good,Professional dealer,Steel,Steel,Steel,United States of America,California,12510.0,2018.0,6.0,1,1,1,1
1766791743-1956,Rolex,Datejust 41,"126300
                     
                        (Datejust smooth bezel)",Automatic,New,Private Seller,Steel,Steel,Steel,United States of America,Minnesota,9527.0,,,1,1,1,0
1766791745-1957,Rolex,Datejust 36,116233,Automatic,Very Good,Partner Certified Included,Gold/Steel,Gold/Steel,Gold/Steel,United States of America,New York,9204.0,2010.0,14.0,1,1,1,0
1766791747-1958,Rolex,Milgauss,116400GV,Automatic,Very Good,Professional dealer,Steel,Steel,Steel,United States of America,New York,8348.0,2015.0,9.0,1,1,1,1
1766791749-1959,Rolex,Milgauss,116400GV,Automatic,Very Good,Professional dealer,Steel,Steel,Steel,United States of America,New York,9704.0,2009.0,15.0,1,1,1,1
1766791751-1960,Rolex,Datejust 36,116231,Automatic,Very Good,Partner Certified Included,Gold/Steel,Gold/Steel,Gold/Steel,United States of America,New York,11706.0,2015.0,9.0,1,1,1,0
1766791754-1961,Rolex,Milgauss,116400GV,Automatic,Very Good,Professional dealer,Steel,Steel,Steel,United States of America,New York,9236.0,2016.0,8.0,1,1,1,1
1766791756-1962,Rolex,Submariner (No Date),"114060
                     
                        (Submariner Ceramic Bezel Dark)",Automatic,New,Professional dealer,Steel,Steel,Steel,Germany,Koblenz,10458.0,2021.0,3.0,1,1,1,1
1766791758-1963,Rolex,Milgauss,116400GV,Automatic,Very Good,Professional dealer,Steel,Steel,Steel,United States of America,New York,9236.0,2008.0,16.0,1,1,1,1
1766791760-1964,Rolex,Submariner Date,126610lv,Automatic,New,Professional dealer,Steel,Steel,Steel,United States of America,Florida,12393.0,2024.0,0.0,1,1,1,1
1766791762-1965,Rolex,Oyster Perpetual 41,124300,Automatic,Very Good,Professional dealer,Steel,Steel,Steel,United States of America,Florida,7549.0,2023.0,1.0,1,1,1,1
1766791764-1966,Rolex,GMT-Master II,126720VTNR,Automatic,Very Good,Partner Certified Included,Steel,Steel,Steel,Germany,Hamburg,15215.0,,,1,1,1,0
1766791766-1967,Rolex,Datejust 41,"126334
                     
                        (Jubilee)",Automatic,Very Good,Partner Certified Included,Silver,Steel,Other,United States of America,New York,12514.0,2024.0,0.0,1,1,1,0
1766791768-1968,Rolex,Milgauss,116400GV,Automatic,Very Good,Professional dealer,Steel,Steel,Steel,United States of America,New York,11529.0,2017.0,7.0,1,1,1,1
1766791771-1969,Rolex,Milgauss,116400GV,Automatic,Very Good,Professional dealer,Steel,Steel,Steel,United States of America,New York,9236.0,2017.0,7.0,1,1,1,1
1766791773-1970,Rolex,Milgauss,116400GV,Automatic,Very Good,Professional dealer,Steel,Steel,Steel,United States of America,New York,9236.0,2015.0,9.0,1,1,1,1
1766791775-1971,Rolex,GMT-Master,1675,Automatic,Good,Professional dealer,Steel,Steel,Steel,UAE,Dubai,13572.0,1969.0,55.0,1,1,1,1
1766791777-1972,Rolex,Lady-Datejust,"69174
                     
                        (Datejust No Numerals)",Automatic,Very Good,Professional dealer,Steel,Steel,Steel,UAE,Dubai,3600.0,1994.0,30.0,1,1,1,1
1766791779-1973,Rolex,GMT-Master II,"116710LN
                     
                        (GMT-Master II black bezel)",Automatic,Very Good,Private Seller,Steel,Steel,Steel,Italy,Unknown,10706.0,2007.0,17.0,1,1,1,0
1766791781-1974,Rolex,Datejust 41,126303,Automatic,New,Professional dealer,Yellow gold,Gold/Steel,Yellow Gold,United States of America,Oakland Gardens,15243.0,2024.0,0.0,1,1,1,1
1766791783-1975,Rolex,GMT-Master II,"116710BLNR
                     
                        (Batman)",Automatic,New,Professional dealer,Steel,Steel,Steel,UAE,Dubai,12413.0,2017.0,7.0,1,1,1,1
1766791785-1976,Rolex,Yacht-Master 37,"268622
                     
                        (Yacht-Master 35mm)",Automatic,Good,Professional dealer,Steel,Steel,Steel,United Kingdom,London,10520.0,2021.0,3.0,1,1,1,1
1766791788-1977,Rolex,Datejust 36,16014,Automatic,Good,Professional dealer,Steel,Steel,Steel,Turkey,Mersin,6661.0,,,1,1,1,1
1766791790-1978,Rolex,Datejust 36,16238,Automatic,New,Professional dealer,Yellow gold,Leather,Yellow Gold,UAE,Dubai,7861.0,1994.0,30.0,1,1,1,1
1766791792-1979,Rolex,Datejust 36,1601,Automatic,Good,Professional dealer,Steel,Steel,Steel,UAE,Dubai,4551.0,1994.0,30.0,1,1,1,1
1766791794-1980,Rolex,Oyster Perpetual 26,67193,Automatic,Very Good,Professional dealer,Gold/Steel,Gold/Steel,Gold/Steel,United States of America,New York,3488.0,1987.0,37.0,1,1,1,1
1766791796-1981,Rolex,Sky-Dweller,336934,Automatic,New,Professional dealer,Steel,Steel,Steel,United States of America,Oakland Gardens,22444.0,,,1,1,1,1
1766791798-1982,Rolex,Datejust 36,126200,Automatic,Very Good,Private Seller,Unknown,Steel,Other,Germany,Unknown,9982.0,2024.0,0.0,1,1,1,0
1766791800-1983,Rolex,Datejust 31,6827,Automatic,Good,Professional dealer,Yellow gold,Yellow gold,Yellow Gold,Brazil,Fortaleza,8774.0,,,1,1,1,1
1766791802-1984,Rolex,Submariner (No Date),"114060
                     
                        (Submariner Ceramic Bezel Dark)",Automatic,Very Good,Professional dealer,Steel,Steel,Steel,Netherlands,Zoetermeer,10458.0,2020.0,4.0,1,1,1,1
1766791805-1985,Rolex,Oyster Perpetual,134300,Automatic,Very Good,Professional dealer,Steel,Steel,Steel,United States of America,New York,8392.0,,,1,1,1,1
1766791807-1986,Rolex,Datejust 41,126333,Automatic,Very Good,Professional dealer,Steel,Gold/Steel,Steel,United States of America,New York,12674.0,,,1,1,1,1
1766791809-1987,Rolex,GMT-Master II,"16760
                     
                        (Coke)",Automatic,Very Good,Professional dealer,Steel,Steel,Steel,United States of America,New York,9628.0,,,1,1,1,1
1766791811-1988,Rolex,Day-Date 36,18038,Automatic,Very Good,Professional dealer,Yellow gold,Yellow gold,Yellow Gold,United States of America,New York,13169.0,,,1,1,1,1
1766791813-1989,Rolex,Submariner Date,16613T,Automatic,Very Good,Professional dealer,Steel,Gold/Steel,Steel,United States of America,New York,8228.0,,,1,1,1,1
1766791815-1990,Rolex,,5504,Automatic,Very Good,Professional dealer,Steel,Steel,Steel,United States of America,New York,8063.0,,,1,1,1,1
1766791817-1991,Rolex,Submariner Date,"1680
                     
                        (Submariner Vintage)",Automatic,Very Good,Professional dealer,Steel,Steel,Steel,United States of America,New York,9216.0,,,1,1,1,1
1766791819-1992,Rolex,Explorer II,"16550
                     
                        (Explorer II Vintage)",Automatic,Very Good,Professional dealer,Steel,Steel,Steel,United States of America,New York,11274.0,,,1,1,1,1
1766791822-1993,Rolex,Oysterdate Precision,6694,Automatic,Very Good,Professional dealer,Steel,Steel,Steel,United States of America,New York,3204.0,,,1,1,1,1
1766791824-1994,Rolex,Submariner Date,16613LB,Automatic,Very Good,Professional dealer,Steel,Gold/Steel,Steel,United States of America,New York,8228.0,,,1,1,1,1
1766791826-1995,Rolex,Daytona,116508,Automatic,Very Good,Professional dealer,Yellow gold,Yellow gold,Yellow Gold,United States of America,New York,57637.0,,,1,1,1,1
1766791828-1996,Rolex,Explorer II,"16570
                     
                        (Explorer II 16570 White)",Automatic,Very Good,Professional dealer,Steel,Steel,Steel,United States of America,New York,6992.0,1996.0,28.0,1,1,1,1
1766791830-1997,Rolex,Datejust 36,16013,Automatic,Very Good,Professional dealer,Steel,Gold/Steel,Steel,United States of America,New York,6087.0,,,1,1,1,1
1766791832-1998,Rolex,Datejust 36,16013,Automatic,Very Good,Professional dealer,Yellow gold,Yellow gold,Yellow Gold,United States of America,New York,5839.0,,,1,1,1,1
1766791834-1999,Rolex,Oyster Perpetual Date,1503,Automatic,Very Good,Professional dealer,Yellow gold,Leather,Yellow Gold,United States of America,New York,5239.0,,,1,1,1,1
1766791837-2000,Rolex,Datejust II,"116300
                     
                        (Datejust smooth bezel)",Automatic,Very Good,Professional dealer,Steel,Steel,Steel,United States of America,New York,6828.0,2015.0,9.0,1,1,1,1
1766791839-2001,Rolex,GMT-Master,1675,Automatic,Very Good,Professional dealer,Steel,Steel,Steel,United States of America,New York,12345.0,,,1,1,1,1
1766791841-2002,Rolex,Datejust 41,126334,Automatic,Very Good,Professional dealer,Steel,Steel,Steel,United States of America,New York,9710.0,2019.0,5.0,1,1,1,1
1766791843-2003,Rolex,Explorer II,"216570
                     
                        (Explorer II 216570 Black)",Automatic,Very Good,Professional dealer,Steel,Steel,Steel,United States of America,New York,7816.0,2015.0,9.0,1,1,1,1
1766791845-2004,Rolex,Lady-Datejust,"179163
                     
                        (Two-tone)",Automatic,Very Good,Professional dealer,Steel,Gold/Steel,Steel,United States of America,New York,5345.0,2006.0,18.0,1,1,1,1
1766791847-2005,Rolex,Submariner (No Date),5513,Automatic,Very Good,Professional dealer,Steel,Steel,Steel,United States of America,New York,8804.0,,,1,1,1,1
1766791849-2006,Rolex,GMT-Master II,"116710LN
                     
                        (GMT-Master II black bezel)",Automatic,Very Good,Professional dealer,Steel,Steel,Steel,France,Paris,10934.0,2015.0,9.0,1,1,1,1
1766791851-2007,Rolex,GMT-Master II,126710BLNR,Automatic,Very Good,Professional dealer,Steel,Steel,Steel,United States of America,New York,18052.0,,,1,1,1,1
1766791853-2008,Rolex,Yacht-Master 40,126655,Automatic,New,Professional dealer,Rose gold,Rubber,Rose Gold,United States of America,New York,48360.0,,,1,1,1,1
1766791856-2009,Rolex,Oysterdate Precision,6694,Manual,Good,Professional dealer,Steel,Steel,Steel,Japan,Nagoya-city,1457.0,,,1,1,1,1
1766791858-2010,Rolex,Datejust 36,126200,Automatic,Very Good,Professional dealer,Steel,Steel,Steel,United States of America,California,9486.0,2023.0,1.0,1,1,1,1
1766791860-2011,Rolex,Daytona,"116519LN
                     
                        (Daytona (from 2016))",Automatic,New,Professional dealer,White gold,Rubber,White Gold,Germany,Baden-Baden,37065.0,2022.0,2.0,1,1,1,1
1766791862-2012,Rolex,GMT-Master II,"116710BLNR
                     
                        (Batman)",Automatic,Very Good,Professional dealer,Steel,Steel,Steel,Australia,East Perth,13121.0,2016.0,8.0,1,1,1,1
1766791864-2013,Rolex,GMT-Master II,126710BLNR,Automatic,Very Good,Private Seller,Steel,Steel,Steel,United States of America,California,15492.0,,,1,1,1,0
1766791866-2014,Rolex,Milgauss,116400,Automatic,Good,Professional dealer,Steel,Steel,Steel,Taiwan,Taipei,6539.0,2008.0,16.0,1,1,1,1
1766791868-2015,Rolex,GMT-Master II,126710BLNR,Automatic,New,Private Seller,Steel,Steel,Steel,United States of America,South Carolina,15743.0,2020.0,4.0,1,1,1,0
1766791870-2016,Rolex,Explorer,114270,Unknown,Very Good,Partner Certified Included,Steel,Steel,Steel,Japan,Chuo-ku,4721.0,,,1,1,1,0
1766791873-2017,Rolex,Daytona,"116518LNG
                     
                        (Daytona (from 2016))",Unknown,Very Good,Partner Certified Included,Yellow gold,Rubber,Yellow Gold,Japan,Chuo-ku,31225.0,2020.0,4.0,1,1,1,0
1766791875-2018,Rolex,Daytona,"116523NG
                     
                        (Daytona (1988-2015))",Unknown,Very Good,Partner Certified Included,Yellow gold and steel,Steel,Gold/Steel,Japan,Chuo-ku,18568.0,2011.0,13.0,1,1,1,0
1766791877-2019,Rolex,Submariner Date,116610LN,Unknown,Very Good,Partner Certified Included,Steel,Steel,Steel,Japan,Chuo-ku,9815.0,2020.0,4.0,1,1,1,0
1766791879-2020,Rolex,Yacht-Master 40,116622,Unknown,Very Good,Partner Certified Included,Steel,Steel,Steel,Japan,Chuo-ku,10850.0,2019.0,5.0,1,1,1,0
1766791881-2021,Rolex,Submariner (No Date),124060,Unknown,Very Good,Partner Certified Included,Steel,Steel,Steel,Japan,Chuo-ku,9416.0,2022.0,2.0,1,1,1,0
1766791883-2022,Rolex,Datejust 36,"126200
                     
                        (Jubilee)",Unknown,Very Good,Partner Certified Included,Steel,Steel,Steel,Japan,Chuo-ku,8402.0,,,1,1,1,0
1766791885-2023,Rolex,Submariner (No Date),"14060M
                     
                        (Submariner (1990-2010))",Unknown,Very Good,Partner Certified Included,Steel,Steel,Steel,Japan,Chuo-ku,8676.0,2012.0,12.0,1,1,1,0
1766791887-2024,Rolex,Datejust 36,16233,Unknown,Very Good,Partner Certified Included,Yellow gold and steel,Steel,Gold/Steel,Japan,Chuo-ku,5901.0,,,1,1,1,0
1766791890-2025,Rolex,Datejust 36,"16233G
                     
                        (Datejust Diamonds)",Unknown,Very Good,Partner Certified Included,Yellow gold and steel,Steel,Gold/Steel,Japan,Chuo-ku,6145.0,1994.0,30.0,1,1,1,0
1766791892-2026,Rolex,Datejust 36,"16234
                     
                        (Jubilee)",Unknown,Very Good,Partner Certified Included,White gold and steel,Steel,Gold/Steel,Japan,Chuo-ku,6051.0,,,1,1,1,0
1766791894-2027,Rolex,Datejust 36,16234,Unknown,Very Good,Partner Certified Included,White gold and steel,Steel,Gold/Steel,Japan,Chuo-ku,5860.0,1997.0,27.0,1,1,1,0
1766791896-2028,Rolex,Daytona,"16520
                     
                        (Daytona (1988-2015))",Unknown,Very Good,Partner Certified Included,Steel,Steel,Steel,Japan,Chuo-ku,21250.0,,,1,1,1,0
1766791899-2029,Rolex,Explorer II,"16570
                     
                        (Explorer II 16570 White)",Unknown,Very Good,Partner Certified Included,Steel,Steel,Steel,Japan,Chuo-ku,8169.0,,,1,1,1,0
1766791901-2030,Rolex,Yacht-Master,"168623
                     
                        (Yacht-Master 35mm)",Unknown,Very Good,Partner Certified Included,Yellow gold and steel,Steel,Gold/Steel,Japan,Chuo-ku,6367.0,,,1,1,1,0
1766791903-2031,Rolex,Explorer,214270,Unknown,Very Good,Partner Certified Included,Steel,Steel,Steel,Japan,Chuo-ku,6191.0,2017.0,7.0,1,1,1,0
1766791905-2032,Rolex,Explorer,214270,Unknown,Very Good,Partner Certified Included,Steel,Steel,Steel,Japan,Chuo-ku,6341.0,2019.0,5.0,1,1,1,0
1766791907-2033,Rolex,Lady-Datejust,"79174G
                     
                        (Datejust Diamonds)",Unknown,Very Good,Partner Certified Included,White gold and steel,Steel,Gold/Steel,Japan,Chuo-ku,4762.0,2002.0,22.0,1,1,1,0
1766791909-2034,Rolex,Yacht-Master 40,126622,Unknown,Very Good,Partner Certified Included,Steel,Steel,Steel,Japan,Chuo-ku,10757.0,2020.0,4.0,1,1,1,0
1766791911-2035,Rolex,GMT-Master II,"126720VTNR
                     
                        (Sprite)",Unknown,New,Professional dealer,Steel,Steel,Steel,Japan,Chuo-ku,13899.0,,,1,1,1,1
1766791914-2036,Rolex,Explorer,224270,Unknown,Very Good,Partner Certified Included,Steel,Steel,Steel,Japan,Chuo-ku,7309.0,2024.0,0.0,1,1,1,0
1766791916-2037,Rolex,GMT-Master II,"126713GRNR
                     
                        (Zombie)",Unknown,Very Good,Partner Certified Included,Yellow gold and steel,Steel,Gold/Steel,Japan,Chuo-ku,16876.0,2024.0,0.0,1,1,1,0
1766791918-2038,Rolex,GMT-Master II,"126713GRNR
                     
                        (Zombie)",Unknown,Very Good,Partner Certified Included,Yellow gold and steel,Steel,Gold/Steel,Japan,Chuo-ku,17015.0,,,1,1,1,0
1766791920-2039,Rolex,Datejust 41,126333G,Unknown,Very Good,Partner Certified Included,Yellow gold and steel,Steel,Gold/Steel,Japan,Chuo-ku,15131.0,2019.0,5.0,1,1,1,0
1766791922-2040,Rolex,GMT-Master II,126710GRNR,Unknown,Very Good,Partner Certified Included,Steel,Steel,Steel,Japan,Chuo-ku,16498.0,2024.0,0.0,1,1,1,0
1766791927-2041,Rolex,Day-Date 36,"1803/8
                     
                        (Day-Date 36mm (up to 2000))",Unknown,Good,Partner Certified Included,Yellow gold,Yellow gold,Yellow Gold,Japan,Chuo-ku,14753.0,,,1,1,1,0
1766791929-2042,Rolex,Datejust 31,278240,Unknown,Very Good,Partner Certified Included,Steel,Steel,Steel,Japan,Chuo-ku,6662.0,2024.0,0.0,1,1,1,0
1766791931-2043,Rolex,Datejust 41,"126333
                     
                        (Two-tone)",Automatic,Very Good,Professional dealer,Steel,Gold/Steel,Steel,Hong Kong,Kwun Tong,13497.0,,,1,1,1,1
1766791933-2044,Rolex,Datejust 41,m126331-0015,Automatic,Very Good,Professional dealer,Gold/Steel,Gold/Steel,Gold/Steel,Hong Kong,Kwun Tong,12044.0,,,1,1,1,1
1766791935-2045,Rolex,,57319,Manual,Good,Private Seller,Yellow gold,Leather,Yellow Gold,Australia,Unknown,5303.0,,,1,1,1,0
1766791937-2046,Rolex,Daytona,116518-0047,Automatic,Very Good,Professional dealer,Unknown,Rubber,Other,Hong Kong,Kwun Tong,34781.0,,,1,1,1,1
1766791939-2047,Rolex,Sea-Dweller,126603,Automatic,New,Professional dealer,Yellow gold,Gold/Steel,Yellow Gold,Japan,Tokyo,13718.0,2023.0,1.0,1,1,1,1
1766791941-2048,Rolex,Explorer II,226570,Automatic,New,Professional dealer,Steel,Steel,Steel,Japan,Chuo-Ku,9214.0,,,1,1,1,1
1766791944-2049,Rolex,GMT-Master II,"116710LN
                     
                        (GMT-Master II black bezel)",Automatic,Very Good,Partner Certified Included,Steel,Steel,Steel,Germany,Hamburg,10743.0,2010.0,14.0,1,1,1,0
1766791946-2050,Rolex,GMT-Master II,"116710BLNR
                     
                        (Batman)",Automatic,Very Good,Partner Certified Included,Steel,Steel,Steel,Germany,Hamburg,13217.0,2018.0,6.0,1,1,1,0
1766791948-2051,Rolex,Cellini Time,"50505
                     
                        (Everose)",Automatic,Very Good,Professional dealer,Rose gold,Leather,Rose Gold,Hong Kong,hongkong,10279.0,,,1,1,1,1
1766791950-2052,Rolex,Cellini Moonphase,"50535
                     
                        (Everose)",Automatic,Very Good,Professional dealer,Rose gold,Leather,Rose Gold,Hong Kong,hongkong,17858.0,,,1,1,1,1
1766791952-2053,Rolex,Submariner Date,126613LN,Automatic,Very Good,Professional dealer,Gold/Steel,Gold/Steel,Gold/Steel,Japan,Tokyo,13459.0,,,1,1,1,1
1766791956-2055,Rolex,Cellini Dual Time,"50525
                     
                        (Everose)",Automatic,Very Good,Professional dealer,Rose gold,Leather,Rose Gold,Hong Kong,hongkong,10694.0,,,1,1,1,1
1766791958-2056,Rolex,Sky-Dweller,336238,Automatic,Very Good,Professional dealer,Yellow gold,Rubber,Yellow Gold,Hong Kong,Tsim Sha Tsui,28344.0,,,1,1,1,1
1766791960-2057,Rolex,Oyster Perpetual 26,"176200
                     
                        (Arabic Dial)",Automatic,Good,Professional dealer,Steel,Steel,Steel,Japan,Kashihara-shi,3002.0,2008.0,16.0,1,1,1,1
1766791963-2058,Rolex,Day-Date 36,118399BR,Automatic,Very Good,Professional dealer,White gold,White gold,White Gold,Hong Kong,Tsim Sha Tsui,50148.0,,,1,1,1,1
1766791965-2059,Rolex,Sea-Dweller,126600,Automatic,Good,Professional dealer,Steel,Steel,Steel,Japan,Tokyo,9059.0,2018.0,6.0,1,1,1,1
1766791967-2060,Rolex,Cellini Time,"50705RBR
                     
                        (Everose)",Automatic,Very Good,Professional dealer,Rose gold,Leather,Rose Gold,Hong Kong,hongkong,12978.0,,,1,1,1,1
1766791969-2061,Rolex,Submariner (No Date),"14060
                     
                        (Submariner (1990-2010))",Automatic,Good,Professional dealer,Steel,Steel,Steel,United States of America,Pennsylvania,7347.0,1991.0,33.0,1,1,1,1
1766791971-2062,Rolex,Lady-Datejust,m279160-0011,Automatic,Very Good,Professional dealer,Unknown,Unknown,Other,Hong Kong,Kwun Tong,6089.0,,,1,1,1,1
1766791973-2063,Rolex,Datejust 36,126284rbr,Automatic,Very Good,Professional dealer,Unknown,Steel,Other,Hong Kong,Kwun Tong,16404.0,,,1,1,1,1
1766791975-2064,Rolex,Cellini Time,50709RBR,Automatic,Very Good,Professional dealer,White gold,Leather,White Gold,Hong Kong,hongkong,11213.0,,,1,1,1,1
1766791977-2065,Rolex,Cellini Time,"50605RBR
                     
                        (Everose)",Automatic,Very Good,Professional dealer,Rose gold,Leather,Rose Gold,Hong Kong,hongkong,11421.0,,,1,1,1,1
1766791980-2066,Rolex,Daytona,"116505
                     
                        (Everose)",Automatic,Good,Professional dealer,Rose gold,Rose gold,Rose Gold,France,paris,39492.0,,,1,1,1,1
1766791982-2067,Rolex,Cellini Time,50509,Automatic,Very Good,Professional dealer,White gold,Leather,White Gold,Hong Kong,hongkong,9344.0,,,1,1,1,1
1766791984-2068,Rolex,Daytona,"126505
                     
                        (Everose)",Automatic,Good,Professional dealer,Rose gold,Rose gold,Rose Gold,France,paris,46058.0,,,1,1,1,1
1766791986-2069,Rolex,Oyster Perpetual 41,124300,Automatic,Very Good,Professional dealer,Steel,Steel,Steel,United States of America,Illinois,8715.0,,,1,1,1,1
1766791988-2070,Rolex,Cellini Date,50519,Automatic,Very Good,Professional dealer,White gold,Leather,White Gold,Hong Kong,hongkong,9863.0,,,1,1,1,1
1766791990-2071,Rolex,Oyster Perpetual Date,15200,Automatic,Good,Professional dealer,Steel,Unknown,Steel,Japan,大阪市,4493.0,,,1,1,1,1
1766791992-2072,Rolex,Oyster Perpetual Date,15200,Automatic,Good,Professional dealer,Unknown,Steel,Other,Japan,Ehime yawatahama,3516.0,1991.0,33.0,1,1,1,1
1766791994-2073,Rolex,Oyster Precision,6426,Manual,Good,Professional dealer,Unknown,Steel,Other,Japan,Ehime yawatahama,2351.0,1973.0,51.0,1,1,1,1
1766791996-2074,Rolex,Submariner (No Date),124060,Automatic,New,Private Seller,Steel,Steel,Steel,UAE,Unknown,11246.0,2023.0,1.0,1,1,1,0
1766791999-2075,Rolex,Lady-Datejust,179160,Automatic,Very Good,Professional dealer,Steel,Steel,Steel,Germany,Hamburg,4463.0,1991.0,33.0,1,1,1,1
1766792001-2076,Rolex,Land-Dweller,127334,Automatic,New,Professional dealer,Steel,Unknown,Steel,Belgium,KNOKKE-LE-ZOUTE,25722.0,,,1,1,1,1
1766792003-2077,Rolex,Lady-Datejust,"279171G
                     
                        (Chocolate)",Automatic,New,Professional dealer,Unknown,Unknown,Other,Japan,Fukuoka Chuo-ku,15116.0,,,1,1,1,1
1766792005-2078,Rolex,Daytona,126500LN,Automatic,New,Professional dealer,Unknown,Unknown,Other,Japan,Fukuoka Chuo-ku,30801.0,,,1,1,1,1
1766792007-2079,Rolex,Submariner Date,116618LB,Automatic,Good,Professional dealer,Unknown,Unknown,Other,Japan,Fukuoka Chuo-ku,28885.0,,,1,1,1,1
1766792009-2080,Rolex,,336934,Automatic,New,Professional dealer,Gold/Steel,Unknown,Gold/Steel,Japan,Fukuoka Chuo-ku,21483.0,,,1,1,1,1
1766792011-2081,Rolex,Yacht-Master II,116680,Automatic,Good,Professional dealer,Unknown,Unknown,Other,Japan,Fukuoka Chuo-ku,13977.0,,,1,1,1,1
1766792013-2082,Rolex,Explorer II,226570,Automatic,New,Professional dealer,Steel,Unknown,Steel,Japan,Fukuoka Chuo-ku,10146.0,,,1,1,1,1
1766792016-2083,Rolex,GMT-Master II,"116710LN
                     
                        (GMT-Master II black bezel)",Unknown,Very Good,Partner Certified Included,Steel,Steel,Steel,Japan,Chuo-ku,11461.0,2009.0,15.0,1,1,1,0
1766792018-2084,Rolex,GMT-Master II,126711CHNR,Unknown,Very Good,Professional dealer,Unknown,Unknown,Other,Japan,Shinjuku-ku,16824.0,,,1,1,1,1
1766792020-2085,Rolex,Yacht-Master 40,116695 SATS,Automatic,Good,Professional dealer,Rose gold,Rubber,Rose Gold,Japan,nakano,95079.0,2020.0,4.0,1,1,1,1
1766792022-2086,Rolex,GMT-Master II,126711CHNR,Unknown,Good,Professional dealer,Unknown,Unknown,Other,Japan,Shinjuku-ku,16451.0,,,1,1,1,1
1766792024-2087,Rolex,GMT-Master II,126710BLNR,Unknown,Good,Professional dealer,Unknown,Unknown,Other,Japan,Shinjuku-ku,15116.0,,,1,1,1,1
1766792026-2088,Rolex,GMT-Master II,126710BLNR,Unknown,Very Good,Professional dealer,Unknown,Unknown,Other,Japan,Shinjuku-ku,15633.0,,,1,1,1,1
1766792028-2089,Rolex,Submariner Date,"126610LN
                     
                        (Submariner Ceramic Bezel Dark)",Unknown,Very Good,Professional dealer,Unknown,Unknown,Other,Japan,Shinjuku-ku,11544.0,,,1,1,1,1
1766792030-2090,Rolex,Submariner Date,"126610LN
                     
                        (Submariner Ceramic Bezel Dark)",Unknown,Good,Professional dealer,Unknown,Unknown,Other,Japan,Shinjuku-ku,11699.0,,,1,1,1,1
1766792033-2091,Rolex,Submariner Date,"126610LN
                     
                        (Submariner Ceramic Bezel Dark)",Unknown,Very Good,Professional dealer,Unknown,Unknown,Other,Japan,Shinjuku-ku,12061.0,,,1,1,1,1
1766792035-2092,Rolex,Submariner (No Date),124060,Unknown,Very Good,Professional dealer,Unknown,Unknown,Other,Japan,Shinjuku-ku,10239.0,,,1,1,1,1
1766792037-2093,Rolex,Explorer,124270,Unknown,Very Good,Professional dealer,Unknown,Unknown,Other,Japan,Shinjuku-ku,7195.0,,,1,1,1,1
1766792039-2094,Rolex,Explorer,124270,Unknown,Good,Professional dealer,Unknown,Unknown,Other,Japan,Shinjuku-ku,7195.0,,,1,1,1,1
1766792041-2095,Rolex,GMT-Master II,"126710BLRO
                     
                        (Pepsi)",Unknown,Good,Professional dealer,Unknown,Unknown,Other,Japan,Shinjuku-ku,17342.0,,,1,1,1,1
1766792043-2096,Rolex,GMT-Master II,126720VTNR,Unknown,Very Good,Professional dealer,Unknown,Unknown,Other,Japan,Shinjuku-ku,14391.0,,,1,1,1,1
1766792045-2097,Rolex,GMT-Master II,126713GRNR,Unknown,Very Good,Professional dealer,Unknown,Unknown,Other,Japan,Shinjuku-ku,18118.0,,,1,1,1,1
1766792047-2098,Rolex,Daytona,,Automatic,Very Good,Professional dealer,Unknown,Unknown,Other,United States of America,California,29277.0,,,1,1,1,1
1766792049-2099,Rolex,Yacht-Master 40,116655,Automatic,Very Good,Professional dealer,Rose gold,Rubber,Rose Gold,Singapore,Singapore,20757.0,2016.0,8.0,1,1,1,1
1766792052-2100,Rolex,Submariner Date,"126618LN
                     
                        (Submariner Ceramic Bezel Dark)",Automatic,Fair,Professional dealer,Yellow gold,Yellow gold,Yellow Gold,Japan,nakano,31712.0,2021.0,3.0,1,1,1,1
1766792054-2101,Rolex,Daytona,"116519LN
                     
                        (Daytona (from 2016))",Automatic,Very Good,Professional dealer,White gold,Unknown,White Gold,Hong Kong,Kwun Tong,46144.0,,,1,1,1,1
1766792056-2102,Rolex,Datejust 36,16013,Automatic,Very Good,Partner Certified Included,Steel,Steel,Steel,Japan,Tokyo,4380.0,1986.0,38.0,1,1,1,0
1766792058-2103,Rolex,Datejust 36,16013,Automatic,Very Good,Partner Certified Included,Steel,Steel,Steel,Japan,Tokyo,5199.0,,,1,1,1,0
1766792060-2104,Rolex,Datejust 36,16013,Automatic,Fair,Partner Certified Included,Steel,Steel,Steel,Japan,Tokyo,4714.0,,,1,1,1,0
1766792062-2105,Rolex,Oysterdate Precision,6694,Manual,Fair,Partner Certified Included,Steel,Steel,Steel,Japan,Tokyo,2399.0,,,1,1,1,0
1766792064-2106,Rolex,Datejust 36,16030,Automatic,Very Good,Partner Certified Included,Steel,Steel,Steel,Japan,Osaka,4547.0,1988.0,36.0,1,1,1,0
1766792067-2107,Rolex,Datejust 36,16014,Automatic,Very Good,Partner Certified Included,Steel,Steel,Steel,Japan,Osaka,4089.0,,,1,1,1,0
1766792069-2108,Rolex,Oysterdate Precision,6694,Manual,Very Good,Partner Certified Included,Steel,Steel,Steel,Japan,Tokyo,2889.0,,,1,1,1,0
1766792071-2109,Rolex,Datejust 36,16013,Automatic,Fair,Partner Certified Included,Steel,Steel,Steel,Japan,Tokyo,5161.0,1988.0,36.0,1,1,1,0
1766792073-2110,Rolex,Daytona,"116500LN
                     
                        (Daytona (from 2016))",Automatic,Very Good,Partner Certified Included,Steel,Steel,Steel,Japan,Tokyo,25301.0,2022.0,2.0,1,1,1,0
1766792075-2111,Rolex,Datejust 41,126334,Automatic,Very Good,Partner Certified Included,Steel,Steel,Steel,Japan,Tokyo,11250.0,2021.0,3.0,1,1,1,0
1766792077-2112,Rolex,Datejust 36,126200,Automatic,Very Good,Partner Certified Included,Steel,Steel,Steel,Japan,Tokyo,7309.0,2021.0,3.0,1,1,1,0
1766792079-2113,Rolex,Datejust 36,16233,Automatic,Very Good,Partner Certified Included,Steel,Steel,Steel,Japan,Osaka,5732.0,1997.0,27.0,1,1,1,0
1766792081-2114,Rolex,Datejust 36,16233,Automatic,Very Good,Partner Certified Included,Steel,Steel,Steel,Japan,Osaka,5931.0,,,1,1,1,0
1766792084-2115,Rolex,Air King,14010,Automatic,Very Good,Partner Certified Included,Steel,Steel,Steel,Japan,Tokyo,3874.0,,,1,1,1,0
1766792086-2116,Rolex,Datejust 36,16233,Automatic,Very Good,Partner Certified Included,Steel,Steel,Steel,Japan,Tokyo,5629.0,1997.0,27.0,1,1,1,0
1766792088-2117,Rolex,Lady-Datejust,69178LR,Automatic,Very Good,Partner Certified Included,Yellow gold,Yellow gold,Yellow Gold,Japan,Tokyo,9473.0,,,1,1,1,0
1766792090-2118,Rolex,Oyster Perpetual Lady Date,79160,Automatic,Very Good,Partner Certified Included,Steel,Steel,Steel,Japan,Osaka,3007.0,,,1,1,1,0
1766792092-2119,Rolex,Daytona,116503,Automatic,Very Good,Partner Certified Included,Steel,Steel,Steel,Japan,Tokyo,17430.0,2022.0,2.0,1,1,1,0
1766792094-2120,Rolex,Datejust 36,16013,Automatic,Very Good,Partner Certified Included,Steel,Steel,Steel,Japan,Osaka,4983.0,,,1,1,1,0
1766792096-2121,Rolex,Oyster Perpetual 31,277200,Automatic,Very Good,Partner Certified Included,Steel,Steel,Steel,Japan,Tokyo,8020.0,2022.0,2.0,1,1,1,0
1766792099-2122,Rolex,Datejust 36,16234,Automatic,Very Good,Partner Certified Included,Steel,Steel,Steel,Japan,Tokyo,5871.0,2003.0,21.0,1,1,1,0
1766792101-2123,Rolex,Yacht-Master,"69623
                     
                        (Yacht-Master 29mm)",Automatic,Very Good,Partner Certified Included,Steel,Steel,Steel,Japan,Tokyo,5059.0,2000.0,24.0,1,1,1,0
1766792103-2124,Rolex,Oyster Perpetual 31,67480,Automatic,Very Good,Partner Certified Included,Steel,Steel,Steel,Japan,Tokyo,3573.0,1999.0,25.0,1,1,1,0
1766792105-2125,Rolex,Datejust Turn-O-Graph,116264,Automatic,Very Good,Partner Certified Included,Steel,Steel,Steel,Japan,Tokyo,5882.0,,,1,1,1,0
1766792107-2126,Rolex,GMT-Master II,"126710GRNR
                     
                        (Bruce Wayne)",Automatic,Very Good,Partner Certified Included,Steel,Steel,Steel,Japan,Osaka,16472.0,,,1,1,1,0
1766792109-2127,Rolex,Submariner Date,126613LB,Automatic,Very Good,Partner Certified Included,Steel,Steel,Steel,Japan,Tokyo,14345.0,2022.0,2.0,1,1,1,0
1766792111-2128,Rolex,Sea-Dweller Deepsea,136660,Automatic,Very Good,Partner Certified Included,Steel,Steel,Steel,Japan,Osaka,11648.0,,,1,1,1,0
1766792113-2129,Rolex,Yacht-Master II,116680,Automatic,Very Good,Partner Certified Included,Steel,Steel,Steel,Japan,Osaka,13769.0,2020.0,4.0,1,1,1,0
1766792116-2130,Rolex,Submariner Date,126610LN,Automatic,Very Good,Partner Certified Included,Steel,Steel,Steel,Japan,Tokyo,10981.0,,,1,1,1,0
1766792118-2131,Rolex,Daytona,126500LN,Automatic,Very Good,Partner Certified Included,Steel,Steel,Steel,Japan,Osaka,24025.0,,,1,1,1,0
1766792120-2132,Rolex,Lady-Datejust,79174,Automatic,Very Good,Partner Certified Included,Steel,Steel,Steel,Japan,Tokyo,4332.0,2004.0,20.0,1,1,1,0
1766792122-2133,Rolex,Oyster Perpetual 36,116000,Automatic,Very Good,Partner Certified Included,Steel,Steel,Steel,Japan,Tokyo,5758.0,2015.0,9.0,1,1,1,0
1766792124-2134,Rolex,Submariner Date,"16613SG
                     
                        (Submariner (1990-2010))",Automatic,Very Good,Partner Certified Included,Steel,Steel,Steel,Japan,Tokyo,10119.0,,,1,1,1,0
1766792126-2135,Rolex,Yacht-Master,"169622
                     
                        (Yacht-Master 29mm)",Automatic,Very Good,Partner Certified Included,Steel,Steel,Steel,Japan,Tokyo,4364.0,2000.0,24.0,1,1,1,0
1766792128-2136,Rolex,Submariner Date,116610LV,Automatic,Very Good,Partner Certified Included,Steel,Steel,Steel,Japan,Tokyo,16633.0,2016.0,8.0,1,1,1,0
1766792131-2137,Rolex,Datejust 36,"16200
                     
                        (Datejust smooth bezel)",Automatic,Very Good,Partner Certified Included,Steel,Steel,Steel,Japan,Tokyo,5645.0,2005.0,19.0,1,1,1,0
1766792133-2138,Rolex,Daytona,116503G,Automatic,Very Good,Partner Certified Included,Steel,Steel,Steel,Japan,Tokyo,15718.0,,,1,1,1,0
1766792135-2139,Rolex,Daytona,"126505
                     
                        (Everose)",Automatic,Good,Professional dealer,Rose gold,Rose gold,Rose Gold,Japan,nakano,46465.0,2024.0,0.0,1,1,1,1
1766792137-2140,Rolex,Oysterdate Precision,6494,Manual,Good,Partner Certified Included,Steel,Calf skin,Steel,Japan,Nara,2273.0,1956.0,68.0,1,1,1,0
1766792139-2141,Rolex,Yacht-Master 40,116621,Automatic,Very Good,Partner Certified Included,Steel,Gold/Steel,Steel,United States of America,Florida,12827.0,2018.0,6.0,1,1,1,0
1766792141-2142,Rolex,Submariner Date,"16610
                     
                        (Submariner (1990-2010))",Automatic,Very Good,Partner Certified Included,Steel,Steel,Steel,United States of America,Florida,15017.0,2006.0,18.0,1,1,1,0
1766792143-2143,Rolex,Day-Date 36,"118235A
                     
                        (Everose)",Automatic,Very Good,Professional dealer,Rose gold,Rose gold,Rose Gold,Hong Kong,Kwun Tong,22150.0,,,1,1,1,1
1766792145-2144,Rolex,Datejust 41,M126334-0001,Automatic,Very Good,Professional dealer,Steel,Steel,Steel,United States of America,Texas,11121.0,2024.0,0.0,1,1,1,1
1766792147-2145,Rolex,Day-Date 36,118238NMR,Automatic,Very Good,Professional dealer,Unknown,Unknown,Other,Hong Kong,Kwun Tong,26980.0,,,1,1,1,1
1766792150-2146,Rolex,Datejust 41,126333,Automatic,New,Private Seller,Gold/Steel,Gold/Steel,Gold/Steel,UAE,Unknown,14765.0,2022.0,2.0,1,1,1,0
1766792152-2147,Rolex,Explorer II,"216570
                     
                        (Explorer II 216570 White)",Automatic,Good,Professional dealer,Steel,Steel,Steel,Turkey,Mersin,8564.0,,,1,1,1,1
1766792154-2148,Rolex,Lady-Datejust,179174NRD,Automatic,Good,Professional dealer,Unknown,Unknown,Other,Japan,Toshimaku,4493.0,,,1,1,1,1
1766792156-2149,Rolex,Lady-Datejust,279174NG,Automatic,Good,Professional dealer,Steel,Unknown,Steel,Japan,Toshimaku,4943.0,,,1,1,1,1
1766792158-2150,Rolex,Daytona,"116515ln
                     
                        (Everose)",Automatic,Good,Professional dealer,Rose gold,Rubber,Rose Gold,Japan,nakano,68652.0,2023.0,1.0,1,1,1,1
1766792160-2151,Rolex,Oyster Perpetual 39,114300,Automatic,Very Good,Partner Certified Included,Steel,Steel,Steel,United States of America,New York,7265.0,,,1,1,1,0
1766792162-2152,Rolex,Oyster Perpetual Lady Date,6516,Automatic,Good,Professional dealer,Steel,Steel,Steel,Japan,Nagoya-city,1728.0,,,1,1,1,1
1766792164-2153,Rolex,Submariner Date,126613lb,Automatic,Very Good,Private Seller,Gold/Steel,Gold/Steel,Gold/Steel,UAE,Unknown,15701.0,2023.0,1.0,1,1,1,0
1766792167-2154,Rolex,Yacht-Master 37,268621,Automatic,Very Good,Private Seller,Rose gold,Gold/Steel,Rose Gold,Spain,Unknown,14274.0,2018.0,6.0,1,1,1,0
1766792169-2155,Rolex,GMT-Master II,"126720VTNR
                     
                        (Sprite)",Automatic,New,Professional dealer,Steel,Steel,Steel,Germany,Koblenz,15026.0,2022.0,2.0,1,1,1,1
1766792171-2156,Rolex,Lady-Datejust,"69173G
                     
                        (Datejust Diamonds)",Unknown,Very Good,Partner Certified Included,Yellow gold and steel,Steel,Gold/Steel,Japan,Chuo-ku,4866.0,,,1,1,1,0
1766792173-2157,Rolex,Daytona,116589,Automatic,Very Good,Professional dealer,White gold,Leather,White Gold,Hong Kong,Kwun Tong,78907.0,,,1,1,1,1
1766792175-2158,Rolex,Lady-Datejust Pearlmaster,81315,Unknown,Very Good,Professional dealer,Unknown,Unknown,Other,Hong Kong,Tsim Sha Tsui,20765.0,,,1,1,1,1
1766792177-2159,Rolex,GMT-Master II,"126720VTNR
                     
                        (Sprite)",Automatic,New,Private Seller,Steel,Steel,Steel,Italy,Unknown,13850.0,2023.0,1.0,1,1,1,0
1766792179-2160,Rolex,Oyster Perpetual 26,"176200
                     
                        (Arabic Dial)",Automatic,Very Good,Professional dealer,Steel,Steel,Steel,United States of America,New York,3488.0,,,1,1,1,1
1766792184-2161,Rolex,Datejust 41,126333,Unknown,Very Good,Professional dealer,Yellow gold,Unknown,Yellow Gold,United States of America,California,15027.0,2018.0,6.0,1,1,1,1
1766792186-2162,Rolex,Oyster Perpetual 26,76080,Automatic,Very Good,Professional dealer,Steel,Steel,Steel,United States of America,New York,2244.0,2005.0,19.0,1,1,1,1
1766792188-2163,Rolex,Milgauss,116400GV,Automatic,New,Private Seller,Steel,Steel,Steel,Italy,Unknown,11705.0,2022.0,2.0,1,1,1,0
1766792190-2164,Rolex,Sea-Dweller,"126600
                     
                        (Sea-Dweller (from 2017))",Automatic,Very Good,Professional dealer,Steel,Steel,Steel,Spain,Madrid,12371.0,2021.0,3.0,1,1,1,1
1766792192-2165,Rolex,GMT-Master II,126710VTNR,Automatic,New,Professional dealer,Steel,Steel,Steel,Spain,Madrid,17129.0,,,1,1,1,1
1766792195-2166,Rolex,Milgauss,116400GV,Automatic,Very Good,Professional dealer,Steel,Steel,Steel,Spain,Madrid,9992.0,2018.0,6.0,1,1,1,1
1766792197-2167,Rolex,Datejust 41,126334,Automatic,Very Good,Private Seller,Steel,Steel,Steel,Austria,Unknown,10276.0,2023.0,1.0,1,1,1,0
1766792199-2168,Rolex,Milgauss,116400GV,Automatic,Very Good,Professional dealer,Steel,Steel,Steel,Spain,Madrid,10468.0,2015.0,9.0,1,1,1,1
1766792202-2169,Rolex,Daytona,"116519LN
                     
                        (Daytona (from 2016))",Automatic,Good,Professional dealer,White gold,Rubber,White Gold,South Korea,Seoul,35998.0,2022.0,2.0,1,1,1,1
1766792204-2170,Rolex,GMT-Master II,"126710BLRO
                     
                        (Pepsi)",Automatic,New,Professional dealer,Steel,Steel,Steel,Spain,Madrid,20935.0,2024.0,0.0,1,1,1,1
1766792206-2171,Rolex,Day-Date 40,228235,Automatic,Good,Professional dealer,Rose gold,Rose gold,Rose Gold,South Korea,Seoul,41483.0,2018.0,6.0,1,1,1,1
1766792208-2172,Rolex,Oyster Perpetual Date,"15200
                     
                        (Oyster Perpetual Vintage)",Automatic,Very Good,Professional dealer,Steel,Steel,Steel,United States of America,Texas,4683.0,1990.0,34.0,1,1,1,1
1766792210-2173,Rolex,GMT-Master II,126711CHNR,Automatic,Very Good,Professional dealer,Steel,Gold/Steel,Steel,United States of America,Texas,18004.0,2020.0,4.0,1,1,1,1
1766792213-2174,Rolex,Datejust II,"116300
                     
                        (Datejust smooth bezel)",Automatic,Unknown,Professional dealer,Steel,Steel,Steel,United States of America,Texas,7428.0,,,1,1,1,1
1766792215-2175,Rolex,Datejust 36,126234,Automatic,New,Professional dealer,White gold,Steel,White Gold,Spain,Madrid,13798.0,2023.0,1.0,1,1,1,1
1766792217-2176,Rolex,Datejust 36,116200,Automatic,Unknown,Professional dealer,Steel,Steel,Steel,United States of America,New York,8138.0,2010.0,14.0,1,1,1,1
1766792219-2177,Rolex,Datejust 36,116200,Automatic,Unknown,Professional dealer,Steel,Steel,Steel,United States of America,New York,7880.0,2010.0,14.0,1,1,1,1
1766792221-2178,Rolex,Datejust 31,"68278
                     
                        (Datejust Diamonds)",Automatic,Unknown,Professional dealer,Yellow gold,Yellow gold,Yellow Gold,United States of America,New York,16865.0,2010.0,14.0,1,1,1,1
1766792223-2179,Rolex,Datejust 31,178240,Automatic,Unknown,Professional dealer,Steel,Steel,Steel,United States of America,New York,6144.0,2010.0,14.0,1,1,1,1
1766792225-2180,Rolex,Datejust 36,"116233
                     
                        (Jubilee)",Automatic,Unknown,Professional dealer,Steel,Yellow gold,Steel,United States of America,New York,8009.0,2010.0,14.0,1,1,1,1
1766792227-2181,Rolex,Submariner (No Date),"114060
                     
                        (Submariner Ceramic Bezel Dark)",Automatic,Good,Professional dealer,Steel,Steel,Steel,Hong Kong,Mong Kok,8202.0,2016.0,8.0,1,1,1,1
1766792229-2182,Rolex,Datejust 36,116234,Automatic,Very Good,Professional dealer,Steel,Steel,Steel,South Korea,Seoul,7486.0,2019.0,5.0,1,1,1,1
1766792232-2183,Rolex,Air King,"116900
                     
                        (Arabic Dial)",Automatic,Very Good,Professional dealer,Steel,Steel,Steel,Sweden,MALMÖ,7042.0,2018.0,6.0,1,1,1,1
1766792234-2184,Rolex,Submariner Date,126613LN,Automatic,Very Good,Private Seller,Gold/Steel,Gold/Steel,Gold/Steel,Switzerland,Unknown,15500.0,2022.0,2.0,1,1,1,0
1766792236-2185,Rolex,Datejust 36,116234,Automatic,Good,Professional dealer,Steel,Steel,Steel,South Korea,Seoul,7486.0,2018.0,6.0,1,1,1,1
1766792238-2186,Rolex,Milgauss,116400GV,Automatic,Good,Professional dealer,Steel,Steel,Steel,France,paris,8564.0,2009.0,15.0,1,1,1,1
1766792240-2187,Rolex,Datejust 31,68278g,Automatic,Good,Professional dealer,Yellow gold,Yellow gold,Yellow Gold,South Korea,Seoul,4800.0,,,1,1,1,1
1766792242-2188,Rolex,Sky-Dweller,"326933
                     
                        (Two-tone)",Automatic,Good,Professional dealer,Gold/Steel,Gold/Steel,Gold/Steel,South Korea,Seoul,15314.0,2021.0,3.0,1,1,1,1
1766792244-2189,Rolex,Datejust 31,278274,Automatic,New,Professional dealer,Steel,Steel,Steel,Belgium,Temse,9792.0,,,1,1,1,1
1766792246-2190,Rolex,Air King,14000,Automatic,Very Good,Professional dealer,Steel,Steel,Steel,Japan,Nagoya City Aichi,3629.0,,,1,1,1,1
1766792249-2191,Rolex,Lady-Datejust,69173G,Automatic,Good,Professional dealer,Gold/Steel,Gold/Steel,Gold/Steel,Japan,Nagoya City Aichi,3580.0,,,1,1,1,1
1766792251-2192,Rolex,Lady-Datejust,69173G,Automatic,Good,Professional dealer,Gold/Steel,Gold/Steel,Gold/Steel,Japan,Nagoya City Aichi,3924.0,,,1,1,1,1
1766792253-2193,Rolex,Oyster Perpetual Lady Date,79160,Automatic,Very Good,Professional dealer,Steel,Steel,Steel,Japan,Nagoya City Aichi,2695.0,,,1,1,1,1
1766792255-2194,Rolex,Lady-Datejust,"69174
                     
                        (Datejust Gold/Steel)",Automatic,Good,Professional dealer,Gold/Steel,Steel,Gold/Steel,Japan,Nagoya City Aichi,3383.0,,,1,1,1,1
1766792257-2195,Rolex,Air King,114200,Automatic,Very Good,Professional dealer,Steel,Steel,Steel,Japan,Nagoya City Aichi,3728.0,,,1,1,1,1
1766792259-2196,Rolex,Yacht-Master 40,126621,Automatic,Very Good,Private Seller,Gold/Steel,Gold/Steel,Gold/Steel,Italy,Unknown,16177.0,2023.0,1.0,1,1,1,0
1766792261-2197,Rolex,Explorer,214270,Unknown,Very Good,Professional dealer,Steel,Unknown,Steel,Japan,Aichi,5997.0,2016.0,8.0,1,1,1,1
1766792263-2198,Rolex,Air King,116900,Unknown,Very Good,Professional dealer,Steel,Unknown,Steel,Japan,Aichi,5503.0,2019.0,5.0,1,1,1,1
1766792265-2199,Rolex,Explorer,224270,Unknown,Very Good,Professional dealer,Steel,Unknown,Steel,Japan,Aichi,6954.0,2023.0,1.0,1,1,1,1
1766792268-2200,Rolex,Day-Date 36,18349BIC,Unknown,Very Good,Professional dealer,Unknown,Unknown,Other,Japan,Aichi,54942.0,1990.0,34.0,1,1,1,1
1766792270-2201,Rolex,Explorer,224270,Unknown,Very Good,Professional dealer,Steel,Unknown,Steel,Japan,Aichi,7369.0,,,1,1,1,1
1766792272-2202,Rolex,Oyster Perpetual Date,"15053
                     
                        (Oyster Perpetual Vintage)",Unknown,Good,Professional dealer,Steel,Unknown,Steel,Japan,Aichi,4790.0,1981.0,43.0,1,1,1,1
1766792274-2203,Rolex,Day-Date 36,"18239A
                     
                        (Day-Date 36mm (up to 2000))",Unknown,Very Good,Professional dealer,White gold,Unknown,White Gold,Japan,Aichi,15160.0,1997.0,27.0,1,1,1,1
1766792276-2204,Rolex,Submariner Date,16610,Automatic,Good,Professional dealer,Steel,Steel,Steel,Turkey,Mersin,7613.0,,,1,1,1,1
1766792280-2206,Rolex,Submariner Date,16610,Automatic,Good,Professional dealer,Steel,Steel,Steel,Turkey,Mersin,8089.0,,,1,1,1,1
1766792282-2207,Rolex,Submariner (No Date),"14060M
                     
                        (Submariner (1990-2010))",Automatic,Good,Professional dealer,Steel,Steel,Steel,Turkey,Mersin,8089.0,,,1,1,1,1
1766792285-2208,Rolex,Datejust 36,1601,Automatic,Very Good,Professional dealer,Steel,Steel,Steel,Italy,Napoli,6185.0,1973.0,51.0,1,1,1,1
1766792289-2210,Rolex,Submariner (No Date),124060,Automatic,New,Professional dealer,Steel,Unknown,Steel,Japan,Tokyo,10324.0,,,1,1,1,1
1766792291-2211,Rolex,Datejust 36,"16013
                     
                        (Datejust Gold/Steel)",Automatic,New,Professional dealer,Gold/Steel,Plastic,Gold/Steel,Japan,gifushi,4296.0,,,1,1,1,1
1766792293-2212,Rolex,Submariner (No Date),124060,Automatic,New,Professional dealer,Steel,Steel,Steel,Japan,gifushi,11119.0,,,1,1,1,1
1766792295-2213,Rolex,Explorer,114270,Automatic,Very Good,Professional dealer,Steel,Steel,Steel,Japan,gifushi,5020.0,,,1,1,1,1
1766792297-2214,Rolex,Submariner Date,116610LN,Automatic,Very Good,Professional dealer,Steel,Steel,Steel,Japan,gifushi,10809.0,,,1,1,1,1
1766792299-2215,Rolex,Submariner Date,16610,Automatic,Very Good,Professional dealer,Steel,Steel,Steel,Japan,gifushi,7651.0,,,1,1,1,1
1766792302-2216,Rolex,Day-Date 36,"118398BR
                     
                        (Chocolate)",Automatic,Very Good,Professional dealer,Yellow gold,Yellow gold,Yellow Gold,Hong Kong,Tsim Sha Tsui,57104.0,,,1,1,1,1
1766792304-2217,Rolex,Land-Dweller,"127235
                     
                        (Everose)",Automatic,New,Professional dealer,Rose gold,Rose gold,Rose Gold,Germany,Köln,42347.0,,,1,1,1,1
1766792306-2218,Rolex,Daytona,"116518LNG
                     
                        (Daytona (from 2016))",Automatic,Fair,Partner Certified Included,Yellow gold,Rubber,Yellow Gold,Japan,Tokyo,34052.0,,,1,1,1,0
1766792308-2219,Rolex,Daytona,116503,Automatic,Good,Partner Certified Included,Steel,Yellow gold,Steel,Japan,Tokyo,17807.0,,,1,1,1,0
1766792310-2220,Rolex,Lady-Datejust,79173 2BR,Automatic,Fair,Partner Certified Included,Steel,Yellow gold,Steel,Japan,Tokyo,8075.0,,,1,1,1,0
1766792312-2221,Rolex,Explorer II,16570,Automatic,Fair,Partner Certified Included,Steel,Steel,Steel,Japan,Tokyo,5694.0,,,1,1,1,0
1766792314-2222,Rolex,Oyster Perpetual Date,15203,Automatic,Fair,Partner Certified Included,Steel,Yellow gold,Steel,Japan,Tokyo,5487.0,,,1,1,1,0
1766792316-2223,Rolex,Submariner Date,126610LN,Automatic,Very Good,Partner Certified Included,Steel,Steel,Steel,Japan,Tokyo,11388.0,,,1,1,1,0
1766792319-2224,Rolex,Daytona,116505,Automatic,Very Good,Professional dealer,Unknown,Unknown,Other,Japan,Kobe city,40804.0,2020.0,4.0,1,1,1,1
1766792321-2225,Rolex,Daytona,116508,Automatic,Very Good,Professional dealer,Unknown,Unknown,Other,Japan,Kobe city,61549.0,2022.0,2.0,1,1,1,1
1766792323-2226,Rolex,Daytona,116508,Automatic,Very Good,Professional dealer,Unknown,Unknown,Other,Japan,Kobe city,58276.0,2018.0,6.0,1,1,1,1
1766792325-2227,Rolex,Datejust 41,"126300
                     
                        (Datejust smooth bezel)",Automatic,Very Good,Professional dealer,Unknown,Unknown,Other,Japan,Kobe city,7812.0,2024.0,0.0,1,1,1,1
1766792327-2228,Rolex,Submariner Date,116610LN,Automatic,Very Good,Professional dealer,Unknown,Unknown,Other,Japan,Kobe city,9081.0,2014.0,10.0,1,1,1,1
1766792329-2229,Rolex,GMT-Master II,"116718LN
                     
                        (GMT-Master II black bezel)",Automatic,Very Good,Professional dealer,Unknown,Unknown,Other,Japan,Kobe city,32243.0,2010.0,14.0,1,1,1,1
1766792331-2230,Rolex,Day-Date 36,"18239A
                     
                        (Day-Date 36mm (up to 2000))",Automatic,Very Good,Professional dealer,Unknown,Unknown,Other,Japan,Kobe city,16634.0,,,1,1,1,1
1766792333-2231,Rolex,GMT-Master II,126711CHNR,Automatic,Very Good,Professional dealer,Unknown,Unknown,Other,Japan,Kobe city,15627.0,2024.0,0.0,1,1,1,1
1766792336-2232,Rolex,Submariner Date,126610LV,Automatic,New,Professional dealer,Unknown,Unknown,Other,Japan,Kobe city,12102.0,2023.0,1.0,1,1,1,1
1766792338-2233,Rolex,Daytona,116508,Automatic,Very Good,Professional dealer,Unknown,Unknown,Other,Japan,Kobe city,58025.0,2018.0,6.0,1,1,1,1
1766792340-2234,Rolex,Cellini Time,"50505
                     
                        (Everose)",Automatic,Very Good,Professional dealer,Rose gold,Leather,Rose Gold,Hong Kong,hongkong,9552.0,,,1,1,1,1
1766792342-2235,Rolex,Oyster Perpetual 31,77080,Automatic,Good,Professional dealer,Steel,Steel,Steel,Japan,Yokohama,3462.0,1999.0,25.0,1,1,1,1
1766792344-2236,Rolex,GMT-Master II,126715CHNR,Automatic,Good,Professional dealer,Rose gold,Rose gold,Rose Gold,Japan,Yokohama,35190.0,,,1,1,1,1
1766792346-2237,Rolex,Datejust 36,116231,Automatic,Good,Professional dealer,Gold/Steel,Gold/Steel,Gold/Steel,France,paris,9992.0,,,1,1,1,1
1766792348-2238,Rolex,Submariner Date,"126613LB
                     
                        (Submariner Gold/Steel)",Automatic,New,Professional dealer,Gold/Steel,Unknown,Gold/Steel,Japan,Osaka city,18434.0,,,1,1,1,1
1766792350-2239,Rolex,Datejust 36,16233,Automatic,Very Good,Professional dealer,Gold/Steel,Gold/Steel,Gold/Steel,United States of America,New York,5441.0,,,1,1,1,1
1766792352-2240,Rolex,Datejust 36,126234,Automatic,Good,Professional dealer,Steel,Steel,Steel,Spain,Inca,9515.0,2020.0,4.0,1,1,1,1
1766792355-2241,Rolex,Datejust Oysterquartz,17000,Quartz,Very Good,Partner Certified Included,Steel,Steel,Steel,Belgium,Bruxelles,6090.0,1991.0,33.0,1,1,1,0
1766792357-2242,Rolex,GMT-Master II,"116710LN
                     
                        (GMT-Master II black bezel)",Automatic,Very Good,Partner Certified Included,Steel,Steel,Steel,Belgium,Antwerp,10230.0,2011.0,13.0,1,1,1,0
1766792359-2243,Rolex,Explorer,"224270
                     
                        (Arabic Dial)",Automatic,Very Good,Partner Certified Included,Steel,Steel,Steel,Belgium,Antwerp,7708.0,,,1,1,1,0
1766792361-2244,Rolex,Lady-Datejust,69173,Automatic,Very Good,Professional dealer,Steel,Gold/Steel,Steel,United States of America,New York,4335.0,,,1,1,1,1
1766792363-2245,Rolex,Lady-Datejust,179384G,Automatic,Very Good,Professional dealer,Unknown,Steel,Other,Japan,Shibuya-ku,9372.0,,,1,1,1,1
1766792365-2246,Rolex,Datejust 36,116234,Automatic,Very Good,Professional dealer,Unknown,Steel,Other,Japan,Shibuya-ku,7613.0,,,1,1,1,1
1766792367-2247,Rolex,Milgauss,116400,Automatic,Very Good,Professional dealer,Unknown,Steel,Other,Japan,Shibuya-ku,6909.0,,,1,1,1,1
1766792369-2248,Rolex,Datejust 36,116233,Automatic,Very Good,Professional dealer,Unknown,Yellow gold,Other,Japan,Shibuya-ku,8493.0,,,1,1,1,1
1766792371-2249,Rolex,Lady-Datejust,69173,Automatic,Very Good,Professional dealer,Steel,Gold/Steel,Steel,United States of America,New York,4335.0,1994.0,30.0,1,1,1,1
1766792374-2250,Rolex,Submariner Date,"126610LN
                     
                        (Submariner Ceramic Bezel Dark)",Automatic,Very Good,Professional dealer,Steel,Steel,Steel,Netherlands,Zoetermeer,12038.0,,,1,1,1,1
1766792376-2251,Rolex,Lady-Datejust,179173,Automatic,New,Professional dealer,Steel,Gold/Steel,Steel,United States of America,Florida,12913.0,2017.0,7.0,1,1,1,1
1766792378-2252,Rolex,Explorer II,"16570
                     
                        (Explorer II 16570 White)",Automatic,Good,Professional dealer,Steel,Steel,Steel,United Kingdom,Sutton,6536.0,2004.0,20.0,1,1,1,1
1766792380-2253,Rolex,Lady-Datejust,69173,Automatic,Very Good,Professional dealer,Steel,Gold/Steel,Steel,United States of America,New York,4626.0,,,1,1,1,1
1766792382-2254,Rolex,Explorer II,226570,Unknown,Very Good,Professional dealer,Steel,Unknown,Steel,UAE,Dubai,9699.0,2024.0,0.0,1,1,1,1
1766792384-2255,Rolex,Oyster Perpetual 26,176200,Automatic,Very Good,Professional dealer,Steel,Steel,Steel,United States of America,New York,3488.0,2009.0,15.0,1,1,1,1
1766792386-2256,Rolex,Lady-Datejust,69173,Automatic,Very Good,Professional dealer,Gold/Steel,Gold/Steel,Gold/Steel,United States of America,New York,5490.0,1994.0,30.0,1,1,1,1
1766792389-2257,Rolex,Lady-Datejust,69278,Automatic,Very Good,Professional dealer,Yellow gold,Yellow gold,Yellow Gold,United States of America,Texas,10059.0,1981.0,43.0,1,1,1,1
1766792391-2258,Rolex,Oyster Perpetual 26,67193,Automatic,Very Good,Professional dealer,Gold/Steel,Gold/Steel,Gold/Steel,United States of America,New York,3488.0,1986.0,38.0,1,1,1,1
1766792393-2259,Rolex,Lady-Datejust,69173,Automatic,Very Good,Professional dealer,Gold/Steel,Gold/Steel,Gold/Steel,United States of America,New York,5732.0,1996.0,28.0,1,1,1,1
1766792395-2260,Rolex,Oyster Perpetual Date,"15010
                     
                        (Oyster Perpetual Vintage)",Automatic,Very Good,Professional dealer,Steel,Steel,Steel,United States of America,New York,4602.0,1981.0,43.0,1,1,1,1
1766792397-2261,Rolex,Oyster Perpetual 26,67193,Automatic,Very Good,Professional dealer,Gold/Steel,Gold/Steel,Gold/Steel,United States of America,New York,2906.0,1987.0,37.0,1,1,1,1
1766792399-2262,Rolex,Lady-Datejust,"69178
                     
                        (Datejust No Numerals)",Automatic,Very Good,Professional dealer,Yellow gold,Yellow gold,Yellow Gold,United States of America,New York,9042.0,1981.0,43.0,1,1,1,1
1766792401-2263,Rolex,Datejust 36,"16233G
                     
                        (Datejust Gold/Steel)",Automatic,Good,Professional dealer,Gold/Steel,Unknown,Gold/Steel,Japan,Yokohama,5901.0,2000.0,24.0,1,1,1,1
1766792403-2264,Rolex,Day-Date 36,"18238NGR
                     
                        (Day-Date 36mm (up to 2000))",Automatic,Good,Professional dealer,Yellow gold,Unknown,Yellow Gold,Japan,Yokohama,19179.0,1993.0,31.0,1,1,1,1
1766792405-2265,Rolex,Yacht-Master,168623,Automatic,Very Good,Professional dealer,Gold/Steel,Unknown,Gold/Steel,Japan,Yokohama,5177.0,2010.0,14.0,1,1,1,1
1766792408-2266,Rolex,Oyster Perpetual Lady Date,69240,Automatic,Very Good,Professional dealer,Steel,Steel,Steel,United States of America,New York,3875.0,1995.0,29.0,1,1,1,1
1766792410-2267,Rolex,Lady-Datejust,"69163
                     
                        (Two-tone)",Automatic,Very Good,Professional dealer,Steel,Gold/Steel,Steel,United States of America,New York,4376.0,1993.0,31.0,1,1,1,1
1766792412-2268,Rolex,Daytona,"116520
                     
                        (Daytona (1988-2015))",Automatic,Very Good,Professional dealer,Steel,Steel,Steel,United States of America,New York,17600.0,2005.0,19.0,1,1,1,1
1766792414-2269,Rolex,Submariner Date,"116610LN
                     
                        (Submariner Ceramic Bezel Dark)",Automatic,Good,Professional dealer,Steel,Steel,Steel,United States of America,Englewood,10092.0,2020.0,4.0,1,1,1,1
1766792416-2270,Rolex,Sky-Dweller,"336934
                     
                        (Jubilee)",Automatic,New,Professional dealer,Steel,Steel,Steel,Monaco,Monaco,23314.0,,,1,1,1,1
1766792418-2271,Rolex,Air King,114210,Automatic,Very Good,Partner Certified Included,Steel,Steel,Steel,United States of America,Michigan,4033.0,,,1,1,1,0
1766792420-2272,Rolex,Datejust II,"116300
                     
                        (Datejust smooth bezel)",Automatic,Very Good,Partner Certified Included,Steel,Steel,Steel,United States of America,Michigan,6455.0,,,1,1,1,0
1766792423-2273,Rolex,Explorer,1016,Automatic,Very Good,Partner Certified Included,Steel,Steel,Steel,United States of America,Michigan,11299.0,,,1,1,1,0
1766792425-2274,Rolex,Submariner Date,16610,Automatic,Very Good,Partner Certified Included,Steel,Steel,Steel,United States of America,Michigan,6455.0,1989.0,35.0,1,1,1,0
1766792427-2275,Rolex,Oyster Perpetual 36,116034,Automatic,Very Good,Partner Certified Included,Steel,Steel,Steel,United States of America,Michigan,4840.0,2010.0,14.0,1,1,1,0
1766792429-2276,Rolex,Explorer II,"16570
                     
                        (Explorer II 16570 White)",Automatic,Very Good,Partner Certified Included,Steel,Steel,Steel,United States of America,Michigan,6455.0,,,1,1,1,0
1766792431-2277,Rolex,Daytona,126518ln,Automatic,New,Professional dealer,Yellow gold,Rubber,Yellow Gold,Monaco,Monaco,47486.0,2023.0,1.0,1,1,1,1
1766792433-2278,Rolex,Sky-Dweller,326238,Automatic,Very Good,Professional dealer,Yellow gold,Rubber,Yellow Gold,Monaco,Monaco,31395.0,2022.0,2.0,1,1,1,1
1766792435-2279,Rolex,Datejust 36,"16234
                     
                        (Jubilee)",Automatic,Very Good,Professional dealer,Steel,Steel,Steel,United States of America,California,6054.0,,,1,1,1,1
1766792437-2280,Rolex,GMT-Master II,"126710BLNR
                     
                        (Batman)",Automatic,Very Good,Professional dealer,Steel,Steel,Steel,United States of America,California,13394.0,,,1,1,1,1
1766792442-2281,Rolex,Datejust 36,"126284RBR
                     
                        (Datejust Diamonds)",Automatic,Very Good,Professional dealer,Steel,Steel,Steel,United States of America,California,14363.0,,,1,1,1,1
1766792444-2282,Rolex,Datejust 31,278245,Automatic,Very Good,Professional dealer,Rose gold,Rose gold,Rose Gold,United States of America,California,25988.0,,,1,1,1,1
1766792446-2283,Rolex,Daytona,"116503
                     
                        (Two-tone)",Automatic,Very Good,Professional dealer,Steel,Gold/Steel,Steel,United States of America,California,19933.0,,,1,1,1,1
1766792448-2284,Rolex,Submariner (No Date),"14060M
                     
                        (Submariner (1990-2010))",Automatic,Very Good,Professional dealer,Steel,Steel,Steel,United States of America,California,8065.0,2000.0,24.0,1,1,1,1
1766792450-2285,Rolex,Day-Date 40,228238,Automatic,New,Professional dealer,Yellow gold,Yellow gold,Yellow Gold,Monaco,Monaco,52337.0,2024.0,0.0,1,1,1,1
1766792453-2286,Rolex,Oyster Perpetual 34,"6580
                     
                        (Oyster Perpetual Vintage)",Automatic,Good,Professional dealer,Steel,Unknown,Steel,United States of America,Georgia,3633.0,1954.0,70.0,1,1,1,1
1766792455-2287,Rolex,Lady-Datejust,179160,Automatic,Very Good,Professional dealer,Steel,Steel,Steel,United States of America,New York,4755.0,2014.0,10.0,1,1,1,1
1766792457-2288,Rolex,Day-Date 36,,Automatic,Good,Professional dealer,White gold,White gold,White Gold,South Korea,Seoul,18725.0,,,1,1,1,1
1766792459-2289,Rolex,GMT-Master II,"126719BLRO
                     
                        (Pepsi)",Automatic,Good,Professional dealer,White gold,White gold,White Gold,United States of America,Englewood,44404.0,2022.0,2.0,1,1,1,1
1766792461-2290,Rolex,Sky-Dweller,"326934
                     
                        (Jubilee)",Automatic,Good,Professional dealer,Steel,Steel,Steel,United States of America,North Carolina,19616.0,2022.0,2.0,1,1,1,1
1766792463-2291,Rolex,Submariner Date,116610LV,Automatic,Good,Professional dealer,Steel,Steel,Steel,United States of America,Englewood,20990.0,2020.0,4.0,1,1,1,1
1766792465-2292,Rolex,Submariner Date,"1680
                     
                        (Submariner Vintage)",Automatic,Very Good,Professional dealer,Steel,Steel,Steel,United States of America,Texas,9018.0,1979.0,45.0,1,1,1,1
1766792467-2293,Rolex,Datejust 31,"278274
                     
                        (Jubilee)",Automatic,Very Good,Professional dealer,Unknown,Unknown,Other,United States of America,Florida,12110.0,2024.0,0.0,1,1,1,1
1766792469-2294,Rolex,Oyster Perpetual 34,114200,Automatic,Very Good,Professional dealer,Steel,Steel,Steel,United States of America,New York,5813.0,,,1,1,1,1
1766792472-2295,Rolex,Oyster Perpetual,3131,Automatic,Good,Professional dealer,Yellow gold,Leather,Yellow Gold,United States of America,Georgia,5248.0,1960.0,64.0,1,1,1,1
1766792478-2298,Rolex,Oyster Perpetual 34,"14203
                     
                        (Two-tone)",Automatic,Very Good,Professional dealer,Gold/Steel,Gold/Steel,Gold/Steel,United States of America,New York,4747.0,1995.0,29.0,1,1,1,1
1766792480-2299,Rolex,Explorer II,"216570
                     
                        (Explorer II 216570 White)",Automatic,Good,Professional dealer,Steel,Steel,Steel,United States of America,Englewood,8476.0,2018.0,6.0,1,1,1,1
1766792484-2301,Rolex,Datejust 41,126333,Automatic,Good,Professional dealer,Gold/Steel,Gold/Steel,Gold/Steel,United States of America,Englewood,13401.0,2024.0,0.0,1,1,1,1
1766792487-2302,Rolex,Yacht-Master,"169622
                     
                        (Yacht-Master 29mm)",Automatic,Very Good,Professional dealer,Steel,Steel,Steel,United States of America,New York,5732.0,1999.0,25.0,1,1,1,1
1766792489-2303,Rolex,Datejust,"78238
                        (Datejust Diamonds)",Automatic,Very Good,Professional dealer,Yellow gold,Yellow gold,Yellow Gold,UAE,Dubai,28196.0,2002.0,22.0,1,1,1,1
1766792493-2305,Rolex,Yacht-Master,169623,Automatic,Very Good,Professional dealer,Gold/Steel,Gold/Steel,Gold/Steel,United States of America,New York,5732.0,2001.0,23.0,1,1,1,1
1766792495-2306,Rolex,,124273/2021,Automatic,Good,Professional dealer,Unknown,Unknown,Other,Hong Kong,Kowloon,8932.0,,,1,1,1,1
1766792497-2307,Rolex,Lady-Datejust,179160,Automatic,Good,Professional dealer,Unknown,Unknown,Other,Hong Kong,Kowloon,4466.0,,,1,1,1,1
1766792499-2308,Rolex,Oyster Perpetual 36,116000,Automatic,Very Good,Professional dealer,Steel,Steel,Steel,United States of America,New York,5627.0,2016.0,8.0,1,1,1,1
1766792502-2309,Rolex,Explorer II,"16570
                     
                        (Explorer II 16570 White)",Automatic,Very Good,Partner Certified Included,Steel,Steel,Steel,Germany,Chemnitz,7089.0,2007.0,17.0,1,1,1,0
1766792504-2310,Rolex,Sky-Dweller,"336933
                     
                        (Two-tone)",Automatic,Good,Professional dealer,Gold/Steel,Gold/Steel,Gold/Steel,Japan,Osaka,19107.0,,,1,1,1,1
1766792506-2311,Rolex,Yacht-Master 37,"268622
                     
                        (Yacht-Master 35mm)",Automatic,Good,Professional dealer,Steel,Steel,Steel,Japan,Osaka,8738.0,,,1,1,1,1
1766792508-2312,Rolex,Submariner Date,126613LB,Automatic,Very Good,Professional dealer,Gold/Steel,Gold/Steel,Gold/Steel,Japan,Osaka,15364.0,,,1,1,1,1
1766792510-2313,Rolex,GMT-Master II,"126710GRNR
                     
                        (Bruce Wayne)",Automatic,Good,Professional dealer,Steel,Steel,Steel,Japan,Osaka,16705.0,,,1,1,1,1
1766792513-2314,Rolex,Datejust 41,"126334
                     
                        (Wimbledon)",Automatic,New,Professional dealer,Steel,Steel,Steel,Spain,Madrid,14274.0,,,1,1,1,1
1766792515-2315,Rolex,Oyster Perpetual Date,"15000
                     
                        (Oyster Perpetual Vintage)",Automatic,Very Good,Professional dealer,Steel,Steel,Steel,United States of America,New York,4683.0,1984.0,40.0,1,1,1,1
1766792517-2316,Rolex,Oyster Perpetual 36,116000,Automatic,Very Good,Professional dealer,Steel,Steel,Steel,United States of America,New York,5942.0,,,1,1,1,1
1766792519-2317,Rolex,Yacht-Master 40,126622,Automatic,Very Good,Professional dealer,Steel,Steel,Steel,Spain,Madrid,13323.0,2021.0,3.0,1,1,1,1
1766792521-2318,Rolex,Datejust II,"116300
                     
                        (Datejust smooth bezel)",Automatic,Very Good,Partner Certified Included,Steel,Steel,Steel,Japan,Osaka,6544.0,2012.0,12.0,1,1,1,0
1766792523-2319,Rolex,Datejust II,"116300
                     
                        (Datejust smooth bezel)",Automatic,Very Good,Partner Certified Included,Steel,Steel,Steel,Japan,Osaka,6641.0,2015.0,9.0,1,1,1,0
1766792525-2320,Rolex,Datejust 36,"16200
                     
                        (Datejust smooth bezel)",Automatic,Very Good,Partner Certified Included,Steel,Steel,Steel,Japan,Tokyo,4461.0,,,1,1,1,0
1766792528-2321,Rolex,Datejust 31,68273G,Automatic,Very Good,Partner Certified Included,Steel,Steel,Steel,Japan,Tokyo,6221.0,,,1,1,1,0
1766792530-2322,Rolex,Milgauss,116400GV,Automatic,Very Good,Professional dealer,Steel,Steel,Steel,Spain,Madrid,9516.0,2009.0,15.0,1,1,1,1
1766792534-2324,Rolex,Sky-Dweller,"326933
                     
                        (Two-tone)",Automatic,Very Good,Partner Certified Included,Gold/Steel,Gold/Steel,Gold/Steel,United States of America,New York,15945.0,2022.0,2.0,1,1,1,0
1766792536-2325,Rolex,Submariner Date,"116610LN
                     
                        (Submariner Ceramic Bezel Dark)",Automatic,Very Good,Professional dealer,Steel,Steel,Steel,Spain,Madrid,11419.0,2015.0,9.0,1,1,1,1
1766792538-2326,Rolex,Submariner Date,116613LB,Automatic,Very Good,Professional dealer,Gold/Steel,Gold/Steel,Gold/Steel,Spain,Madrid,13323.0,2018.0,6.0,1,1,1,1
1766792540-2327,Rolex,Submariner Date,126610lv,Automatic,Very Good,Professional dealer,Steel,Steel,Steel,Spain,Valencia,13560.0,2023.0,1.0,1,1,1,1
1766792542-2328,Rolex,GMT-Master II,16710,Automatic,Fair,Professional dealer,Steel,Steel,Steel,Singapore,Singapore,8249.0,2002.0,22.0,1,1,1,1
1766792544-2329,Rolex,Day-Date 36,"18038
                     
                        (Day-Date 36mm (up to 2000))",Automatic,Very Good,Professional dealer,Yellow gold,Yellow gold,Yellow Gold,United States of America,Georgia,14128.0,1986.0,38.0,1,1,1,1
1766792547-2330,Rolex,Oysterdate Precision,6694,Manual,Fair,Professional dealer,Steel,Leather,Steel,Singapore,Singapore,1934.0,1974.0,50.0,1,1,1,1
1766792549-2331,Rolex,Lady-Datejust,69173,Automatic,Good,Professional dealer,Gold/Steel,Gold/Steel,Gold/Steel,United States of America,Florida,4042.0,1990.0,34.0,1,1,1,1
1766792551-2332,Rolex,Yacht-Master,"169622
                     
                        (Yacht-Master 29mm)",Automatic,Very Good,Professional dealer,Steel,Steel,Steel,United States of America,New York,5328.0,2000.0,24.0,1,1,1,1
1766792553-2333,Rolex,Oyster Perpetual 36,"116000
                     
                        (Arabic Dial)",Automatic,Very Good,Professional dealer,Steel,Steel,Steel,United States of America,New York,5627.0,,,1,1,1,1
1766792555-2334,Rolex,Oyster Perpetual 36,"116000
                     
                        (Arabic Dial)",Automatic,Very Good,Professional dealer,Steel,Steel,Steel,United States of America,New York,5627.0,2009.0,15.0,1,1,1,1
1766792557-2335,Rolex,GMT-Master II,126710GRNR,Automatic,New,Professional dealer,Steel,Steel,Steel,United States of America,New Jersey,18528.0,,,1,1,1,1
1766792559-2336,Rolex,Oyster Perpetual 36,116000,Automatic,Very Good,Professional dealer,Steel,Steel,Steel,United States of America,New York,5942.0,,,1,1,1,1
1766792561-2337,Rolex,GMT-Master II,126710BLNR,Automatic,New,Professional dealer,Steel,Steel,Steel,United States of America,New Jersey,16671.0,,,1,1,1,1
1766792563-2338,Rolex,Lady-Datejust,69173,Automatic,Good,Professional dealer,Gold/Steel,Gold/Steel,Gold/Steel,United States of America,Georgia,4037.0,1986.0,38.0,1,1,1,1
1766792566-2339,Rolex,GMT-Master II,126710BLNR,Automatic,New,Professional dealer,Steel,Steel,Steel,United States of America,New Jersey,16671.0,,,1,1,1,1
1766792568-2340,Rolex,GMT-Master II,126710GRNR,Automatic,Very Good,Partner Certified Included,Steel,Steel,Steel,United States of America,New York,18972.0,,,1,1,1,0
1766792570-2341,Rolex,GMT-Master II,"126719BLRO
                     
                        (Pepsi)",Automatic,Very Good,Professional dealer,White gold,White gold,White Gold,United States of America,Florida,43999.0,2020.0,4.0,1,1,1,1
1766792572-2342,Rolex,Oyster Perpetual 36,116000,Automatic,Very Good,Professional dealer,Steel,Steel,Steel,United States of America,New York,5942.0,,,1,1,1,1
1766792574-2343,Rolex,Oyster,4220,Manual,Very Good,Professional dealer,Steel,Leather,Steel,Spain,Madrid,2374.0,1942.0,82.0,1,1,1,1
1766792577-2344,Rolex,Lady-Datejust,179174,Automatic,Good,Professional dealer,Steel,Steel,Steel,Singapore,Singapore,5942.0,2013.0,11.0,1,1,1,1
1766792579-2345,Rolex,Oyster Perpetual 39,114300,Automatic,Very Good,Professional dealer,Steel,Steel,Steel,United States of America,New York,6717.0,2015.0,9.0,1,1,1,1
1766792581-2346,Rolex,Lady-Datejust,69173,Automatic,Good,Professional dealer,Gold/Steel,Gold/Steel,Gold/Steel,Singapore,Singapore,4724.0,1995.0,29.0,1,1,1,1
1766792583-2347,Rolex,Lady-Datejust,69173,Automatic,Good,Professional dealer,Steel,Gold/Steel,Steel,Singapore,Singapore,4382.0,1993.0,31.0,1,1,1,1
1766792585-2348,Rolex,Sea-Dweller Deepsea,126660,Automatic,Very Good,Partner Certified Included,Steel,Unknown,Steel,United States of America,Massachusetts,11908.0,,,1,1,1,0
1766792587-2349,Rolex,Datejust 36,16233,Automatic,Very Good,Partner Certified Included,Gold/Steel,Gold/Steel,Gold/Steel,Italy,avellino,7030.0,2000.0,24.0,1,1,1,0
1766792589-2350,Rolex,Oyster Perpetual 39,114300,Automatic,Very Good,Professional dealer,Steel,Steel,Steel,United States of America,New York,7121.0,,,1,1,1,1
1766792591-2351,Rolex,Oyster Perpetual 39,114300,Automatic,Very Good,Professional dealer,Steel,Steel,Steel,United States of America,New York,7436.0,2018.0,6.0,1,1,1,1
1766792594-2352,Rolex,Oyster Perpetual 39,114300,Automatic,Very Good,Professional dealer,Steel,Steel,Steel,United States of America,New York,7436.0,2017.0,7.0,1,1,1,1
1766792596-2353,Rolex,Sea-Dweller Deepsea,126660,Automatic,Good,Professional dealer,Steel,Steel,Steel,United States of America,Englewood,10495.0,,,1,1,1,1
1766792598-2354,Rolex,Oyster Perpetual 41,"124300
                     
                        (Red Face)",Automatic,Very Good,Professional dealer,Steel,Steel,Steel,United States of America,New York,7670.0,,,1,1,1,1
1766792600-2355,Rolex,Datejust 41,"126300
                     
                        (Datejust smooth bezel)",Automatic,Good,Professional dealer,Steel,Steel,Steel,Singapore,Singapore,6883.0,2018.0,6.0,1,1,1,1
1766792602-2356,Rolex,Submariner Date,16610LV,Automatic,Good,Professional dealer,Steel,Steel,Steel,Singapore,Singapore,11381.0,2007.0,17.0,1,1,1,1
1766792604-2357,Rolex,Yacht-Master 42,"226658
                     
                        (Yacht-Master rubber strap)",Automatic,Good,Professional dealer,Yellow gold,Rubber,Yellow Gold,United States of America,Englewood,26076.0,2023.0,1.0,1,1,1,1
1766792606-2358,Rolex,Day-Date 40,228235,Automatic,Good,Professional dealer,Rose gold,Rose gold,Rose Gold,United States of America,Englewood,39236.0,2021.0,3.0,1,1,1,1
1766792608-2359,Rolex,Oyster Perpetual,"67180
                     
                        (Arabic Dial)",Automatic,Very Good,Professional dealer,Steel,Steel,Steel,United States of America,New York,3310.0,1998.0,26.0,1,1,1,1
1766792610-2360,Rolex,Datejust II,"116334
                     
                        (Datejust No Numerals)",Automatic,Good,Professional dealer,Steel,Steel,Steel,United States of America,Englewood,8275.0,2010.0,14.0,1,1,1,1
1766792613-2361,Rolex,GMT-Master,1675,Automatic,Very Good,Partner Certified Included,Steel,Steel,Steel,Spain,Madrid,16986.0,1978.0,46.0,1,1,1,0
1766792615-2362,Rolex,Day-Date 36,"118238
                     
                        (Presidential)",Automatic,Good,Professional dealer,Yellow gold,Yellow gold,Yellow Gold,United States of America,Englewood,20990.0,2000.0,24.0,1,1,1,1
1766792617-2363,Rolex,Datejust 41,126334,Automatic,Good,Professional dealer,White gold and steel,Steel,Gold/Steel,United States of America,Englewood,12351.0,2018.0,6.0,1,1,1,1
1766792619-2364,Rolex,Datejust 41,126333,Automatic,Good,Professional dealer,Gold/Steel,Gold/Steel,Gold/Steel,United States of America,Englewood,12836.0,2021.0,3.0,1,1,1,1
1766792621-2365,Rolex,Lady-Datejust,6917,Automatic,Very Good,Professional dealer,Yellow gold,Leather,Yellow Gold,Italy,Novi Ligure,3711.0,,,1,1,1,1
1766792623-2366,Rolex,Datejust 36,"116200
                     
                        (Datejust smooth bezel)",Automatic,Very Good,Professional dealer,Steel,Steel,Steel,United States of America,Miami,5248.0,2007.0,17.0,1,1,1,1
1766792625-2367,Rolex,Datejust 36,16233,Automatic,Good,Professional dealer,Gold/Steel,Gold/Steel,Gold/Steel,United States of America,Willow Grove,6580.0,1989.0,35.0,1,1,1,1
1766792627-2368,Rolex,Day-Date II,218206,Automatic,Fair,Professional dealer,Platinum,Platinum,Platinum,United States of America,Englewood,37945.0,,,1,1,1,1
1766792630-2369,Rolex,Oyster Perpetual 41,124300,Automatic,Very Good,Professional dealer,Steel,Steel,Steel,United States of America,New York,7896.0,2021.0,3.0,1,1,1,1
1766792632-2370,Rolex,Sea-Dweller Deepsea,136668LB,Automatic,Very Good,Professional dealer,Yellow gold,Yellow gold,Yellow Gold,United States of America,Englewood,50862.0,,,1,1,1,1
1766792634-2371,Rolex,Datejust 31,278278,Automatic,Good,Professional dealer,Yellow gold,Yellow gold,Yellow Gold,United States of America,Englewood,32293.0,2020.0,4.0,1,1,1,1
1766792636-2372,Rolex,Oyster Perpetual 41,124300,Automatic,Very Good,Professional dealer,Steel,Steel,Steel,United States of America,New York,7896.0,2023.0,1.0,1,1,1,1
1766792638-2373,Rolex,Lady-Datejust,69173,Automatic,Good,Professional dealer,Gold/Steel,Gold/Steel,Gold/Steel,United States of America,Willow Grove,5248.0,1998.0,26.0,1,1,1,1
1766792640-2374,Rolex,GMT-Master II,116710LN,Automatic,Very Good,Professional dealer,Steel,Steel,Steel,United States of America,California,24216.0,2019.0,5.0,1,1,1,1
1766792642-2375,Rolex,Oyster Perpetual 41,"124300
                     
                        (Red Face)",Automatic,Very Good,Professional dealer,Steel,Steel,Steel,United States of America,New York,7896.0,2022.0,2.0,1,1,1,1
1766792644-2376,Rolex,Oyster Perpetual 41,124300,Automatic,Very Good,Professional dealer,Steel,Steel,Steel,United States of America,New York,7896.0,2021.0,3.0,1,1,1,1
1766792647-2377,Rolex,Oyster Perpetual 41,124300,Automatic,Very Good,Professional dealer,Steel,Steel,Steel,United States of America,New York,7896.0,2021.0,3.0,1,1,1,1
1766792649-2378,Rolex,Submariner Date,16610,Automatic,Fair,Partner Certified Included,Steel,Steel,Steel,United States of America,North Carolina,7024.0,1988.0,36.0,1,1,1,0
1766792651-2379,Rolex,Oyster Perpetual 41,124300,Automatic,Very Good,Professional dealer,Steel,Steel,Steel,United States of America,New York,7896.0,2022.0,2.0,1,1,1,1
1766792653-2380,Rolex,Submariner Date,16610,Automatic,Very Good,Partner Certified Included,Steel,Steel,Steel,United States of America,North Carolina,7185.0,2007.0,17.0,1,1,1,0
1766792655-2381,Rolex,Day-Date 36,"18206
                     
                        (Day-Date smooth bezel)",Automatic,New,Professional dealer,Platinum,Platinum,Platinum,United States of America,Florida,26642.0,1998.0,26.0,1,1,1,1
1766792657-2382,Rolex,Day-Date 36,"18206
                     
                        (Day-Date smooth bezel)",Automatic,New,Professional dealer,Platinum,Platinum,Platinum,United States of America,Florida,26642.0,1998.0,26.0,1,1,1,1
1766792659-2383,Rolex,Datejust 41,126333,Automatic,New,Professional dealer,Gold/Steel,Gold/Steel,Gold/Steel,United States of America,New York,16272.0,,,1,1,1,1
1766792661-2384,Rolex,Sea-Dweller,"126600
                     
                        (Sea-Dweller (from 2017))",Automatic,Very Good,Professional dealer,Steel,Steel,Steel,United States of America,New York,10617.0,,,1,1,1,1
1766792663-2385,Rolex,Yacht-Master 40,116655,Automatic,Very Good,Professional dealer,Rose gold,Rubber,Rose Gold,Portugal,Vila Nova de Gaia,24552.0,2018.0,6.0,1,1,1,1
1766792666-2386,Rolex,Sea-Dweller,"126600
                     
                        (Sea-Dweller (from 2017))",Automatic,Very Good,Professional dealer,Steel,Steel,Steel,United States of America,New York,11085.0,,,1,1,1,1
1766792668-2387,Rolex,Land-Dweller,"127234
                     
                        (Arabic Dial)",Automatic,New,Professional dealer,Steel,Steel,Steel,United States of America,Florida,24866.0,,,1,1,1,1
1766792670-2388,Rolex,Datejust 41,126300,Automatic,Very Good,Professional dealer,Steel,Steel,Steel,United States of America,New York,10342.0,,,1,1,1,1
1766792672-2389,Rolex,Datejust 36,16220,Automatic,Good,Professional dealer,Steel,Steel,Steel,United States of America,Florida,6862.0,2002.0,22.0,1,1,1,1
1766792674-2390,Rolex,Lady-Datejust,"69174
                     
                        (Datejust No Numerals)",Automatic,Very Good,Professional dealer,Steel,Steel,Steel,Italy,FELTRE,5632.0,1991.0,33.0,1,1,1,1
1766792676-2391,Rolex,Yacht-Master 40,116622,Automatic,Very Good,Professional dealer,Steel,Steel,Steel,United States of America,New York,9284.0,,,1,1,1,1
1766792678-2392,Rolex,Oyster Perpetual 39,114300,Automatic,Very Good,Partner Certified Included,Steel,Steel,Steel,United States of America,New York,6455.0,2018.0,6.0,1,1,1,0
1766792681-2393,Rolex,Oyster Perpetual 39,114300,Automatic,Very Good,Partner Certified Included,Steel,Steel,Steel,United States of America,New York,6455.0,2016.0,8.0,1,1,1,0
1766792683-2394,Rolex,Milgauss,116400GV,Automatic,Very Good,Partner Certified Included,Steel,Steel,Steel,United States of America,New York,8392.0,2012.0,12.0,1,1,1,0
1766792685-2395,Rolex,Yacht-Master 40,116622,Automatic,Very Good,Partner Certified Included,Steel,Steel,Steel,United States of America,New York,10201.0,2017.0,7.0,1,1,1,0
1766792687-2396,Rolex,Sea-Dweller Deepsea,116660,Automatic,Very Good,Professional dealer,Steel,Steel,Steel,United States of America,New York,8348.0,2010.0,14.0,1,1,1,1
1766792689-2397,Rolex,Yacht-Master 40,116622,Automatic,Very Good,Partner Certified Included,Steel,Steel,Steel,United States of America,New York,9485.0,2016.0,8.0,1,1,1,0
1766792691-2398,Rolex,Explorer,"214270
                     
                        (Arabic Dial)",Automatic,Very Good,Partner Certified Included,Steel,Steel,Steel,United States of America,New York,6821.0,2018.0,6.0,1,1,1,0
1766792694-2399,Rolex,Sea-Dweller Deepsea,126660,Automatic,Very Good,Professional dealer,Steel,Steel,Steel,United States of America,New York,9244.0,2019.0,5.0,1,1,1,1
1766792696-2400,Rolex,Sea-Dweller Deepsea,126660,Automatic,Very Good,Professional dealer,Steel,Steel,Steel,United States of America,New York,9244.0,2020.0,4.0,1,1,1,1
